actual_stars,predicted_stars,review_text,explanation,success,correct,raw_response
3,4,"I like to call this ""My Basha's"".    On the positive side, the selection of wine and beers is pretty extensive, the produce is fresh with quite a few organic choices.  The natural foods section has a ...","The review highlights several positive aspects, including the extensive wine and beer selection, fresh produce, and pleasant surprises in the natural foods section, but also mentions some mixed experiences with service in the meat section.",True,False,"{""predicted_stars"": 4, ""explanation"": ""The review highlights several positive aspects, including the extensive wine and beer selection, fresh produce, and pleasant surprises in the natural foods section, but also mentions some mixed experiences with service in the meat section.""}"
1,1,"This place was the worst place to EVER live! I lived here from Aug 2010 to may 2011, i was always in the office see when the grates would be fixed?? the office always gave me the run around very rude....","The review expresses extreme dissatisfaction with the living experience, citing numerous issues with the property, management, and billing, indicating a terrible experience.",True,True,"{""predicted_stars"": 1, ""explanation"": ""The review expresses extreme dissatisfaction with the living experience, citing numerous issues with the property, management, and billing, indicating a terrible experience.""}"
1,2,I dont understand how a second restaurant was opened on Tatum . My husband and gave these place too many chances and wach time the food was not impressive. The margaritas come from a stolen recipe fro...,"The reviewer expresses disappointment and frustration with the food quality, suggesting it's not impressive, and implies the restaurant lacks quality, which is a significant complaint, leading to a 2-star rating.",True,False,"{""predicted_stars"": 2, ""explanation"": ""The reviewer expresses disappointment and frustration with the food quality, suggesting it's not impressive, and implies the restaurant lacks quality, which is a significant complaint, leading to a 2-star rating.""}"
4,4,"Awesome Donuts! 

The only thing is, I was expecting the light fluffy glazed that Krispy Kreme has. This is not the same. HOWEVER these donuts are homemade delicious and why not support small business...","The reviewer expresses overall satisfaction with the food quality, service, and value, but mentions a minor issue with not meeting their expectations for a specific type of donut, and some group members had mixed opinions.",True,True,"{""predicted_stars"": 4, ""explanation"": ""The reviewer expresses overall satisfaction with the food quality, service, and value, but mentions a minor issue with not meeting their expectations for a specific type of donut, and some group members had mixed opinions.""}"
4,5,Our visit to Scottsdale brought us into Fountain Hills to look for a home. While we were there we decided to look at the beautiful fountain we heard so much about. That's when we happened upon this pl...,"The review is extremely positive, using phrases like 'fantastic', 'delicious', and 'made us want to move here even more', indicating a highly exceptional experience.",True,False,"{
  ""predicted_stars"": 5,
  ""explanation"": ""The review is extremely positive, using phrases like 'fantastic', 'delicious', and 'made us want to move here even more', indicating a highly exceptional experience.""
}"
3,3,"My niece want to go here for her birthday, on a Friday night.  The wait was about 30 min.  

The onion blossom was not as crispy as I remember but still pretty good. Its horseradish sauce was stronger...","The review highlights some minor issues with food quality, such as underwhelming taste and overcooked steak, but also mentions some positives, like good service and a satisfying dessert.",True,True,"{
  ""predicted_stars"": 3,
  ""explanation"": ""The review highlights some minor issues with food quality, such as underwhelming taste and overcooked steak, but also mentions some positives, like good service and a satisfying dessert.""
}"
2,2,"Possibly the creepiest convenience store I have ever been to.  I mean, it's sandwiched between a strip mall and a giant dirt lot....","The review expresses a strongly negative sentiment towards the store's ambiance, using words like 'creepiest' and describing its location in a negative light, indicating a poor experience.",True,True,"{""predicted_stars"": 2, ""explanation"": ""The review expresses a strongly negative sentiment towards the store's ambiance, using words like 'creepiest' and describing its location in a negative light, indicating a poor experience.""}"
5,1,Tried going there for my 1st visit and they were closed during hours they were supposed to be open.  Have tried calling them a few times during normal business hours and did not get anyone to pickup. ...,"The reviewer had a terrible experience due to the restaurant being closed during supposed business hours and unresponsive phone calls, indicating a complete failure in service and overall experience.",True,False,"{
  ""predicted_stars"": 1,
  ""explanation"": ""The reviewer had a terrible experience due to the restaurant being closed during supposed business hours and unresponsive phone calls, indicating a complete failure in service and overall experience.""
}"
5,5,"I just stopped at Biagio nail place today and got my mani and pedi done, it was fabulous. Tiffany gave me great feet and my neck massage. She does really job. The shellac manicure was really nice she ...","The review is highly positive, using words like 'fabulous', 'great', and 'very happy', indicating an exceptional experience with excellent service and quality.",True,True,"{""predicted_stars"": 5, ""explanation"": ""The review is highly positive, using words like 'fabulous', 'great', and 'very happy', indicating an exceptional experience with excellent service and quality.""}"
2,2,Love the coffee not thrilled about my service. Of the 4-3 times I have been in the barista has never been behind the counter ready to serve me.  Every time that I have walked in they follow me off the...,"The reviewer expresses disappointment with the service, citing unavailability of the barista and perceived laziness, but mentions enjoying the coffee, indicating a mixed experience.",True,True,"{""predicted_stars"": 2, ""explanation"": ""The reviewer expresses disappointment with the service, citing unavailability of the barista and perceived laziness, but mentions enjoying the coffee, indicating a mixed experience.""}"
2,1,burgers were terribly unoriginal.  french fries came strait out of the safeway freezer section.  the guy working was so hungover it was kind of sad to watch....,"The review expresses strong negative sentiments towards the food quality and service, with phrases like 'terribly unoriginal', 'straight out of the Safeway freezer section', and 'so hungover it was kind of sad to watch', indicating a terrible experience.",True,False,"{""predicted_stars"": 1, ""explanation"": ""The review expresses strong negative sentiments towards the food quality and service, with phrases like 'terribly unoriginal', 'straight out of the Safeway freezer section', and 'so hungover it was kind of sad to watch', indicating a terrible experience.""}"
5,5,"Beautiful restaurant! Terrrific service! 

Wonderful, fresh and authentic cuisine - what more can I say but don't miss the Carpaccio!...","The review uses highly positive language, mentioning 'beautiful', 'terrific', and 'wonderful' to describe the restaurant, service, and food, indicating an exceptional experience.",True,True,"{""predicted_stars"": 5, ""explanation"": ""The review uses highly positive language, mentioning 'beautiful', 'terrific', and 'wonderful' to describe the restaurant, service, and food, indicating an exceptional experience.""}"
5,5,"Great views, great food, great service and great atmosphere!  We thoroughly enjoyed our dinner here and couldn't believe the neighborhood special - 3 courses for $35!

The split pea soup was amazing a...","The review is highly positive, mentioning 'great' views, food, service, and atmosphere, with specific praise for the food and value, indicating an exceptional experience.",True,True,"{
  ""predicted_stars"": 5,
  ""explanation"": ""The review is highly positive, mentioning 'great' views, food, service, and atmosphere, with specific praise for the food and value, indicating an exceptional experience.""
}"
2,2,"Successfully blending the idea of bar food and airline food into one very disappointing meal. A poor choice for breakfast due to mealy/watery eggs, cold potatoes and bland salsa. Even the grapefruit j...","The review expresses disappointment with the food quality, specifically mentioning mealy/watery eggs, cold potatoes, and bland salsa, indicating a poor dining experience.",True,True,"{
  ""predicted_stars"": 2,
  ""explanation"": ""The review expresses disappointment with the food quality, specifically mentioning mealy/watery eggs, cold potatoes, and bland salsa, indicating a poor dining experience.""
}"
5,5,Delish & authentic! The serving was generous (meat combo fed 2). The injera was good (not too thick/doughy). Spicy and yummy. I would like to return and experience their coffee ceremony....,"The review is highly positive, mentioning 'delish & authentic', 'generous serving', and 'yummy' food, indicating exceptional food quality and overall experience.",True,True,"{
  ""predicted_stars"": 5,
  ""explanation"": ""The review is highly positive, mentioning 'delish & authentic', 'generous serving', and 'yummy' food, indicating exceptional food quality and overall experience.""
}"
5,5,There is something for everyone on the menu. It's more than pizza. The service is great. Get a table on the terrace and you get the view of the park and fountain. I will keep going back....,"The review highlights the restaurant's diverse menu, excellent service, and pleasant ambiance, with no negative comments, indicating a highly positive experience.",True,True,"{
  ""predicted_stars"": 5,
  ""explanation"": ""The review highlights the restaurant's diverse menu, excellent service, and pleasant ambiance, with no negative comments, indicating a highly positive experience.""
}"
2,2,"Not good.
Very bland Thai food, ugh, the two words do not belong together, bland and Thai!
The Peanut sauce was the worst ever.
The Pad Thai and Tom Ka Gai soup were blech.
Fresh rolls large but no fl...","The reviewer expresses strong dissatisfaction with the food quality, using words like 'bland', 'worst ever', and 'blech', but mentions decent service, indicating a poor overall experience.",True,True,"{
  ""predicted_stars"": 2,
  ""explanation"": ""The reviewer expresses strong dissatisfaction with the food quality, using words like 'bland', 'worst ever', and 'blech', but mentions decent service, indicating a poor overall experience.""
}"
4,4,"There have to be some considerations made when attending Frank and Lupe's: First off, you have to understand that it's not GREAT Mexican food. That is to say, it's not real high quality, but more of w...","The reviewer highlights several minor issues with service and food quality, but their enthusiasm for the food, particularly the enchiladas and sopapillas, outweighs these concerns, resulting in a generally positive review.",True,True,"{""predicted_stars"": 4, ""explanation"": ""The reviewer highlights several minor issues with service and food quality, but their enthusiasm for the food, particularly the enchiladas and sopapillas, outweighs these concerns, resulting in a generally positive review.""}"
3,3,"The people who are either stocking the shelves, cleaning the floors, or behind the counter have all been polite so far. I have nothing really bad to say, but nothing really great either. Keep perserve...","The review expresses a neutral tone with no significant complaints or exceptional praise, indicating an average experience.",True,True,"{
  ""predicted_stars"": 3,
  ""explanation"": ""The review expresses a neutral tone with no significant complaints or exceptional praise, indicating an average experience.""
}"
2,3,"Two stars for bad service and, damn, I have to the tell the truth, a lousy appetizer.  Had the braised leeks to start, which appeared to have been made less of leeks and more of a white cheese that I ...","The reviewer had mixed experiences with both good and bad aspects, including poor service and a subpar appetizer, but also enjoyed some dishes and appreciated the unique wine selection, indicating an average experience.",True,False,"{""predicted_stars"": 3, ""explanation"": ""The reviewer had mixed experiences with both good and bad aspects, including poor service and a subpar appetizer, but also enjoyed some dishes and appreciated the unique wine selection, indicating an average experience.""}"
4,4,"Want a unique date night?  Craving for something to do on your own?  Want to have an avenue to express your inner artistic abilities?  OK, here you go!

Very interesting concept: Pick a piece of potte...","The reviewer had a generally positive experience with the unique concept, good ambiance, and potential for a keepsake or gift, but was negatively impacted by an intrusive studio helper, resulting in a 1-star deduction.",True,True,"{""predicted_stars"": 4, ""explanation"": ""The reviewer had a generally positive experience with the unique concept, good ambiance, and potential for a keepsake or gift, but was negatively impacted by an intrusive studio helper, resulting in a 1-star deduction.""}"
1,1,One stop has one goal and that is to get the $80. diagnosis fee and split.  Francisco told me i needed to spend over $1300. for parts the manufacturer only charges $316 for. Stay away! I intend to fil...,"The review expresses extreme dissatisfaction with the service, citing a high diagnosis fee and incorrect pricing information, leading to a strong negative sentiment and a recommendation to avoid the establishment.",True,True,"{
  ""predicted_stars"": 1,
  ""explanation"": ""The review expresses extreme dissatisfaction with the service, citing a high diagnosis fee and incorrect pricing information, leading to a strong negative sentiment and a recommendation to avoid the establishment.""
}"
4,5,"This place is GREAT! I must have passed it a million times without knowing that it was tucked away in the complex. The sushi was awesome, the drinks were very reasonabally priced, we loved the decor a...","The review is highly positive, using phrases like 'GREAT', 'awesome', 'great', and 'we will definitely be going back', indicating an exceptional experience in all aspects, including food quality, service, ambiance, and value.",True,False,"{""predicted_stars"": 5, ""explanation"": ""The review is highly positive, using phrases like 'GREAT', 'awesome', 'great', and 'we will definitely be going back', indicating an exceptional experience in all aspects, including food quality, service, ambiance, and value.""}"
3,2,"Great food, bad service. Does anyone speak english in here?...","The reviewer mentions 'Great food', indicating a positive aspect, but expresses frustration with the service, specifically the language barrier, which outweighs the positive comment.",True,False,"{
  ""predicted_stars"": 2,
  ""explanation"": ""The reviewer mentions 'Great food', indicating a positive aspect, but expresses frustration with the service, specifically the language barrier, which outweighs the positive comment.""
}"
2,2,"So the place has Christmas lights, and a fair amount of ambiance, and supposedly there's a shirtless shot at 1:00 - which might make going back worth it.  Other than that, the service was less than la...","The review expresses significant complaints about service and food quality, with only a minor positive mention of ambiance and a potential unique experience.",True,True,"{""predicted_stars"": 2, ""explanation"": ""The review expresses significant complaints about service and food quality, with only a minor positive mention of ambiance and a potential unique experience.""}"
2,2,i think reviews for this place are based on happy hour experiences. the food was SHOCKINGLY hot and fast out the kitchen. methinks there's some heavy microwave usage going on. the interior of the rest...,"The reviewer expresses significant complaints about the food quality and value, while mentioning some positive aspects about the service and ambiance, but ultimately recommends alternative options.",True,True,"{
  ""predicted_stars"": 2,
  ""explanation"": ""The reviewer expresses significant complaints about the food quality and value, while mentioning some positive aspects about the service and ambiance, but ultimately recommends alternative options.""
}"
3,4,"Ok, they should be happy that I am understanding of the flying bug that landed in my dessert and died before it was served.  Yes, I found it as I was eating the dessert, grossed me out, but not necess...","The reviewer had a minor issue with a dead bug in their dessert, but the manager's prompt apology and resolution led to a positive outcome, outweighing the initial negative experience.",True,False,"{""predicted_stars"": 4, ""explanation"": ""The reviewer had a minor issue with a dead bug in their dessert, but the manager's prompt apology and resolution led to a positive outcome, outweighing the initial negative experience.""}"
2,4,"Had a fun UYE get-together with Brian S. & Norm R. today to give this little Venezuelan cafe a try.  I had a Carne Esmechada Patacon, which is a sandwich with slices of plantain for the top & bottom, ...","The reviewer found the food to be good, but had some issues with the value, mentioning that it was overpriced for a full meal. However, the overall tone is positive and constructive, indicating a good experience with minor issues.",True,False,"{""predicted_stars"": 4, ""explanation"": ""The reviewer found the food to be good, but had some issues with the value, mentioning that it was overpriced for a full meal. However, the overall tone is positive and constructive, indicating a good experience with minor issues.""}"
4,4,Good food and freindly staff. They have a nice selection on the menu. After seeing the table next to me I wish I'd of had the house specialty....blueberry pancakes. Next time...........,"The reviewer mentions good food and friendly staff, indicating a positive experience, but also expresses a minor regret about not ordering the house specialty, which suggests a minor issue.",True,True,"{""predicted_stars"": 4, ""explanation"": ""The reviewer mentions good food and friendly staff, indicating a positive experience, but also expresses a minor regret about not ordering the house specialty, which suggests a minor issue.""}"
4,4,"I love this outdoor mall.  It's clean, it's open and has a wonderful restaurant selection.  It doesn't have a huge amount of stores but the stores it does have fits the bill. Now that it has J Crew li...","The review is generally positive, mentioning the mall's cleanliness, restaurant selection, and dog-friendliness, but also expresses a minor complaint about the lack of a specific store and a neutral tone towards the overall shopping experience.",True,True,"{""predicted_stars"": 4, ""explanation"": ""The review is generally positive, mentioning the mall's cleanliness, restaurant selection, and dog-friendliness, but also expresses a minor complaint about the lack of a specific store and a neutral tone towards the overall shopping experience.""}"
1,1,"10:30pm on a Saturday night.  My friend and I try our second attempt at sushi for the night (see my review of Pearl for the first).  Place is hopping.  We take a seat at the sushi bar.

The Waitress: ...","The review is extremely negative, with strong complaints about the service, including rude behavior from the waitress, long wait times, and incorrect change. The reviewer also expresses disappointment with the waitress's attitude, which ruined the atmosphere of the restaurant.",True,True,"{""predicted_stars"": 1, ""explanation"": ""The review is extremely negative, with strong complaints about the service, including rude behavior from the waitress, long wait times, and incorrect change. The reviewer also expresses disappointment with the waitress's attitude, which ruined the atmosphere of the restaurant.""}"
1,1,"What ever you do don't waste your money here.  I am not the person who likes to send food back, in fact I hate to do it.  I had no choice here, this was by far the worst mexican food I have eaten.  Th...","The review is extremely negative, mentioning 'worst mexican food', 'horrible after taste', and 'wouldn't even recommend this place to my enemies', indicating a terrible experience.",True,True,"{
  ""predicted_stars"": 1,
  ""explanation"": ""The review is extremely negative, mentioning 'worst mexican food', 'horrible after taste', and 'wouldn't even recommend this place to my enemies', indicating a terrible experience.""
}"
2,2,Last summer when I was in AZ I ate here a few times and it was always great!  I love the pulled pork sandwich.  I ate here while I had family in town a few weeks ago and it was nothing like it used to...,"The reviewer had a positive experience in the past but was disappointed with the current state of the restaurant, citing issues with food quality and selection, which outweighs any remaining positives.",True,True,"{""predicted_stars"": 2, ""explanation"": ""The reviewer had a positive experience in the past but was disappointed with the current state of the restaurant, citing issues with food quality and selection, which outweighs any remaining positives.""}"
2,3,"Personally, I used to come here a lot more often than I do.  I've noticed, what I feel to be, a rather slide in the quality in the food.  The carne asada burrito I recently got tasted okay, but the me...","The reviewer mentions a decline in food quality, but still gives a neutral rating due to the restaurant's past history and a willingness to give them another chance.",True,False,"{""predicted_stars"": 3, ""explanation"": ""The reviewer mentions a decline in food quality, but still gives a neutral rating due to the restaurant's past history and a willingness to give them another chance.""}"
4,5,"Lame joke alert :
Okay, I think I have switched over to Switch , I am finally making a switch to Switch  whew almost over , after you try Switch you'll never switch.  And done.

Thanks for letting me ...","The reviewer uses highly positive language to describe their experience, mentioning a 'delightful' lunch, a 'helpful' and 'courteous' server, and 'great' food, indicating an exceptional experience.",True,False,"{""predicted_stars"": 5, ""explanation"": ""The reviewer uses highly positive language to describe their experience, mentioning a 'delightful' lunch, a 'helpful' and 'courteous' server, and 'great' food, indicating an exceptional experience.""}"
3,3,"I'm always on the lookout for a morning coffee place  and decided to stop at the Coffee Bean. Since I am always interested in trying new places, it looked inviting and clean, and was close to where I ...","The review is neutral, mentioning both positive aspects (clean, inviting, ample seating) and lack of uniqueness, indicating an average experience.",True,True,"{""predicted_stars"": 3, ""explanation"": ""The review is neutral, mentioning both positive aspects (clean, inviting, ample seating) and lack of uniqueness, indicating an average experience.""}"
4,4,"I went to Khai Hoan yesterday and ordered the rare beef pho.  Now, this is the first time I have had pho before and I would say it is much like a glorified bowl of Ramen Noodles.  That said, it was go...","The reviewer had a generally positive experience with some minor complaints, praising the appetizers, service, and ambiance, but expressing a neutral opinion about the pho.",True,True,"{""predicted_stars"": 4, ""explanation"": ""The reviewer had a generally positive experience with some minor complaints, praising the appetizers, service, and ambiance, but expressing a neutral opinion about the pho.""}"
4,4,"I have not liked one bar at all in Scottsdale, AZ. This was the first one! A semblance of a normal crowd. We ended up talking with some weirdo local chick, thought they were trying to do some kind of ...","The reviewer had a generally positive experience, mentioning a 'semblance of a normal crowd', friendly people, and good karaoke, but also had some negative interactions and unclear references to the establishment's reputation.",True,True,"{""predicted_stars"": 4, ""explanation"": ""The reviewer had a generally positive experience, mentioning a 'semblance of a normal crowd', friendly people, and good karaoke, but also had some negative interactions and unclear references to the establishment's reputation.""}"
5,5,"This place has amazing frozen yogurt! I had the strawberry with small pieces of fresh strawberries! It was a wonderful treat in this heat, since it's yogurt and not ice cream, it's a little bit health...","The review is highly positive, mentioning 'amazing' frozen yogurt and a 'wonderful treat', indicating exceptional food quality and overall experience.",True,True,"{""predicted_stars"": 5, ""explanation"": ""The review is highly positive, mentioning 'amazing' frozen yogurt and a 'wonderful treat', indicating exceptional food quality and overall experience.""}"
2,1,"i'd rather go to amado's!

the only thing that's good here is the bean dip, and i'm only saying that so that i have something nice to say....","The review expresses extreme dissatisfaction with the restaurant, mentioning that the only positive aspect is the bean dip, and even that is said with sarcasm, indicating a terrible experience.",True,False,"{""predicted_stars"": 1, ""explanation"": ""The review expresses extreme dissatisfaction with the restaurant, mentioning that the only positive aspect is the bean dip, and even that is said with sarcasm, indicating a terrible experience.""}"
2,2,"I've been to three Pizza Picazzo locations, and this one absolutely blew,. The reason? Service with a capital S. I invited a very large group out to lunch (made reservations the day before).  The wait...","The reviewer had a poor experience due to extremely negative service, but mentioned that the food was good, which slightly mitigates the overall rating.",True,True,"{
  ""predicted_stars"": 2,
  ""explanation"": ""The reviewer had a poor experience due to extremely negative service, but mentioned that the food was good, which slightly mitigates the overall rating.""
}"
5,4,"Their frozen drinks carried me through last summer. They have free air (for your tires) and water (for the radiator) at every location I've ever been to. Their hot sandwiches, though greasy, aren't TO...","The reviewer expresses strong positives about the food quality, service, and value, but mentions minor issues with the greasiness of the hot sandwiches, indicating a good experience with minor issues.",True,False,"{""predicted_stars"": 4, ""explanation"": ""The reviewer expresses strong positives about the food quality, service, and value, but mentions minor issues with the greasiness of the hot sandwiches, indicating a good experience with minor issues.""}"
1,2,I can overcome the hipster sneer and accept that I am an uncool blemish in a world full of cut-off corduroys and patterned leggings. What I cannot and will not get over is an unapologetic staff whose ...,"The reviewer expresses significant frustration and disappointment with the service, particularly the staff's handling of the order mishap, which led to a negative dining experience despite the food quality not being explicitly criticized.",True,False,"{""predicted_stars"": 2, ""explanation"": ""The reviewer expresses significant frustration and disappointment with the service, particularly the staff's handling of the order mishap, which led to a negative dining experience despite the food quality not being explicitly criticized.""}"
1,2,"I went today to meet my daughter for lunch.  We are both big sushi enthusiasts.  The interior and atmosphere was beautiful.  Well appointed.
The service was excellent.  We ordered edamame, was good......","The reviewer had a mixed experience with excellent service and ambiance, but poor food quality and high prices, leading to a generally negative review.",True,False,"{
  ""predicted_stars"": 2,
  ""explanation"": ""The reviewer had a mixed experience with excellent service and ambiance, but poor food quality and high prices, leading to a generally negative review.""
}"
4,4,"Not much to write here. I always park on the Sears (upper level) side when I visit Chandler mall. My last visit to the mall, I ended up buying a luggage set on sale at Sears. The cashier was helpful a...","The review expresses a positive experience with helpful service, but lacks detailed information about food quality, ambiance, and value, resulting in a 4-star rating due to minor issues not being mentioned.",True,True,"{""predicted_stars"": 4, ""explanation"": ""The review expresses a positive experience with helpful service, but lacks detailed information about food quality, ambiance, and value, resulting in a 4-star rating due to minor issues not being mentioned.""}"
5,5,"The best fish tacos, period!  And I hate chain restaurants!...","The review uses highly positive language, specifically stating that the fish tacos are 'the best', indicating an exceptional experience with no negative comments about service, ambiance, or value.",True,True,"{
  ""predicted_stars"": 5,
  ""explanation"": ""The review uses highly positive language, specifically stating that the fish tacos are 'the best', indicating an exceptional experience with no negative comments about service, ambiance, or value.""
}"
1,2,"Love the idea - vegan Mexican. Have tried to eat there twice. Both times checked their FB page for hours, both times they were closed. Called their phone number, no one answered. No sign, no explanati...","The reviewer expresses frustration with the restaurant's inconsistent hours and poor communication, indicating a poor experience, but does not mention anything about the food quality, service, or ambiance.",True,False,"{""predicted_stars"": 2, ""explanation"": ""The reviewer expresses frustration with the restaurant's inconsistent hours and poor communication, indicating a poor experience, but does not mention anything about the food quality, service, or ambiance.""}"
1,1,"And then it all changed...

I think this is my very first review that has been demoted to 1 star after being on the coveted 5 star for a long time. 

So, where do I start. After feeling dog sick for a...","The review expresses extreme dissatisfaction with the service, wait times, and medical care received, indicating a terrible experience.",True,True,"{""predicted_stars"": 1, ""explanation"": ""The review expresses extreme dissatisfaction with the service, wait times, and medical care received, indicating a terrible experience.""}"
4,5,"i love this place and their food!
what i mainly love is that their prices are extremely reasonable now so i can go more often.
their steaks are very good as are their ribs and chicken
as for appetizer...","The reviewer uses highly positive language throughout the review, mentioning 'love' multiple times, and highlights exceptional aspects such as food quality, service, and value.",True,False,"{
  ""predicted_stars"": 5,
  ""explanation"": ""The reviewer uses highly positive language throughout the review, mentioning 'love' multiple times, and highlights exceptional aspects such as food quality, service, and value.""
}"
3,2,"I am not happy with Sprinkles, but I can't really subtract stars because I make better cupcakes than they do.  Let me first start with the location.  It's very stupid.  Very easy to miss and it blends...","The reviewer expresses significant dissatisfaction with the food quality, ambiance, and overall experience, but acknowledges some redeeming qualities, indicating a mediocre rating.",True,False,"{""predicted_stars"": 2, ""explanation"": ""The reviewer expresses significant dissatisfaction with the food quality, ambiance, and overall experience, but acknowledges some redeeming qualities, indicating a mediocre rating.""}"
3,3,"I have never been into soul food per se, but my husband woke up craving some chicken and waffles, and well, you can guess where we ended up. We were so pumped that there was Kool Aid on the menu, so w...","The reviewer had a generally positive experience with decent service and some enjoyable dishes, but also mentioned some minor issues with the mac and cheese and a somewhat conditional return due to their husband's enthusiasm.",True,True,"{
  ""predicted_stars"": 3,
  ""explanation"": ""The reviewer had a generally positive experience with decent service and some enjoyable dishes, but also mentioned some minor issues with the mac and cheese and a somewhat conditional return due to their husband's enthusiasm.""
}"
5,5,"I violated my rule of avoiding grocery shopping while hungry and decided to venture over to Whole Foods.  Whole Foods tends to be the indecisive individual's nightmare (that would be me).  Yet, this s...","The reviewer uses highly positive language to describe their experience at Whole Foods, praising the store's organization, variety of products, and food quality, with no significant complaints mentioned.",True,True,"{""predicted_stars"": 5, ""explanation"": ""The reviewer uses highly positive language to describe their experience at Whole Foods, praising the store's organization, variety of products, and food quality, with no significant complaints mentioned.""}"
1,2,"Had some time to kill before the Ultimate pleY Date Yelp event, and I'd wanted to share my love of Nobuo's Dark chocolate mousse with green tea ice cream and sugared orange peels with my happy-go-luck...","The reviewer expresses disappointment and frustration with the service, particularly the server's attitude, and the sub-par quality of the dessert, outweighing any positive aspects of their experience.",True,False,"{""predicted_stars"": 2, ""explanation"": ""The reviewer expresses disappointment and frustration with the service, particularly the server's attitude, and the sub-par quality of the dessert, outweighing any positive aspects of their experience.""}"
4,4,"Food is great, but they use to let you get the happy hour specials for take out, but not anymore. I love their prime rib burger, if you have a few extra bucks to spend on the best burger in the world ...","The reviewer praises the food quality, specifically mentioning a favorite dish, but expresses disappointment with a change in policy regarding happy hour specials for take out, indicating a minor issue.",True,True,"{
  ""predicted_stars"": 4,
  ""explanation"": ""The reviewer praises the food quality, specifically mentioning a favorite dish, but expresses disappointment with a change in policy regarding happy hour specials for take out, indicating a minor issue.""
}"
3,3,"Went here on Wednesday to take advantage of the $30 certificate. It was quite busy, which probably shouldn't of been a shock, location and all, so had to wait awhile but that is the risk of not gettin...","The reviewer had a mixed experience with some positive aspects like the happy hour prices, friendly service, and communal seating, but was disappointed with the show and had minor issues with the food quality, making it an average experience.",True,True,"{""predicted_stars"": 3, ""explanation"": ""The reviewer had a mixed experience with some positive aspects like the happy hour prices, friendly service, and communal seating, but was disappointed with the show and had minor issues with the food quality, making it an average experience.""}"
2,1,"I've been back a few times since the last review but the most notable was to see DJ Z-Trip. He was awesome, no complaints there.

Bar Smith though? They failed on so many levels. 

I got there sometim...","The reviewer expresses extreme dissatisfaction with their experience at Bar Smith, citing long wait times, poor event management, and subpar conditions, leading to a complete negative experience.",True,False,"{""predicted_stars"": 1, ""explanation"": ""The reviewer expresses extreme dissatisfaction with their experience at Bar Smith, citing long wait times, poor event management, and subpar conditions, leading to a complete negative experience.""}"
4,4,"Good food, decent price and a southwestern atmosphere. 

The food is decidedly better than the decor, but then again I've never been big on the southwestern look. Something about Antlers above my head...","The reviewer praises the food quality, recommends specific dishes, and finds good value, but criticizes the ambiance, indicating a generally positive but not exceptional experience.",True,True,"{""predicted_stars"": 4, ""explanation"": ""The reviewer praises the food quality, recommends specific dishes, and finds good value, but criticizes the ambiance, indicating a generally positive but not exceptional experience.""}"
3,4,"clean store, good parking - decent prices too with the gas points savings is a nice bonus....","The review highlights several positive aspects, including cleanliness, parking, and prices, but lacks specific details about food quality, service, and ambiance, indicating a generally good but not exceptional experience.",True,False,"{""predicted_stars"": 4, ""explanation"": ""The review highlights several positive aspects, including cleanliness, parking, and prices, but lacks specific details about food quality, service, and ambiance, indicating a generally good but not exceptional experience.""}"
5,5,"Love their pizza!!!
Very fresh. Their cannoli was really good too.
They seem to have great selection of wines....","The review is extremely positive, mentioning 'love', 'very fresh', and 'really good' to describe the food, indicating a perfect dining experience.",True,True,"{
  ""predicted_stars"": 5,
  ""explanation"": ""The review is extremely positive, mentioning 'love', 'very fresh', and 'really good' to describe the food, indicating a perfect dining experience.""
}"
3,4,"Excellent food, top-notch service, exorbitantly priced.  Not for budget minded diners......","The reviewer praises the food quality and service, but criticizes the high price, indicating a good experience with minor issues.",True,False,"{""predicted_stars"": 4, ""explanation"": ""The reviewer praises the food quality and service, but criticizes the high price, indicating a good experience with minor issues.""}"
5,5,"20% off with a Yelp check in? SCORE! 

They have very unique, colorful and patterned vintage clothing for sale. But what I liked most about this store is their vintage jewelry! There's a local jeweler...","The review is extremely positive, highlighting unique and colorful aspects of the store, and the reviewer's enthusiasm is evident through phrases like 'SCORE!' and 'I snatched up two really cute vintage rings'.",True,True,"{""predicted_stars"": 5, ""explanation"": ""The review is extremely positive, highlighting unique and colorful aspects of the store, and the reviewer's enthusiasm is evident through phrases like 'SCORE!' and 'I snatched up two really cute vintage rings'.""}"
3,3,"You know when you make a copy of the original and its not quite the same? Juts a little fuzzy around the edges, not as sharp but usable? That is how I felt at the new location of Market Bistro. Simila...","The reviewer had a mixed experience with some positive aspects, such as the salad, but also several negative issues, including cleanliness, ambiance, and food quality, which prevented them from giving a higher rating.",True,True,"{
  ""predicted_stars"": 3,
  ""explanation"": ""The reviewer had a mixed experience with some positive aspects, such as the salad, but also several negative issues, including cleanliness, ambiance, and food quality, which prevented them from giving a higher rating.""
}"
1,1,"Don't bother with this place.  I had never been here, my husband and I decided to pick up some food to take home.  We ordered a shrimp tempura appetizer, an assorted tempura appetizer, a lobster appet...","The reviewer expresses extreme dissatisfaction with their experience, citing a complete order mix-up, poor food quality, and a lack of trust in the restaurant's ability to handle raw ingredients, indicating a terrible experience.",True,True,"{""predicted_stars"": 1, ""explanation"": ""The reviewer expresses extreme dissatisfaction with their experience, citing a complete order mix-up, poor food quality, and a lack of trust in the restaurant's ability to handle raw ingredients, indicating a terrible experience.""}"
1,1,"I play squash racquet's, a sport favored by the east coast ""elites"" from them Ivy League schools, those snooty Britishers and the Pakistani leisure class:) 

Why they let me play, I'll never know:)

L...","The reviewer expresses extreme dissatisfaction with their experience at Skip & Jan's, citing poor food quality, unpleasant ambiance, and questionable service, with only a hint of dark humor and sarcasm throughout the review.",True,True,"{""predicted_stars"": 1, ""explanation"": ""The reviewer expresses extreme dissatisfaction with their experience at Skip & Jan's, citing poor food quality, unpleasant ambiance, and questionable service, with only a hint of dark humor and sarcasm throughout the review.""}"
1,1,I got my nails done there last Thursday for the first and last time. I would never ever go back there. The man who did my nails burnt two of my fingers really bad. The place was dirty and messy and ta...,"The review expresses extreme dissatisfaction with the service, ambiance, and overall experience, with phrases like 'I would never ever go back there', 'burnt two of my fingers really bad', and 'So rude and bad customer service', indicating a terrible experience.",True,True,"{""predicted_stars"": 1, ""explanation"": ""The review expresses extreme dissatisfaction with the service, ambiance, and overall experience, with phrases like 'I would never ever go back there', 'burnt two of my fingers really bad', and 'So rude and bad customer service', indicating a terrible experience.""}"
3,3,Well....it is what you can expect from airport food.  Not that great but not terrible.  All I wanted was a simple sandwhich to take on the plane with me.  This airport does not have the best in choice...,"The review expresses a neutral tone, mentioning that the food is 'not that great but not terrible', and highlights the limited options available at the airport, but still finds it suitable for a quick, cold meal.",True,True,"{""predicted_stars"": 3, ""explanation"": ""The review expresses a neutral tone, mentioning that the food is 'not that great but not terrible', and highlights the limited options available at the airport, but still finds it suitable for a quick, cold meal.""}"
2,2,"I've always said if the guacamole, chips and salsa aren't good, the food is not likely to be good either.  I was right, Guacamole was not very good at all, same with the salsa.  Rest of the food was j...","The reviewer expresses disappointment with the guacamole and salsa, and while the rest of the food was just okay, they expected much better from a restaurant in the Biltmore, indicating a poor experience.",True,True,"{""predicted_stars"": 2, ""explanation"": ""The reviewer expresses disappointment with the guacamole and salsa, and while the rest of the food was just okay, they expected much better from a restaurant in the Biltmore, indicating a poor experience.""}"
5,5,I live no where near this place & have gone out of my way to eat there MANY times! I haven't been since it moved (bc I had no idea where they went) but it looks like it's bigger so that's great. I eve...,"The reviewer expresses strong enthusiasm and loyalty to the restaurant, highlighting its delicious food and enjoyable atmosphere, with only a minor suggestion to avoid it during busy lunch hours.",True,True,"{""predicted_stars"": 5, ""explanation"": ""The reviewer expresses strong enthusiasm and loyalty to the restaurant, highlighting its delicious food and enjoyable atmosphere, with only a minor suggestion to avoid it during busy lunch hours.""}"
3,3,"Buffet is great, Good Selection of food even for me the picky Vegetarian. Naan tastes great, choice of plain or Garlic Naan. Food generally tastes good. Rating on Buffet alone, I would have given 4 st...","The reviewer praises the buffet selection and food quality, but criticizes the dinner entries and take-out experience, resulting in a mixed overall assessment.",True,True,"{""predicted_stars"": 3, ""explanation"": ""The reviewer praises the buffet selection and food quality, but criticizes the dinner entries and take-out experience, resulting in a mixed overall assessment.""}"
4,4,"The Paseo Trail travels through Chandler along the Consolidated Canal.  It runs mostly N-S, connecting to other trails along the canal in Mesa and Gilbert, totaling around 18 miles.

The trail is most...","The review is generally positive, highlighting the trail's features and providing useful information, but also mentions a significant issue with crossings and traffic, which prevents it from being a perfect experience.",True,True,"{""predicted_stars"": 4, ""explanation"": ""The review is generally positive, highlighting the trail's features and providing useful information, but also mentions a significant issue with crossings and traffic, which prevents it from being a perfect experience.""}"
2,2,"I happened on this place because it was next to EL Brava, a Mexican place recommended by the USAirways in flight magazine as a place to try in an airport. Getting to ElBrava we found it was a fast foo...","The reviewer expresses disappointment with the food quality, long wait times, and high prices, but acknowledges that the service was not bad, indicating a generally poor experience.",True,True,"{""predicted_stars"": 2, ""explanation"": ""The reviewer expresses disappointment with the food quality, long wait times, and high prices, but acknowledges that the service was not bad, indicating a generally poor experience.""}"
4,4,"Eh?  How have I not written a review for Matt's?  I went there a while back, but thankfully it won't be hard for me to recall the experience!

Place - Small.
Food - Fantastic.
Wait - Usually.
Bathroom...","The reviewer praises the food quality, service, and overall experience, but criticizes the wait times and bathroom facilities, indicating a good experience with minor issues.",True,True,"{""predicted_stars"": 4, ""explanation"": ""The reviewer praises the food quality, service, and overall experience, but criticizes the wait times and bathroom facilities, indicating a good experience with minor issues.""}"
5,5,I love to come here from time to time when I'm in the area and I am always highly satisfied with the food and service. The menu is great and there's a variety of dishes for every taste. The service is...,"The reviewer expresses high satisfaction with the food, service, and atmosphere, using positive language throughout the review, indicating an exceptional experience.",True,True,"{""predicted_stars"": 5, ""explanation"": ""The reviewer expresses high satisfaction with the food, service, and atmosphere, using positive language throughout the review, indicating an exceptional experience.""}"
2,2,"After hearing a lot about all of the MBFGR's that are around the valley, I finally got a chance to go recently as part of a family gathering (which was a planning fiasco and logistical nightmare, but ...","The reviewer had a mixed experience with good service and some decent appetizers, but was disappointed with the gyro and the awkward table arrangement, leading to a low overall rating.",True,True,"{
  ""predicted_stars"": 2,
  ""explanation"": ""The reviewer had a mixed experience with good service and some decent appetizers, but was disappointed with the gyro and the awkward table arrangement, leading to a low overall rating.""
}"
3,4,Went here for lunch on a weekday and thought it'd be busier. The slower setting allowed for more personal attention though. The chef even came out to talk to us and gave us free samples of some of the...,"The reviewer had a good experience with minor issues, praising the personal attention and chef's interaction, but had mixed feelings about the food quality and value.",True,False,"{
  ""predicted_stars"": 4,
  ""explanation"": ""The reviewer had a good experience with minor issues, praising the personal attention and chef's interaction, but had mixed feelings about the food quality and value.""
}"
3,4,"Not the newest or the nicest but, everything you need and usually no wait for machines. The staff is super nice and there are magazines to read while your there. If they could just turn up the AC a li...","The reviewer mentions several positives, including friendly staff and convenient amenities, but also notes some minor issues, such as temperature and TV channel availability, which prevents a perfect score.",True,False,"{
  ""predicted_stars"": 4,
  ""explanation"": ""The reviewer mentions several positives, including friendly staff and convenient amenities, but also notes some minor issues, such as temperature and TV channel availability, which prevents a perfect score.""
}"
1,1,i called them and they wanted to charge $30 for fingerprints!!!!!  What a joke.  I found a place on the other side of the air park who did it for $10.  Caveat Emptor!  If if could give them a zero rat...,"The reviewer expresses extreme dissatisfaction with the service, citing a high price for fingerprints and explicitly stating they would have given a zero rating if possible, indicating a terrible experience.",True,True,"{""predicted_stars"": 1, ""explanation"": ""The reviewer expresses extreme dissatisfaction with the service, citing a high price for fingerprints and explicitly stating they would have given a zero rating if possible, indicating a terrible experience.""}"
4,4,"I have visited Windsor twice now and I would describe it as fun, trendy, and a little hipster. The drinks are great, good combinations with fresh, unexpected ingredients. I love the 80's soundtrack, m...","The reviewer praises the drinks, food, and ambiance, but mentions a minor complaint about the loud music, indicating a good experience with minor issues.",True,True,"{
  ""predicted_stars"": 4,
  ""explanation"": ""The reviewer praises the drinks, food, and ambiance, but mentions a minor complaint about the loud music, indicating a good experience with minor issues.""
}"
3,3,"Average airport. 

I wish gate Marques listed which zone was boarding. There were three airplanes loading at the same time and it was near impossible to tell which gate was loading which zone. We just...","The review expresses a neutral tone, mentioning an 'average airport' experience with a minor issue related to gate information, but no significant complaints or extreme emotions.",True,True,"{
  ""predicted_stars"": 3,
  ""explanation"": ""The review expresses a neutral tone, mentioning an 'average airport' experience with a minor issue related to gate information, but no significant complaints or extreme emotions.""
}"
3,2,"Mixteca was OK. Kind of a cross between Baja Fresh and Robertos. The quesadilla was decent and the beef tacos were good also, just nothing spectacular. I would go up the street to ""Carumbas"" for somet...","The reviewer found the food to be decent but not spectacular, and mentioned a better alternative nearby, indicating a generally negative experience with minor positives.",True,False,"{
  ""predicted_stars"": 2,
  ""explanation"": ""The reviewer found the food to be decent but not spectacular, and mentioned a better alternative nearby, indicating a generally negative experience with minor positives.""
}"
1,1,"The only reason 1 star can be given is the flavor choices and taste.  The SMALLEST wings I have ever seen, they must be off of baby chicks.  I thought it was getting punked, actually LOL.  Never to be...","The review expresses extreme dissatisfaction with the food quality, specifically the size of the wings, and explicitly states 'Never to be back', indicating a terrible experience.",True,True,"{""predicted_stars"": 1, ""explanation"": ""The review expresses extreme dissatisfaction with the food quality, specifically the size of the wings, and explicitly states 'Never to be back', indicating a terrible experience.""}"
2,3,"I have driven past this place a million times and never stopped, so today I did.
I basically was in an overpriced Subaway called Port of subs. The sub was ok, nothing special. They do not have a good ...","The review has mixed sentiments, with the food quality being average and the service being positive, but the value is considered overpriced, resulting in a neutral overall rating.",True,False,"{""predicted_stars"": 3, ""explanation"": ""The review has mixed sentiments, with the food quality being average and the service being positive, but the value is considered overpriced, resulting in a neutral overall rating.""}"
2,2,"The queso is ridiculously good... seriously. And the homemade tortillas are also outstanding.

Aside from that, everything is average at best. As mentioned by others, this is Americanized Mexican cuis...","The reviewer had a mixed experience with some standout dishes like the queso and homemade tortillas, but was let down by subpar service, a bug in their drink, and poor ambiance, ultimately leading to a disappointing overall experience.",True,True,"{""predicted_stars"": 2, ""explanation"": ""The reviewer had a mixed experience with some standout dishes like the queso and homemade tortillas, but was let down by subpar service, a bug in their drink, and poor ambiance, ultimately leading to a disappointing overall experience.""}"
5,4,"i always forget about this place when we do a party. they carry costumes and party gear year round...even halloween stuff. 

stopped in today to look for a flintstones costume but they had no Fred's a...","The reviewer mentions a minor issue with the availability of a specific costume, but overall praises the store's selection and value, indicating a good experience with minor issues.",True,False,"{""predicted_stars"": 4, ""explanation"": ""The reviewer mentions a minor issue with the availability of a specific costume, but overall praises the store's selection and value, indicating a good experience with minor issues.""}"
5,5,Consistent is a great word to describe this place. The food is consistently great; the service is consistently great; the regulars are consistently there. (they're great too). It has a comfortable smo...,"The review is extremely positive, using words like 'great', 'consistently great', 'accommodating', and 'friendly' to describe the food, service, and ambiance, indicating a perfect experience.",True,True,"{""predicted_stars"": 5, ""explanation"": ""The review is extremely positive, using words like 'great', 'consistently great', 'accommodating', and 'friendly' to describe the food, service, and ambiance, indicating a perfect experience.""}"
3,3,"All I'm saying is they need to do a better job at hiring their staff. The girl that helped us out last time was on something pretty heavy. It was a school night, and we had just finished up dinner nex...","The reviewer had a poor service experience due to a staff member's behavior, but still gave a moderate rating due to previous positive experiences and the charm of the location.",True,True,"{""predicted_stars"": 3, ""explanation"": ""The reviewer had a poor service experience due to a staff member's behavior, but still gave a moderate rating due to previous positive experiences and the charm of the location.""}"
5,5,"I will continue to give this place five stars for so many reasons.  First, the menu is very creative, and offers a great variety of healthy food, with an Asian twist.  This time I had the shrimp curry...","The review is extremely positive, highlighting the restaurant's creative menu, healthy food options, and high-quality dishes, with no negative comments or criticisms.",True,True,"{""predicted_stars"": 5, ""explanation"": ""The review is extremely positive, highlighting the restaurant's creative menu, healthy food options, and high-quality dishes, with no negative comments or criticisms.""}"
1,1,"I'm sorry to be what seems to be the lone one star review.  Either I got there on the worst day in their history, or everyone drank the Koolaid, or I just have different expectations and taste buds.
I...","The reviewer expresses extreme dissatisfaction with their experience, citing long wait times, poor food quality, and a negative impact on their health, indicating a terrible experience.",True,True,"{""predicted_stars"": 1, ""explanation"": ""The reviewer expresses extreme dissatisfaction with their experience, citing long wait times, poor food quality, and a negative impact on their health, indicating a terrible experience.""}"
5,5,"This place is awesome and it replaced Trader Joes as my new grocery store. The produce is plentiful and fresh, they have Boars Head at the deli, and they have organic options. The meat is way more rea...","The review is highly positive, mentioning the store's freshness, variety, and reasonable prices, with no significant complaints or negative language.",True,True,"{""predicted_stars"": 5, ""explanation"": ""The review is highly positive, mentioning the store's freshness, variety, and reasonable prices, with no significant complaints or negative language.""}"
2,2,My boyfriend and I were so excited to hear that there was a yogurt place going in. We were even more thrilled to hear that they stay open until 10 in the summer! We are definite night owls so we were ...,"The reviewer expresses frustration with the business's hours and lack of water availability, indicating a poor experience, but the tone is not extremely negative, suggesting a 2-star rating.",True,True,"{
  ""predicted_stars"": 2,
  ""explanation"": ""The reviewer expresses frustration with the business's hours and lack of water availability, indicating a poor experience, but the tone is not extremely negative, suggesting a 2-star rating.""
}"
1,2,"Totally excited to try this place out, my grandparents, my mom and I (4 of us) came here for some Korean food. It wasn't too busy; just pairs of people from nearby offices coming in and out. 

Unlike ...","The reviewer had a poor experience with significant complaints about the food quality, service, and customer service, but still found some redeeming qualities such as the kimchi buffet bar and house special hot sauce.",True,False,"{
  ""predicted_stars"": 2,
  ""explanation"": ""The reviewer had a poor experience with significant complaints about the food quality, service, and customer service, but still found some redeeming qualities such as the kimchi buffet bar and house special hot sauce.""
}"
4,5,"I tried El Pollo Supremo based on a recommendation from my professor. I always though he was a smart man, but after eating here I know it. 

For under $5 you get chicken  that is juicy and flavorful a...","The review is highly positive, praising the food quality, value, and service, with the author even mentioning police officers as patrons, indicating a high level of excellence.",True,False,"{""predicted_stars"": 5, ""explanation"": ""The review is highly positive, praising the food quality, value, and service, with the author even mentioning police officers as patrons, indicating a high level of excellence.""}"
3,3,"Good food, but very expensive for a simple breakfast joint ($8-10 for most breakfast items). Also, the menu has very few healthy options...which isn't a problem for me, but is for my wife!  How about ...","The review has a mixed tone, praising the food and atmosphere but criticizing the high prices and limited healthy options, resulting in an average rating.",True,True,"{
  ""predicted_stars"": 3,
  ""explanation"": ""The review has a mixed tone, praising the food and atmosphere but criticizing the high prices and limited healthy options, resulting in an average rating.""
}"
1,1,"I do not like this KFC ...or any really for that matter. Every time I have been here the place is filthy. I know they remolded the place and I have not been since then, so I am not sure if the conditi...","The reviewer expresses extreme dissatisfaction with the food quality, ambiance, and service, using strong negative language throughout the review.",True,True,"{""predicted_stars"": 1, ""explanation"": ""The reviewer expresses extreme dissatisfaction with the food quality, ambiance, and service, using strong negative language throughout the review.""}"
1,2,"It's a supermarket.  I just go in buy what I need and get out.  It's convenient that there's a wells fargo in there, but there's one across the street as well.  

To the negative experience.....
My si...","The review expresses significant complaints about the store's employees and their behavior, particularly regarding racial profiling and rudeness, outweighing any minor positives mentioned.",True,False,"{""predicted_stars"": 2, ""explanation"": ""The review expresses significant complaints about the store's employees and their behavior, particularly regarding racial profiling and rudeness, outweighing any minor positives mentioned.""}"
5,5,"Why did I wait so long to try this neighborhood hot spot!  Having a father who grew up on Los Olivos I remained a loyal customer, that is, until last evening's change in plans lured me to the colorful...","The reviewer uses highly positive language throughout the review, praising the food quality, service, and ambiance, with no significant complaints or issues mentioned.",True,True,"{""predicted_stars"": 5, ""explanation"": ""The reviewer uses highly positive language throughout the review, praising the food quality, service, and ambiance, with no significant complaints or issues mentioned.""}"
4,5,"Brackin's is my new favorite day drinking spot.  The bar itself is located perfectly within a tucked-away area in the Old Town Scottsdale mall area.  The atmosphere is very relaxed, and when the owner...","The review is highly positive, mentioning a new favorite day drinking spot, relaxed atmosphere, friendly owners, and affordable prices, indicating an exceptional experience.",True,False,"{""predicted_stars"": 5, ""explanation"": ""The review is highly positive, mentioning a new favorite day drinking spot, relaxed atmosphere, friendly owners, and affordable prices, indicating an exceptional experience.""}"
1,2,"I was really disappointed with my local Baja Fresh tonight.  The lobby, salsa bar and even drink station were very dirty and unkept.  To top that off my salad had old dark colored guacamole and limp l...","The reviewer expresses disappointment and frustration with multiple aspects of their experience, including cleanliness, food quality, and ambiance, but does not use extremely negative language, indicating a poor but not terrible experience.",True,False,"{
  ""predicted_stars"": 2,
  ""explanation"": ""The reviewer expresses disappointment and frustration with multiple aspects of their experience, including cleanliness, food quality, and ambiance, but does not use extremely negative language, indicating a poor but not terrible experience.""
}"
1,2,Went there first thing thing this morning. Ordered 2 simple sandwiches. Took over 35 minutes to make. 6 workers lounging around. Completely ignored. Totally disgusted with their service. Overpriced. F...,"The reviewer expresses strong dissatisfaction with the service, citing long wait times and being ignored, while mentioning that the food was only 'okay' and the experience felt overpriced.",True,False,"{
  ""predicted_stars"": 2,
  ""explanation"": ""The reviewer expresses strong dissatisfaction with the service, citing long wait times and being ignored, while mentioning that the food was only 'okay' and the experience felt overpriced.""
}"
4,4,"Loved the location at atmosphere of this place!  Had a very nice business dinner here last night.  We were able to sit outside thanks to the gorgeous weather, and I'd recommend this to anyone.  The ho...","The reviewer had a generally positive experience with minor issues, praising the location, atmosphere, food, and service, but mentioning some timing issues with the service.",True,True,"{""predicted_stars"": 4, ""explanation"": ""The reviewer had a generally positive experience with minor issues, praising the location, atmosphere, food, and service, but mentioning some timing issues with the service.""}"
1,1,"We came here for dinner for me and reverse happy hour for my wife, we ordered our appetizers and after finishing them and looking over the menu for a few minutes we were ready to jump into the overpri...","The reviewer expresses extreme dissatisfaction with the service, value, and overall experience, using strong negative language and mentioning a pattern of poor service.",True,True,"{""predicted_stars"": 1, ""explanation"": ""The reviewer expresses extreme dissatisfaction with the service, value, and overall experience, using strong negative language and mentioning a pattern of poor service.""}"
1,1,"I will never know what the food tastes like because they were so so rude, I will not go back.  We came in and were given a table, menus were practically thrown at us.  And then we waited, and waited a...","The review is extremely negative, citing rude service, long wait times, and a lack of communication, indicating a terrible experience.",True,True,"{""predicted_stars"": 1, ""explanation"": ""The review is extremely negative, citing rude service, long wait times, and a lack of communication, indicating a terrible experience.""}"
4,5,"In a sentence: Culinary Dropout is a foodie mecca with its plush and lux furnishings, amazing location in the heart of Scottsdale but away from the duche-ery of Old Town, on point entrees that range f...","The reviewer uses highly positive language to describe the food, ambiance, and service, with only minor complaints about the texture of the chicken and the wait time for the waiter. The overall tone is enthusiastic and recommends the restaurant to 'foodie nirvana' seekers.",True,False,"{""predicted_stars"": 5, ""explanation"": ""The reviewer uses highly positive language to describe the food, ambiance, and service, with only minor complaints about the texture of the chicken and the wait time for the waiter. The overall tone is enthusiastic and recommends the restaurant to 'foodie nirvana' seekers.""}"
4,5,"I have used The Parking Spot twice now, and am a registered card carrying member...lol. I have coworkers who use one of the other economy places across the street, but they don't get covered parking a...","The reviewer expresses strong positivity towards The Parking Spot, highlighting its convenient services, government discount, and prompt pick-up, with no significant complaints or negative language.",True,False,"{""predicted_stars"": 5, ""explanation"": ""The reviewer expresses strong positivity towards The Parking Spot, highlighting its convenient services, government discount, and prompt pick-up, with no significant complaints or negative language.""}"
3,3,"We stayed at the Pointe Hilton over the July 4th weekend are were very impressed with the amazing pool facilities and poolside food service.  However, I would send caution to anyone planning to stay a...","The reviewer was impressed with the pool facilities and poolside food service, but was negatively impacted by the noise and chaos caused by screaming children, resulting in a mixed experience.",True,True,"{""predicted_stars"": 3, ""explanation"": ""The reviewer was impressed with the pool facilities and poolside food service, but was negatively impacted by the noise and chaos caused by screaming children, resulting in a mixed experience.""}"
4,5,"Fun place to get masks for all my robberies.

I joke. but really you can get good masks at Easley's....","The review uses a lighthearted and humorous tone, indicating a highly positive experience, with no criticisms mentioned.",True,False,"{""predicted_stars"": 5, ""explanation"": ""The review uses a lighthearted and humorous tone, indicating a highly positive experience, with no criticisms mentioned.""}"
1,2,"There was hair in the food. Not just 1 but 2 in the same Bhel Puri dish.

The whole experience was pretty bad. There is no indication of how you order your food and when you finally figure it out the ...","The review highlights multiple issues with food quality, service, and overall experience, indicating a poor experience, but the reviewer does mention one dish as 'OK', preventing a 1-star rating.",True,False,"{""predicted_stars"": 2, ""explanation"": ""The review highlights multiple issues with food quality, service, and overall experience, indicating a poor experience, but the reviewer does mention one dish as 'OK', preventing a 1-star rating.""}"
2,2,"I'm going to break this down to explain my two stars. Here we go.

THE GOOD: 
* Great Sindhi biryani - the rice is flavorful, the chicken is tasty, all in all a great dish. 
* Chicken boti tikka (bone...","The reviewer mentions several negative aspects, including a surly service staff, poor ambiance, and bizarre TV programming, which outweigh the positive comments about the food quality.",True,True,"{
  ""predicted_stars"": 2,
  ""explanation"": ""The reviewer mentions several negative aspects, including a surly service staff, poor ambiance, and bizarre TV programming, which outweigh the positive comments about the food quality.""
}"
3,3,"Threw a friend's baby shower here and it went pretty smoothly. We made reservations well in advance, and it was a small party. I'm not a huge fan of their food but it's always busy so clearly other pe...","The reviewer mentions a smooth experience, good service, and decent food, but also expresses some negative opinions about the food quality, specifically the cheesecake.",True,True,"{
  ""predicted_stars"": 3,
  ""explanation"": ""The reviewer mentions a smooth experience, good service, and decent food, but also expresses some negative opinions about the food quality, specifically the cheesecake.""
}"
4,4,"I really like this place! Plenty of room, very organized. And is willing to help you out. Price is very acceptable @ $7.00 a day. They have ear plugs, targets and beverages to purchase at a reasonable...","The reviewer expresses overall satisfaction with the place, mentioning its organization, helpful staff, and reasonable prices, but also mentions a personal issue with brain freeze and a minor complaint about having to watch a video, indicating a good experience with minor issues.",True,True,"{""predicted_stars"": 4, ""explanation"": ""The reviewer expresses overall satisfaction with the place, mentioning its organization, helpful staff, and reasonable prices, but also mentions a personal issue with brain freeze and a minor complaint about having to watch a video, indicating a good experience with minor issues.""}"
5,5,Kick @$$ The Best of the bertos & they will make anything you want_!! Carne Asada with Sausage & Ham........Wow.....,"The review is extremely positive, using strong language such as 'Kick @$$' and 'Wow', indicating exceptional food quality and overall experience.",True,True,"{""predicted_stars"": 5, ""explanation"": ""The review is extremely positive, using strong language such as 'Kick @$$' and 'Wow', indicating exceptional food quality and overall experience.""}"
1,2,"An upscale mexican restaurant in the area seemed like the best thing to have happened to me. I planned my visit for a quieter evening, and reviewed the menu again and again. 

However, upon our arriva...","The reviewer expresses significant complaints about the service, ambiance, and value, but mentions some redeeming qualities, such as the immediate seating and the mixed seafood entree, which ultimately led to a mediocre overall experience.",True,False,"{""predicted_stars"": 2, ""explanation"": ""The reviewer expresses significant complaints about the service, ambiance, and value, but mentions some redeeming qualities, such as the immediate seating and the mixed seafood entree, which ultimately led to a mediocre overall experience.""}"
5,5,"This place makes me want to learn German every time i go.

I would get my Polka clothes out any day of the week.

Great food, great prices, great atmosphere.

The fall months are great to sit outside ...","The review is extremely positive, using enthusiastic language and expressing a strong desire to return, indicating an exceptional experience in all aspects: food quality, service, ambiance, and value.",True,True,"{""predicted_stars"": 5, ""explanation"": ""The review is extremely positive, using enthusiastic language and expressing a strong desire to return, indicating an exceptional experience in all aspects: food quality, service, ambiance, and value.""}"
4,4,"So much food to choose from on the menu! They have so many options (healthy eater,unhealthy eater,  vegetarian, breakfast, lunch, etc)  for every kind of diner. I tried an omlet with turkey and brie a...","The reviewer expresses overall satisfaction with their experience, mentioning good food quality, fresh orange juice, and excellent service, but does not use extremely positive language to warrant a 5-star rating.",True,True,"{""predicted_stars"": 4, ""explanation"": ""The reviewer expresses overall satisfaction with their experience, mentioning good food quality, fresh orange juice, and excellent service, but does not use extremely positive language to warrant a 5-star rating.""}"
2,1,"They get 2 stars, for the pickles. 

So I'm from Jersey and was very happy to see all the NYC/Jersey stuff in this place.  The walls were covered in things from my state so I figured they know a thing...","The reviewer expresses extreme dissatisfaction with the food quality, using strong negative language and comparing it unfavorably to authentic NYC pastrami, indicating a terrible experience.",True,False,"{""predicted_stars"": 1, ""explanation"": ""The reviewer expresses extreme dissatisfaction with the food quality, using strong negative language and comparing it unfavorably to authentic NYC pastrami, indicating a terrible experience.""}"
4,4,"There's not much more I can say about Rula that hasn't already been said. Except, I guess, I can tell you why I like this place. I like it for two glorious words: HAPPY + HOUR. 

Yes, those two words ...","The reviewer praises Rula Bula's food quality, value, and some aspects of the service and ambiance, but criticizes the noise level, crowd, and limited beer selection, resulting in a generally positive but not exceptional experience.",True,True,"{""predicted_stars"": 4, ""explanation"": ""The reviewer praises Rula Bula's food quality, value, and some aspects of the service and ambiance, but criticizes the noise level, crowd, and limited beer selection, resulting in a generally positive but not exceptional experience.""}"
2,3,"Went there for lunch.  Split a chopped salad and a deviled eggs.

Large portions.  Salad was a bit heavy on sauce, but I liked it.  Deviled eggs had some truffle oil which made them pretty good.  

Bu...","The review highlights both positive and negative aspects of the experience, with mixed opinions on food quality, service, and value, resulting in an average rating.",True,False,"{""predicted_stars"": 3, ""explanation"": ""The review highlights both positive and negative aspects of the experience, with mixed opinions on food quality, service, and value, resulting in an average rating.""}"
2,2,"Over the last 5 years or so, I've eaten lunch at Dilly's Deli a couple dozen times. The location is excellent, as it is near my office, and the interior décor is clean, modest, and charming. The music...","The reviewer mentions several positive aspects, such as friendly service, clean ambiance, and delicious bread, but is consistently disappointed with the food quality, citing issues with sandwich assembly, cold soups, and finding a dead fly in a salad, ultimately leading to a low rating.",True,True,"{""predicted_stars"": 2, ""explanation"": ""The reviewer mentions several positive aspects, such as friendly service, clean ambiance, and delicious bread, but is consistently disappointed with the food quality, citing issues with sandwich assembly, cold soups, and finding a dead fly in a salad, ultimately leading to a low rating.""}"
5,5,Love this place! I think this is probably the best Chinese buffet out here! They serve quality gourmet food. And they have a full bar too. Place is clean and service is great. Would go back anytime!...,"The review is highly positive, mentioning 'love this place', 'best Chinese buffet', 'quality gourmet food', 'clean', and 'great service', indicating an exceptional experience.",True,True,"{
  ""predicted_stars"": 5,
  ""explanation"": ""The review is highly positive, mentioning 'love this place', 'best Chinese buffet', 'quality gourmet food', 'clean', and 'great service', indicating an exceptional experience.""
}"
1,2,"Went last week, and ordered a dozen variety. I didn't care for any of them, very dry, the frosting wasn't very good,even my 9 yr old daughter spit her cupcake out!...","The reviewer expresses strong dissatisfaction with the food quality, specifically mentioning dryness and poor frosting, which outweighs any potential minor issues with service or ambiance.",True,False,"{
  ""predicted_stars"": 2,
  ""explanation"": ""The reviewer expresses strong dissatisfaction with the food quality, specifically mentioning dryness and poor frosting, which outweighs any potential minor issues with service or ambiance.""
}"
2,2,"I have lived here for about 5 months, the place is okay i guess, the ground are clean which I like, but the staff seems kinda disorganized.. they got our move in dates wrong which thank god I'm an ear...","The reviewer expresses significant complaints about the apartment's maintenance issues, disorganized staff, and unfair water pricing, outweighing any minor positives, such as clean grounds.",True,True,"{
  ""predicted_stars"": 2,
  ""explanation"": ""The reviewer expresses significant complaints about the apartment's maintenance issues, disorganized staff, and unfair water pricing, outweighing any minor positives, such as clean grounds.""
}"
3,4,"I created a monster when I brought my family to Chipotle for the first time many years ago. I am constantly taking one for ""the team"" when I am dragged here by my wife and one of my sons. 

I usually ...","The reviewer expresses a generally positive sentiment towards Chipotle, but mentions a minor issue with customization options, indicating a good experience with minor issues.",True,False,"{""predicted_stars"": 4, ""explanation"": ""The reviewer expresses a generally positive sentiment towards Chipotle, but mentions a minor issue with customization options, indicating a good experience with minor issues.""}"
4,4,Shame on me for not writing a review sooner.  Dined here with three other friends during our Spring Training trip at the end of March. We had to make reservations about 2 months prior as well.  We arr...,"The reviewer had a generally positive experience with highlights such as delicious food, a fun sporting atmosphere, and a unique experience with celebrity sightings, but minor issues like respecting personal space and some neutral comments about the service and value.",True,True,"{
  ""predicted_stars"": 4,
  ""explanation"": ""The reviewer had a generally positive experience with highlights such as delicious food, a fun sporting atmosphere, and a unique experience with celebrity sightings, but minor issues like respecting personal space and some neutral comments about the service and value.""
}"
4,5,Eorth a trip for pasta or their salads. Both are wonderful. And if you like garlic they know what you mean when you say xtra garlic. They actually give you extra. Yummm. Of course you will probably no...,"The review is highly positive, mentioning 'wonderful' food and exceptional service with extra garlic, indicating a 5-star experience.",True,False,"{""predicted_stars"": 5, ""explanation"": ""The review is highly positive, mentioning 'wonderful' food and exceptional service with extra garlic, indicating a 5-star experience.""}"
1,2,"Very loud, crowded and quite unpleasant. I felt very cramped and the environment was very uncomfortable....","The review expresses strong negative sentiments about the ambiance and environment, indicating a poor experience, but does not mention food quality, service, or value, which are neutral by default.",True,False,"{""predicted_stars"": 2, ""explanation"": ""The review expresses strong negative sentiments about the ambiance and environment, indicating a poor experience, but does not mention food quality, service, or value, which are neutral by default.""}"
1,2,"Donuts are really good, if they have any when you get there!!!  Went in on a Tuesday morning at 1030, and they only had a total of 10 donuts. Drove out of my way to go there and still ended up at Dunk...","The reviewer expresses disappointment and frustration with the limited donut selection, which outweighs the positive mention of the donuts' quality, indicating a poor experience.",True,False,"{
  ""predicted_stars"": 2,
  ""explanation"": ""The reviewer expresses disappointment and frustration with the limited donut selection, which outweighs the positive mention of the donuts' quality, indicating a poor experience.""
}"
5,4,"I've been meaning to try this place for months and I'm so glad that the temperature has finally dropped to less than 100 degrees so I could take advantage of the outdoor patio for lunch! 

The service...","The reviewer had a generally positive experience, praising the food quality and ambiance, but mentioning a minor issue with slow service.",True,False,"{""predicted_stars"": 4, ""explanation"": ""The reviewer had a generally positive experience, praising the food quality and ambiance, but mentioning a minor issue with slow service.""}"
4,4,"Fun Saturday night music venue with good food & beer for only a few $. The music is fun and tunes everyone knows. The 1$ carne asada tacos are straightforward; meat, cilantro, onion, grilled jalepeño ...","The reviewer had a positive experience with good food, music, and value, but expressed a minor complaint about smokers and the venue's smoking policy.",True,True,"{""predicted_stars"": 4, ""explanation"": ""The reviewer had a positive experience with good food, music, and value, but expressed a minor complaint about smokers and the venue's smoking policy.""}"
3,4,I really want to gives this Sprout's location 4 stars but over the past few months when I get a deli sandwich the bread has bean stale 1 out of 3 times I'm there so I can't do it. If this Sprout's can...,"The reviewer expresses a strong positive sentiment towards the store's produce, meats, seafood, and cheeses, but is held back by inconsistent food quality, specifically stale bread, which prevents a higher rating.",True,False,"{""predicted_stars"": 4, ""explanation"": ""The reviewer expresses a strong positive sentiment towards the store's produce, meats, seafood, and cheeses, but is held back by inconsistent food quality, specifically stale bread, which prevents a higher rating.""}"
1,2,"WOW!  I have never been to a place with service this horrible.  I may have caught them on a bad night, but I'm not giving them a second chance to find out!

I came in with a group of 4.  We stood up f...","The reviewer expresses extreme dissatisfaction with the service, citing long wait times, ignored requests, and a general sense of chaos, but acknowledges a potential attempt to rectify the situation by the restaurant's management.",True,False,"{""predicted_stars"": 2, ""explanation"": ""The reviewer expresses extreme dissatisfaction with the service, citing long wait times, ignored requests, and a general sense of chaos, but acknowledges a potential attempt to rectify the situation by the restaurant's management.""}"
5,5,"Awesome, awesome, awesome....everything was fantastic. The innovative drink menu, the pizza was out of this world and the bartender was very personable. A++ I would definitely recommend this place to ...","The review is extremely positive, using phrases like 'awesome', 'out of this world', and 'A++', indicating a perfect experience in all aspects, including food quality, service, and ambiance.",True,True,"{
  ""predicted_stars"": 5,
  ""explanation"": ""The review is extremely positive, using phrases like 'awesome', 'out of this world', and 'A++', indicating a perfect experience in all aspects, including food quality, service, and ambiance.""
}"
2,3,"Things I liked: The homemade chips (mmm), the red salsa, the tender chicken pieces in my enchiladas and the service.

Things that just didn't work for me- The green sauce was so blah I couldn't eat it...","The review highlights both positive and negative aspects of the experience, with the reviewer enjoying some dishes but being disappointed by others, indicating an average experience.",True,False,"{""predicted_stars"": 3, ""explanation"": ""The review highlights both positive and negative aspects of the experience, with the reviewer enjoying some dishes but being disappointed by others, indicating an average experience.""}"
3,3,"Finding this quaint location wasn't to hard... i like that there is a parking lot right north of the place... as well as street parking :) 

you walk in the place and wow... its a completely different...","The review has a mixed tone, praising the atmosphere, staff, and some dishes, but criticizing the menu, food quality, and value, resulting in an average rating.",True,True,"{""predicted_stars"": 3, ""explanation"": ""The review has a mixed tone, praising the atmosphere, staff, and some dishes, but criticizing the menu, food quality, and value, resulting in an average rating.""}"
4,5,"My new favorite Mexican place in Tempe. Love their tacos. Their menu only lists them individually, but feel free to mix and match. I usually go with one camarone and one pescado. The shrimp are small,...","The reviewer uses highly positive language to describe their experience, mentioning their new favorite Mexican place, love for the tacos, generous portions, friendly and efficient service, and great spot for happy hour.",True,False,"{""predicted_stars"": 5, ""explanation"": ""The reviewer uses highly positive language to describe their experience, mentioning their new favorite Mexican place, love for the tacos, generous portions, friendly and efficient service, and great spot for happy hour.""}"
2,1,"Bland and lackluster food that is not worth the price or the wait to get it.  We had lunch at Nourish a few months ago and while we weren't overly impressed, as they do serve healthy food that is in l...","The reviewer expresses extreme dissatisfaction with their experience at Nourish, citing poor food quality, long wait times, and subpar service, with no redeeming qualities to balance out the negative aspects.",True,False,"{""predicted_stars"": 1, ""explanation"": ""The reviewer expresses extreme dissatisfaction with their experience at Nourish, citing poor food quality, long wait times, and subpar service, with no redeeming qualities to balance out the negative aspects.""}"
4,4,"This place isn't the best looking, but it's pretty tasty! I find myself craving the strange mix of foods they serve here.
I order the Emerald chicken burrito and the Jerk Chicken quesadillas.
The best...","The reviewer expresses a strong positive sentiment towards the food quality and service, but mentions a neutral comment about the ambiance. The overall tone is enthusiastic and recommends the restaurant.",True,True,"{
  ""predicted_stars"": 4,
  ""explanation"": ""The reviewer expresses a strong positive sentiment towards the food quality and service, but mentions a neutral comment about the ambiance. The overall tone is enthusiastic and recommends the restaurant.""
}"
1,1,"I am leaving this store angry and can't resist writing a review! 

The staff is incredibly useless....if you can actually find someone to help you. The store is huge with very little signs to guide yo...","The review expresses extreme frustration and anger towards the store's staff, service, and overall experience, with no redeeming qualities mentioned.",True,True,"{""predicted_stars"": 1, ""explanation"": ""The review expresses extreme frustration and anger towards the store's staff, service, and overall experience, with no redeeming qualities mentioned.""}"
3,4,"After reading Lindsey's review, I had to think twice about my original review of this place. Yes, I had been back and gave it another shot.

Yes, perhaps, I was a bit douchy in my prior review. 

This...","The reviewer has a generally positive tone, mentioning the restaurant's convenience, comfort, and good options like the spicy chicken bowl, but also mentions some minor issues like watered-down Sriracha.",True,False,"{""predicted_stars"": 4, ""explanation"": ""The reviewer has a generally positive tone, mentioning the restaurant's convenience, comfort, and good options like the spicy chicken bowl, but also mentions some minor issues like watered-down Sriracha.""}"
2,2,"Are you serious? $4.50 for domestic beers during the usual ""happy hour"" time? That includes Old Style (we were there for the Cub game)!! At grocery stores you can get a 6-pack of Old Style for $4.50! ...","The reviewer expresses strong dissatisfaction with the food quality, value, and pricing, using extremely negative language, indicating a poor experience.",True,True,"{""predicted_stars"": 2, ""explanation"": ""The reviewer expresses strong dissatisfaction with the food quality, value, and pricing, using extremely negative language, indicating a poor experience.""}"
4,4,Nice bowling alley.  I liked it alot and the staff was very helpful when we could not figure stuff out!  The flatscreens with the score were nice and the animation of Pros were a nice upgrade. We came...,"The reviewer expresses overall satisfaction with the bowling alley's staff, amenities, and atmosphere, but does not mention exceptional food quality or any major complaints, indicating a good experience with minor issues.",True,True,"{""predicted_stars"": 4, ""explanation"": ""The reviewer expresses overall satisfaction with the bowling alley's staff, amenities, and atmosphere, but does not mention exceptional food quality or any major complaints, indicating a good experience with minor issues.""}"
5,4,"There are many places in the valley and its surrounding cities to eat Mexican food; however, there is one and only La Canasta.

In the last two years the boyfriend and I have eaten at this restaurant ...","The reviewer praises the restaurant's food quality, generous portions, and attentive service, but mentions that the experience is 'exactly what you pay for', indicating a minor issue with value.",True,False,"{""predicted_stars"": 4, ""explanation"": ""The reviewer praises the restaurant's food quality, generous portions, and attentive service, but mentions that the experience is 'exactly what you pay for', indicating a minor issue with value.""}"
5,5,"Still in love with this place and how much care they really have for all of their clients. 

I hit another, I want a piercing moods and swung in on a lunch break last week, determined to get this pier...","The review is extremely positive, highlighting exceptional service, care for clients, and impressive results, indicating a highly satisfying experience.",True,True,"{""predicted_stars"": 5, ""explanation"": ""The review is extremely positive, highlighting exceptional service, care for clients, and impressive results, indicating a highly satisfying experience.""}"
5,5,Wow! I was in town on a week long business trip and the one thing I look forward to most when I travel are the meals. Cafe Monarch was a highlight of my trip. As soon as I walked through the door I fe...,"The review is highly positive, mentioning a 'highlight of my trip', 'cozy and right at home' ambiance, and 'perfectly cooked' food, with no significant complaints.",True,True,"{""predicted_stars"": 5, ""explanation"": ""The review is highly positive, mentioning a 'highlight of my trip', 'cozy and right at home' ambiance, and 'perfectly cooked' food, with no significant complaints.""}"
2,2,"I went here a couple weeks ago and got the sesame chicken.  I was disappointed when I saw that it wasn't chunks of chicken, but a boneless piece of chicken that was breaded, fried, and then sliced int...","The reviewer expresses disappointment with the food quality, specifically the preparation and sauce, and explicitly states they won't be back, indicating a poor experience.",True,True,"{""predicted_stars"": 2, ""explanation"": ""The reviewer expresses disappointment with the food quality, specifically the preparation and sauce, and explicitly states they won't be back, indicating a poor experience.""}"
3,3,"Enjoyed dinner on the patio - I had the Pad Cha Seafood dish rated ""Thai hot"" - the so-called hottest dish on the menu.  The person I was with ordered the ginger fish - mediocre at best, although it l...","The reviewer had mixed feelings about the food quality, with some dishes being fresh but not meeting expectations, while the ambiance and Thai iced tea were enjoyable, leading to an overall average experience.",True,True,"{""predicted_stars"": 3, ""explanation"": ""The reviewer had mixed feelings about the food quality, with some dishes being fresh but not meeting expectations, while the ambiance and Thai iced tea were enjoyable, leading to an overall average experience.""}"
1,2,Poor service-small portions-pricey...,"The review mentions poor service, small portions, and high price, indicating significant complaints and a negative experience, which aligns with a 2-star rating.",True,False,"{""predicted_stars"": 2, ""explanation"": ""The review mentions poor service, small portions, and high price, indicating significant complaints and a negative experience, which aligns with a 2-star rating.""}"
1,2,I brought my sweet sister in law shopping at this Forever 21 location.  She had a bag full of goodies (several hundreds of dollars worth) from H&M.  She stopped at Forever 21 and  sat her bag on the g...,"The reviewer expresses disappointment with the staff's reaction to a theft and criticizes the store's organization and service, but mentions a positive aspect of the store's fashion selection.",True,False,"{""predicted_stars"": 2, ""explanation"": ""The reviewer expresses disappointment with the staff's reaction to a theft and criticizes the store's organization and service, but mentions a positive aspect of the store's fashion selection.""}"
3,3,"I reeeeaaalllyyyyy wish that I could give this a 4, but I can't do that in good conscience.  The food was great, but the service was downright abysmal.

In a fit of random adventurousness, I thought i...","The reviewer had a mixed experience with great food but poor service, which prevented them from giving a higher rating, indicating an average experience.",True,True,"{""predicted_stars"": 3, ""explanation"": ""The reviewer had a mixed experience with great food but poor service, which prevented them from giving a higher rating, indicating an average experience.""}"
3,3,"Service - 5 stars (which is so rare). Food 2.5 stars. 
My husband and I are a little picky when it comes to steaks (we eat Morton's and Mastro's) but we wanted to try a new steakplace while visiting P...","The review highlights a few strong positives, such as excellent service and a unique ambiance, but is let down by mediocre food quality, which outweighs the positives.",True,True,"{""predicted_stars"": 3, ""explanation"": ""The review highlights a few strong positives, such as excellent service and a unique ambiance, but is let down by mediocre food quality, which outweighs the positives.""}"
3,3,"I'm somewhere in between three and four stars. And, I know there are Yelp ""Talk"" events taking place right this very second as I sit to type my review, and it is for this reason I appreciate what anon...","The reviewer has mixed feelings about their experience at the Rose and Crown, praising the ambiance, patio, and some dishes, but criticizing the service and wine selection, ultimately settling on an average rating.",True,True,"{""predicted_stars"": 3, ""explanation"": ""The reviewer has mixed feelings about their experience at the Rose and Crown, praising the ambiance, patio, and some dishes, but criticizing the service and wine selection, ultimately settling on an average rating.""}"
5,4,Love chickafila :) they're pretty pricey for fast food though...,"The reviewer expresses a strong positive sentiment towards Chick-fil-A, but mentions a minor issue with the price, indicating a good experience with minor issues.",True,False,"{
  ""predicted_stars"": 4,
  ""explanation"": ""The reviewer expresses a strong positive sentiment towards Chick-fil-A, but mentions a minor issue with the price, indicating a good experience with minor issues.""
}"
5,5,"Taylor's has such a refreshing cafe menu. I've been for breakfast far more often than lunch. I hope to try dinner soon b/c I think they feature live jazz on Wednesday nights. 

I've never ever had a b...","The review is extremely positive, highlighting the cafe's refreshing menu, excellent food quality, and unique offerings, with no negative comments or complaints.",True,True,"{""predicted_stars"": 5, ""explanation"": ""The review is extremely positive, highlighting the cafe's refreshing menu, excellent food quality, and unique offerings, with no negative comments or complaints.""}"
3,2,I have been by this spot many times and I needed a place to eat lunch so I stopped in... I entered the restaurant and was seated right away. But then I sat there for a good 10 minutes and watched the ...,"The reviewer had a mixed experience with both positive and negative aspects, but the negative experiences, such as poor service and subpar food quality, outweighed the positives, leading to a 2-star rating.",True,False,"{
  ""predicted_stars"": 2,
  ""explanation"": ""The reviewer had a mixed experience with both positive and negative aspects, but the negative experiences, such as poor service and subpar food quality, outweighed the positives, leading to a 2-star rating.""
}"
1,2,"My part Jewish friend has been raving about this deli so come payday we went to check it out. Ive been in Phoenix a little over a month and have been getting sick from the food here...diarrhea lots, s...","The reviewer expresses significant complaints about the food quality, value, and size of the sandwiches, but mentions a positive aspect of the fries, indicating a generally poor experience.",True,False,"{""predicted_stars"": 2, ""explanation"": ""The reviewer expresses significant complaints about the food quality, value, and size of the sandwiches, but mentions a positive aspect of the fries, indicating a generally poor experience.""}"
1,2,"I love Saddle Ranch for its casual night time festivities (including watching people ride the mechanical bull hehehe), but I cannot ignore the fact that the food was disgusting!

When I think of my me...","The reviewer expresses strong dissatisfaction with the food quality, describing it as 'disgusting', 'dry', and 'tasteless', but enjoys the fun atmosphere and unique desserts, indicating a mixed experience.",True,False,"{""predicted_stars"": 2, ""explanation"": ""The reviewer expresses strong dissatisfaction with the food quality, describing it as 'disgusting', 'dry', and 'tasteless', but enjoys the fun atmosphere and unique desserts, indicating a mixed experience.""}"
2,3,"a little greasy for my skin but the presentation is organic and fun! 
glitter, rubber ducks, bath fizzies and tons of soap make for a great one stop shop when you're shopping for those girlfriends you...","The review expresses a mixed sentiment, highlighting the unique and fun presentation, but also mentioning a drawback (greasiness) that prevents the reviewer from fully enjoying the experience.",True,False,"{
  ""predicted_stars"": 3,
  ""explanation"": ""The review expresses a mixed sentiment, highlighting the unique and fun presentation, but also mentioning a drawback (greasiness) that prevents the reviewer from fully enjoying the experience.""
}"
5,4,"I found some great t-shirts for friends here, including one from a local PHX artist with a grinning skull.  

If you're a hipster or looking to buy gifts for one, then this is the place to go. 

Plus,...","The review is generally positive, praising the store's selection and the clerk's fitting in with the surroundings, but lacks specific comments on food quality, service, or ambiance, suggesting a good but not exceptional experience.",True,False,"{""predicted_stars"": 4, ""explanation"": ""The review is generally positive, praising the store's selection and the clerk's fitting in with the surroundings, but lacks specific comments on food quality, service, or ambiance, suggesting a good but not exceptional experience.""}"
4,5,Cevapi and Burek oh my!! Plus I got to hang with my fabulous friend Amra! Score! We wanted something extra good to eat after finishing our Mud Factor race on Saturday and lord knows I have been cravin...,"The reviewer uses highly positive language throughout the review, mentioning 'Score!', 'win, win', 'piping hot', and 'one VERY happy woman', indicating an exceptional experience with no major complaints.",True,False,"{""predicted_stars"": 5, ""explanation"": ""The reviewer uses highly positive language throughout the review, mentioning 'Score!', 'win, win', 'piping hot', and 'one VERY happy woman', indicating an exceptional experience with no major complaints.""}"
1,1,Do not go to this car wash. I dropped my kids off at choir and thought I'd run in for a quick car wash. Oh no! They locked my keys in the car. I couldn't get On-Star to unlock my Suburban because it w...,"The reviewer expresses extreme frustration and anger towards the car wash's incompetence, poor service, and lack of compensation, indicating a terrible experience.",True,True,"{""predicted_stars"": 1, ""explanation"": ""The reviewer expresses extreme frustration and anger towards the car wash's incompetence, poor service, and lack of compensation, indicating a terrible experience.""}"
2,3,This place is so so.  Ok food.  Ok atmosphere.  Just a decent restaurant in Buckeye....,"The review uses neutral language, indicating an average experience with no significant complaints or strong positives, suggesting a 3-star rating.",True,False,"{
  ""predicted_stars"": 3,
  ""explanation"": ""The review uses neutral language, indicating an average experience with no significant complaints or strong positives, suggesting a 3-star rating.""
}"
5,5,I love love Barrio Cafe. The food is amazing and it is very cute and artsy....,"The review uses highly positive language, such as 'love love' and 'amazing', indicating an exceptional experience with no negative comments.",True,True,"{
  ""predicted_stars"": 5,
  ""explanation"": ""The review uses highly positive language, such as 'love love' and 'amazing', indicating an exceptional experience with no negative comments.""
}"
4,4,"The cookies and breakfast pastries are to die for.  Just for those two items they deserve four stars.  Everything else, however, is just OK.  The rest of their foods are good but not great.  If you've...","The reviewer highly praises the cookies and breakfast pastries, but uses neutral language to describe the rest of the food, indicating a good but not exceptional experience.",True,True,"{""predicted_stars"": 4, ""explanation"": ""The reviewer highly praises the cookies and breakfast pastries, but uses neutral language to describe the rest of the food, indicating a good but not exceptional experience.""}"
5,5,I have passed this place for 20 years and had always heard good things. Well one night when we were kidless we went. It was pricier that we thought but we forgot the price once the meals arrived. We w...,"The reviewer uses highly positive language to describe their experience, mentioning 'warm homemade bread', 'awesome salads', and the 'escolar' melting in their mouth, indicating exceptional food quality and overall satisfaction.",True,True,"{""predicted_stars"": 5, ""explanation"": ""The reviewer uses highly positive language to describe their experience, mentioning 'warm homemade bread', 'awesome salads', and the 'escolar' melting in their mouth, indicating exceptional food quality and overall satisfaction.""}"
5,5,awesome and delicious place! good for groups!...,"The review uses highly positive language ('awesome', 'delicious') and highlights a strong aspect (good for groups), indicating an exceptional experience.",True,True,"{""predicted_stars"": 5, ""explanation"": ""The review uses highly positive language ('awesome', 'delicious') and highlights a strong aspect (good for groups), indicating an exceptional experience.""}"
2,3,Food was pretty good but my biggest issue was with the service. We made a reservation and still had to wait an hour. Isn't the whole point of a reservation...so you don't have to wait an hour? One of ...,"The review has mixed sentiments, with positive comments about the food quality but significant complaints about the service, which outweighs the positives, resulting in an average rating.",True,False,"{""predicted_stars"": 3, ""explanation"": ""The review has mixed sentiments, with positive comments about the food quality but significant complaints about the service, which outweighs the positives, resulting in an average rating.""}"
2,2,"My friends and I got a 10-person karaoke room and ordered food while we sang. The room is SMALL --in other K places I've been to, that would have been a room for 5 people. With 10 people in there, we ...","The reviewer expresses significant complaints about the karaoke room's size, song choices, food quality, and ambiance, but mentions that the servers were 'very sweet' and made an effort to correct mistakes.",True,True,"{
  ""predicted_stars"": 2,
  ""explanation"": ""The reviewer expresses significant complaints about the karaoke room's size, song choices, food quality, and ambiance, but mentions that the servers were 'very sweet' and made an effort to correct mistakes.""
}"
3,4,"Food wise, this is my favorite Lenny's location. They make the perfect jalapeno cheese burger. The fries are really good too.

The location kind of sucks. Its  surrounded by a greyhound station, a liq...","The reviewer praises the food quality, specifically mentioning their favorite dish, but criticizes the location, indicating a good experience with minor issues.",True,False,"{
  ""predicted_stars"": 4,
  ""explanation"": ""The reviewer praises the food quality, specifically mentioning their favorite dish, but criticizes the location, indicating a good experience with minor issues.""
}"
2,2,I believe this place is over-hyped.  the menu is overpriced.  the portions are small.  the meat is low quality.  slow service.  sterile decor....,"The reviewer expresses strong negative sentiments about food quality, service, and value, with minor complaints about ambiance, indicating a poor experience.",True,True,"{""predicted_stars"": 2, ""explanation"": ""The reviewer expresses strong negative sentiments about food quality, service, and value, with minor complaints about ambiance, indicating a poor experience.""}"
5,4,"Tucked on the western edge of the Foothill Acres neighborhood in North Phoenix or what I would call ""The Slope"", Try Me Bicycle Shop has been in business for nearly 40 years and has been collecting th...","The review highlights the shop's extensive inventory, good service, and free amenities, indicating a positive experience with minor issues, which aligns with a 4-star rating.",True,False,"{""predicted_stars"": 4, ""explanation"": ""The review highlights the shop's extensive inventory, good service, and free amenities, indicating a positive experience with minor issues, which aligns with a 4-star rating.""}"
2,2,"Jewish girls in Chinese dresses serving Japanese food. If that isn't a recipe for confusion, I don't know what is.

Too bad, really. Because when they first opened up, they had a real Japanese chef wh...","The reviewer expresses strong dissatisfaction with the restaurant's food quality, authenticity, and overall experience, citing confusion, poor service, and false advertising, but mentions a redeeming quality in their happy hour and late night patio.",True,True,"{""predicted_stars"": 2, ""explanation"": ""The reviewer expresses strong dissatisfaction with the restaurant's food quality, authenticity, and overall experience, citing confusion, poor service, and false advertising, but mentions a redeeming quality in their happy hour and late night patio.""}"
2,2,"Beatiful setting and good service. However, that doesn't make up for the $14 burger which was average at best and all three of ours were over cooked....","The reviewer mentions a beautiful setting and good service, but the poor food quality, specifically overcooked burgers, outweighs the positives, resulting in a mediocre rating.",True,True,"{
  ""predicted_stars"": 2,
  ""explanation"": ""The reviewer mentions a beautiful setting and good service, but the poor food quality, specifically overcooked burgers, outweighs the positives, resulting in a mediocre rating.""
}"
3,2,"I can say that I used to love the place. Not so much any longer. 

Went over there this past Sunday at 7pm. Crowded, but still room to sit 6 of us. Here are a few simple notes to sum up the evening.

...","The reviewer expresses disappointment and frustration with their experience, citing poor service, worn-out ambiance, and a crowd that seems too young and rowdy, outweighing any potential positives.",True,False,"{""predicted_stars"": 2, ""explanation"": ""The reviewer expresses disappointment and frustration with their experience, citing poor service, worn-out ambiance, and a crowd that seems too young and rowdy, outweighing any potential positives.""}"
1,2,"As I promised myself, I'd go back again to try it again. Yyyeeaahhhh...sooooo....the food is still not good. I got the mongolian beef and it's like ""wha? really? is this IRL?"" 

I'm a chinese food kin...","The reviewer expresses disappointment and frustration with the food quality, indicating a poor experience, but does not mention any extreme negative language or terrible service, ambiance, or value.",True,False,"{
  ""predicted_stars"": 2,
  ""explanation"": ""The reviewer expresses disappointment and frustration with the food quality, indicating a poor experience, but does not mention any extreme negative language or terrible service, ambiance, or value.""
}"
2,2,"The ""chicken burger"" with jerk sauce was gross. It was dried out with terrible flavor. The only saving grace was that it was small, which says enough right there. As another reviewed said, it was a gr...","The review expresses strong dissatisfaction with the food quality, specifically the 'chicken burger', and mentions a misunderstanding about the menu item, but does not mention any significant complaints about service or ambiance.",True,True,"{""predicted_stars"": 2, ""explanation"": ""The review expresses strong dissatisfaction with the food quality, specifically the 'chicken burger', and mentions a misunderstanding about the menu item, but does not mention any significant complaints about service or ambiance.""}"
5,5,"I never write these things. But I have to say that you will not be disappointed with Paletas Betty. Especially with the weather right now, it is a delicious and healthy treat, made with seasonal ingre...","The review is extremely positive, using phrases like 'you will not be disappointed', 'delicious and healthy treat', and 'served in heaven', indicating a highly exceptional experience.",True,True,"{""predicted_stars"": 5, ""explanation"": ""The review is extremely positive, using phrases like 'you will not be disappointed', 'delicious and healthy treat', and 'served in heaven', indicating a highly exceptional experience.""}"
5,5,"So, my husband and I went to to Bombero's for happy hour. Neither of us consider ourselves wine afficianados, but we know what we like. I told the server, Tim, that I wanted a heavy red, and he delive...","The reviewer thoroughly enjoyed the food, service, and ambiance, with specific praise for the wine, bread, and bruschetta, indicating a highly positive experience.",True,True,"{""predicted_stars"": 5, ""explanation"": ""The reviewer thoroughly enjoyed the food, service, and ambiance, with specific praise for the wine, bread, and bruschetta, indicating a highly positive experience.""}"
4,4,The food here was really good. I ordered the sesamie chicken and the sauce was very good. The service was marginal at best but it didn't annoy me. I'd go back...,"The reviewer praises the food quality, but criticizes the service as 'marginal', indicating a good experience with minor issues.",True,True,"{
  ""predicted_stars"": 4,
  ""explanation"": ""The reviewer praises the food quality, but criticizes the service as 'marginal', indicating a good experience with minor issues.""
}"
1,2,"I used to love Banana Republic.  I stopped by at lunch to buy a few outfits, I wasted quite a bit of time in this store...to an frazzeling degree.  The choppy layout of the new store is annoying.  The...","The reviewer expresses significant dissatisfaction with the store's layout, clothing line, and overall experience, indicating a poor experience with significant complaints.",True,False,"{""predicted_stars"": 2, ""explanation"": ""The reviewer expresses significant dissatisfaction with the store's layout, clothing line, and overall experience, indicating a poor experience with significant complaints.""}"
4,5,"It's really easy to write reviews about places like D'licious Dishes.  This was my second visit since Petite Fromage sadly closed.  This time, I was with my mother and wife.  We each ordered a sandwic...","The reviewer uses highly positive language to describe their experience, mentioning that everything was 'really very good' and that they plan to make it their standing Saturday lunch spot, indicating an exceptional experience.",True,False,"{
  ""predicted_stars"": 5,
  ""explanation"": ""The reviewer uses highly positive language to describe their experience, mentioning that everything was 'really very good' and that they plan to make it their standing Saturday lunch spot, indicating an exceptional experience.""
}"
5,5,"I was craving some sweets today and told my husband about this place. Apparently, one needs to make an appointment but my husband made one right away when he called. We got a Baileys cupcake, a chocol...","The reviewer uses highly positive language, such as 'DELICIOUS' and 'great', to describe the food quality, and mentions a positive experience with service and gluten-free options.",True,True,"{
  ""predicted_stars"": 5,
  ""explanation"": ""The reviewer uses highly positive language, such as 'DELICIOUS' and 'great', to describe the food quality, and mentions a positive experience with service and gluten-free options.""
}"
1,2,"So i thought with all the controversy surrounding this place, I would support the first amendment with my wallet. Unfortunately our experience here was subpar to say the least. We came in on a 3pm on ...","The reviewer expresses significant complaints about the service, food quality, and value, with only a minor positive mention of the Philadelphia roll, indicating a poor overall experience.",True,False,"{""predicted_stars"": 2, ""explanation"": ""The reviewer expresses significant complaints about the service, food quality, and value, with only a minor positive mention of the Philadelphia roll, indicating a poor overall experience.""}"
2,2,"The kids and I LOVE Starbucks but this one leaves a lot to be desired.. We have been here a hand full of time and each time I keep asking myself why do I go back to this one? 

The service there is al...","The reviewer expresses significant complaints about the service, ambiance, and overall experience, but mentions a slight improvement in their last visit, indicating a mixed but generally negative experience.",True,True,"{""predicted_stars"": 2, ""explanation"": ""The reviewer expresses significant complaints about the service, ambiance, and overall experience, but mentions a slight improvement in their last visit, indicating a mixed but generally negative experience.""}"
4,4,"I'm giving 4 stars because I just love to find this many artifacts of the basket and clay varieties when I visit a museum. It really amazes me, the craftmanship of our ancient peoples! This small muse...","The reviewer expresses overall satisfaction with the museum visit, highlighting the artifacts, craftsmanship, and informative experience, but mentions a minor issue with not being able to use their discount.",True,True,"{""predicted_stars"": 4, ""explanation"": ""The reviewer expresses overall satisfaction with the museum visit, highlighting the artifacts, craftsmanship, and informative experience, but mentions a minor issue with not being able to use their discount.""}"
4,4,"I used to work near here and we got take out a lot. 

My favorites: spinach enchiladas, green corn tamale, chicken mini chimis ( they come with a green chile cream cheese dip, OMG). 

I loved their te...","The reviewer expresses strong positive language about the food, mentioning specific favorites and a 'tex mex spin' that they enjoyed, but does not comment on service or ambiance, suggesting a good but not exceptional experience.",True,True,"{""predicted_stars"": 4, ""explanation"": ""The reviewer expresses strong positive language about the food, mentioning specific favorites and a 'tex mex spin' that they enjoyed, but does not comment on service or ambiance, suggesting a good but not exceptional experience.""}"
4,4,"Man, if these guys were trying to replicate a gringo bar in Mexico down to every last detail, then they have it absolutely nailed. Sorry to ruin the mystery of the name. The building itself is a spect...","The reviewer praises the unique ambiance and value of Dos Gringos, but criticizes the delayed opening time, which is somewhat mitigated by the affordable Sunday brunch buffet. Overall, the review highlights the positives while acknowledging minor issues.",True,True,"{""predicted_stars"": 4, ""explanation"": ""The reviewer praises the unique ambiance and value of Dos Gringos, but criticizes the delayed opening time, which is somewhat mitigated by the affordable Sunday brunch buffet. Overall, the review highlights the positives while acknowledging minor issues.""}"
3,3,Sometimes the downside of Yelp is that you read so many great reviews for a new restaurant and you garner these very high expectations. That's what happened with St. Francis anyways. Our bartender was...,"The review mentions a negative experience with service, but a positive experience with the dessert, indicating a mixed experience that warrants a neutral rating.",True,True,"{
  ""predicted_stars"": 3,
  ""explanation"": ""The review mentions a negative experience with service, but a positive experience with the dessert, indicating a mixed experience that warrants a neutral rating.""
}"
3,4,"They have high definition pictures of their menu items proudly displayed on the walls, and I like that.

Regarding the Chicken Pad Thai. The chicken and tofu were cooked perfectly, but the noodles wer...","The reviewer mentions several positive aspects, such as high-quality food, great spring rolls, and friendly service, but also notes some minor issues with the noodles and the Thai noodle bowl's flavor and value.",True,False,"{""predicted_stars"": 4, ""explanation"": ""The reviewer mentions several positive aspects, such as high-quality food, great spring rolls, and friendly service, but also notes some minor issues with the noodles and the Thai noodle bowl's flavor and value.""}"
3,3,I love Cheuvronts and have been going there regularly for years. Why only three stars then? Over the past year and a half the service has gone downhill. I find that the servers are impersonal and rigi...,"The reviewer expresses a generally positive sentiment towards the restaurant's food quality and happy hour, but criticizes the decline in service, which outweighs the positives, resulting in an average rating.",True,True,"{""predicted_stars"": 3, ""explanation"": ""The reviewer expresses a generally positive sentiment towards the restaurant's food quality and happy hour, but criticizes the decline in service, which outweighs the positives, resulting in an average rating.""}"
3,3,"* 5 stars for uniqueness - This place has very interesting food and flavors that aren't common around here.

* 5 stars for the staff - Everybody was very fast and friendly.

* 5 stars for coolness of ...","The reviewer praises the uniqueness of the food, friendly staff, and cool location, but criticizes the value, stating they felt hungry and ripped off after leaving, which outweighs the positive aspects.",True,True,"{""predicted_stars"": 3, ""explanation"": ""The reviewer praises the uniqueness of the food, friendly staff, and cool location, but criticizes the value, stating they felt hungry and ripped off after leaving, which outweighs the positive aspects.""}"
2,2,"I've never had Thai food before so I suppose I have nothing to compare it to, but this restaurant didn't serve very tasty food. Maybe it was just what I ordered. I don't know. Plus it had a funny smel...","The reviewer expresses disappointment with the food quality and ambiance, but the tone is not extremely negative, indicating a mediocre experience.",True,True,"{
  ""predicted_stars"": 2,
  ""explanation"": ""The reviewer expresses disappointment with the food quality and ambiance, but the tone is not extremely negative, indicating a mediocre experience.""
}"
4,4,"I'm not sure how I've missed trying this place, after over a decade of living in the Valley, partly as an ASU student in need of a good hang-over recovery joint. I can't believe I relied exclusively o...","The reviewer had a generally positive experience, with good food quality and friendly service, but deducted a star due to dry chicken pieces, indicating minor issues.",True,True,"{""predicted_stars"": 4, ""explanation"": ""The reviewer had a generally positive experience, with good food quality and friendly service, but deducted a star due to dry chicken pieces, indicating minor issues.""}"
5,5,So yummy in my tummy. My sister and I went here for dinner and the food was as always-- very yummy. We had the marinated BBQ pork and the seafood hot pot at hot. We finished half the of the plates bec...,"The reviewer uses highly positive language throughout the review, mentioning 'yummy', 'awesome service', and 'so GOOOOOD', indicating an exceptional experience with no major complaints.",True,True,"{""predicted_stars"": 5, ""explanation"": ""The reviewer uses highly positive language throughout the review, mentioning 'yummy', 'awesome service', and 'so GOOOOOD', indicating an exceptional experience with no major complaints.""}"
1,2,"PIECE OF **** manager wouldn't put air conditioning on yesterday. It was 90.
They just lost alot of business....","The review expresses strong dissatisfaction with the service, specifically the manager's decision not to turn on the air conditioning, indicating a poor experience. The mention of 'lost alot of business' suggests a significant complaint.",True,False,"{""predicted_stars"": 2, ""explanation"": ""The review expresses strong dissatisfaction with the service, specifically the manager's decision not to turn on the air conditioning, indicating a poor experience. The mention of 'lost alot of business' suggests a significant complaint.""}"
5,5,"Southwest blows its competitors so far out of the water I actually feel bad for the other airlines.  
1. Of the countless times I've flown with them, my flight has been delayed only twice and both tim...","The review is extremely positive, highlighting Southwest's exceptional performance in multiple aspects, including reliability, customer service, and value, with no significant complaints or negative language.",True,True,"{""predicted_stars"": 5, ""explanation"": ""The review is extremely positive, highlighting Southwest's exceptional performance in multiple aspects, including reliability, customer service, and value, with no significant complaints or negative language.""}"
2,4,"This gas station is like the bermuda triangle of gas stations!
I came here w/ a friend on a first friday, she was DD'ing and i was her passenger ""and i ride and i ride i ride through the city's backsi...","The reviewer had a mixed experience with both negative and positive aspects, but the kindness of the Mexican teenagers who helped them greatly outweighed the initial issues, resulting in a generally positive review.",True,False,"{""predicted_stars"": 4, ""explanation"": ""The reviewer had a mixed experience with both negative and positive aspects, but the kindness of the Mexican teenagers who helped them greatly outweighed the initial issues, resulting in a generally positive review.""}"
3,3,If you have to travel to Phoenix (Yay!) then chances are you have to travel through Sky Harbor (Boo!). There's also a decent chance you'll consider traveling on Southwest (Boo!) but as airlines (Boo!)...,"The review expresses a generally neutral tone, with some positive comments about Southwest's free baggage policy and decent presence at Sky Harbor airport, but also mentions several negative aspects such as the airport itself and occasional issues with flights.",True,True,"{""predicted_stars"": 3, ""explanation"": ""The review expresses a generally neutral tone, with some positive comments about Southwest's free baggage policy and decent presence at Sky Harbor airport, but also mentions several negative aspects such as the airport itself and occasional issues with flights.""}"
1,1,"Ok, so I have to share my morning experience. But first I must start off by saying this: I'm no moron. Honest. 

So, this morning I stopped for gas. My tank was getting dangerously low and there was n...","The reviewer expresses extreme frustration and annoyance with the ampm station's unique payment system, describing it as 'torment' and stating they will 'never go back'. The tone is overwhelmingly negative, with no redeeming qualities mentioned.",True,True,"{
  ""predicted_stars"": 1,
  ""explanation"": ""The reviewer expresses extreme frustration and annoyance with the ampm station's unique payment system, describing it as 'torment' and stating they will 'never go back'. The tone is overwhelmingly negative, with no redeeming qualities mentioned.""
}"
3,3,"what better way to end a perfect Spring training baseball day than with a marg, Mexican food and your girlfriends...
the local in the group said this place would be crowded on a Sat night, so we weren...","The reviewer mentions some positive aspects such as the menu variety and certain dishes like the shrimp chilaquiles, but also expresses disappointment with the service, wait time, and quality of the margarita, resulting in an average rating.",True,True,"{""predicted_stars"": 3, ""explanation"": ""The reviewer mentions some positive aspects such as the menu variety and certain dishes like the shrimp chilaquiles, but also expresses disappointment with the service, wait time, and quality of the margarita, resulting in an average rating.""}"
5,5,"Been here twice now and wish I could say more. The food is delicious, the set up is really relaxing and service is great. A great place to take an out of town guest. Happy hour menu has these amazing ...","The review is highly positive, mentioning delicious food, great service, and a relaxing ambiance, with no significant complaints or minor issues mentioned.",True,True,"{""predicted_stars"": 5, ""explanation"": ""The review is highly positive, mentioning delicious food, great service, and a relaxing ambiance, with no significant complaints or minor issues mentioned.""}"
3,2,"Update:  Unfortunately... the last two times we've come back, the food was just ok.  Definitely not $140.00 great.   We even went for their three plate combo for $40.00 / person, and the cupcake it ca...","The reviewer expresses disappointment with the food quality and value, citing high prices and unimpressive dishes, indicating a poor experience.",True,False,"{""predicted_stars"": 2, ""explanation"": ""The reviewer expresses disappointment with the food quality and value, citing high prices and unimpressive dishes, indicating a poor experience.""}"
