actual_stars,predicted_stars,review_text,explanation,success,correct,raw_response
3,,"I like to call this ""My Basha's"".    On the positive side, the selection of wine and beers is pretty extensive, the produce is fresh with quite a few organic choices.  The natural foods section has a ...",,False,False,Invalid control character at: line 3 column 82 (char 107)
1,1.0,"This place was the worst place to EVER live! I lived here from Aug 2010 to may 2011, i was always in the office see when the grates would be fixed?? the office always gave me the run around very rude....","Based on the review, the food quality, service quality, ambiance, and value for money are not relevant as this review is about a living experience. However, the overall tone is extremely negative. The reviewer uses strong negative language such as 'worst place to EVER live', 'rude', 'gun shoots', 'assaults', 'car break ins', 'Mexican thugs', 'drug cat calling', 'gross', 'hated living here', 'scammed', and 'god awful company'. They also mention several significant issues such as broken gates, non-functional gym equipment, and a dispute over a $300 bill. The reviewer's tone is intense and emotional, and they explicitly state that they would not recommend this place to anyone. Therefore, based on the review, I predict 1 star.",True,True,"{
  ""predicted_stars"": 1,
  ""explanation"": ""Based on the review, the food quality, service quality, ambiance, and value for money are not relevant as this review is about a living experience. However, the overall tone is extremely negative. The reviewer uses strong negative language such as 'worst place to EVER live', 'rude', 'gun shoots', 'assaults', 'car break ins', 'Mexican thugs', 'drug cat calling', 'gross', 'hated living here', 'scammed', and 'god awful company'. They also mention several significant issues such as broken gates, non-functional gym equipment, and a dispute over a $300 bill. The reviewer's tone is intense and emotional, and they explicitly state that they would not recommend this place to anyone. Therefore, based on the review, I predict 1 star.""
}"
1,,I dont understand how a second restaurant was opened on Tatum . My husband and gave these place too many chances and wach time the food was not impressive. The margaritas come from a stolen recipe fro...,,False,False,Invalid control character at: line 3 column 474 (char 499)
4,5.0,"Awesome Donuts! 

The only thing is, I was expecting the light fluffy glazed that Krispy Kreme has. This is not the same. HOWEVER these donuts are homemade delicious and why not support small business...","Based on the review, the reviewer uses positive language throughout, such as 'Awesome Donuts', 'homemade delicious', 'why not support small businesses', 'LOVED the donuts', 'amazing', and 'the best donut place I have been to in AZ'. They also mention specific positive experiences, like the nice customer service and the freshness of the donuts. Although they mention some minor issues with the texture of the donuts, they frame it as a personal preference rather than a major problem. The reviewer also explicitly states that the buttermilk donut is 'TOTALLY worth the late night trip', which suggests a high level of enthusiasm. Overall, the reviewer's tone is overwhelmingly positive, and they seem to be genuinely enthusiastic about the donuts and the business. Therefore, I predict 5 stars.",True,False,"{
  ""predicted_stars"": 5,
  ""explanation"": ""Based on the review, the reviewer uses positive language throughout, such as 'Awesome Donuts', 'homemade delicious', 'why not support small businesses', 'LOVED the donuts', 'amazing', and 'the best donut place I have been to in AZ'. They also mention specific positive experiences, like the nice customer service and the freshness of the donuts. Although they mention some minor issues with the texture of the donuts, they frame it as a personal preference rather than a major problem. The reviewer also explicitly states that the buttermilk donut is 'TOTALLY worth the late night trip', which suggests a high level of enthusiasm. Overall, the reviewer's tone is overwhelmingly positive, and they seem to be genuinely enthusiastic about the donuts and the business. Therefore, I predict 5 stars.""
}"
4,5.0,Our visit to Scottsdale brought us into Fountain Hills to look for a home. While we were there we decided to look at the beautiful fountain we heard so much about. That's when we happened upon this pl...,"Based on the review, the food quality is positive (""The pizza was fantastic!!!""). The service quality is not mentioned, but the ambiance is positive (""beautiful fountain""). The value for money is also positive, as the reviewer was so impressed that it made them want to move to the area. In terms of rating signals, the reviewer uses the phrase ""fantastic"", which aligns with a 5-star rating. The overall tone is extremely positive, with a high intensity of emotions. The reviewer would likely return and recommends the place, further supporting a 5-star prediction.",True,False,"{
  ""predicted_stars"": 5,
  ""explanation"": ""Based on the review, the food quality is positive (\""The pizza was fantastic!!!\""). The service quality is not mentioned, but the ambiance is positive (\""beautiful fountain\""). The value for money is also positive, as the reviewer was so impressed that it made them want to move to the area. In terms of rating signals, the reviewer uses the phrase \""fantastic\"", which aligns with a 5-star rating. The overall tone is extremely positive, with a high intensity of emotions. The reviewer would likely return and recommends the place, further supporting a 5-star prediction.""
}"
3,4.0,"My niece want to go here for her birthday, on a Friday night.  The wait was about 30 min.  

The onion blossom was not as crispy as I remember but still pretty good. Its horseradish sauce was stronger...","Based on the analysis, the reviewer had mixed feelings about the food quality. They mentioned that the onion blossom was 'pretty good' but not as crispy as expected, and the steak lacked taste. However, the lobster tail was grilled right, and their daughter's steak was cooked as ordered. The reviewer also mentioned that the service was 'good' and the waitress was 'very friendly.' The ambiance and value for money were not explicitly mentioned. The reviewer's tone is generally neutral, with a slight leaning towards positive due to the good service. However, the mixed feelings about the food quality prevent it from being a 5-star review. Overall, the reviewer seems to have enjoyed their experience, but with some minor issues, which aligns with a 4-star rating.",True,False,"{
  ""predicted_stars"": 4,
  ""explanation"": ""Based on the analysis, the reviewer had mixed feelings about the food quality. They mentioned that the onion blossom was 'pretty good' but not as crispy as expected, and the steak lacked taste. However, the lobster tail was grilled right, and their daughter's steak was cooked as ordered. The reviewer also mentioned that the service was 'good' and the waitress was 'very friendly.' The ambiance and value for money were not explicitly mentioned. The reviewer's tone is generally neutral, with a slight leaning towards positive due to the good service. However, the mixed feelings about the food quality prevent it from being a 5-star review. Overall, the reviewer seems to have enjoyed their experience, but with some minor issues, which aligns with a 4-star rating.""
}"
2,,"Possibly the creepiest convenience store I have ever been to.  I mean, it's sandwiched between a strip mall and a giant dirt lot....",,False,False,Invalid control character at: line 3 column 65 (char 90)
5,1.0,Tried going there for my 1st visit and they were closed during hours they were supposed to be open.  Have tried calling them a few times during normal business hours and did not get anyone to pickup. ...,"Based on the review, the customer had a very negative experience. They were unable to visit the establishment because it was closed during its supposed operating hours, and they were unable to contact anyone when they tried calling. The customer also expresses uncertainty about whether the establishment is still open, which suggests a lack of confidence in the business. This aligns with the 1-star rating signals, which include phrases like 'terrible', 'worst', and 'never again'. The overall tone of the review is negative, with no positive words or phrases, and a strong sense of disappointment and frustration.",True,False,"{
  ""predicted_stars"": 1,
  ""explanation"": ""Based on the review, the customer had a very negative experience. They were unable to visit the establishment because it was closed during its supposed operating hours, and they were unable to contact anyone when they tried calling. The customer also expresses uncertainty about whether the establishment is still open, which suggests a lack of confidence in the business. This aligns with the 1-star rating signals, which include phrases like 'terrible', 'worst', and 'never again'. The overall tone of the review is negative, with no positive words or phrases, and a strong sense of disappointment and frustration.""
}"
5,,"I just stopped at Biagio nail place today and got my mani and pedi done, it was fabulous. Tiffany gave me great feet and my neck massage. She does really job. The shellac manicure was really nice she ...",,False,False,Invalid control character at: line 3 column 82 (char 107)
2,2.0,Love the coffee not thrilled about my service. Of the 4-3 times I have been in the barista has never been behind the counter ready to serve me.  Every time that I have walked in they follow me off the...,"Based on the review, the food quality (coffee) is positive, but the service quality is negative due to the barista's unavailability and perceived slacking. The ambiance is also negative due to the smoking. The value for money is not explicitly mentioned, but the overall tone suggests that the reviewer is disappointed. The reviewer uses words like 'not thrilled', 'huge slackers', and expresses frustration, indicating a negative tone. The reviewer also mentions that they have had similar experiences multiple times, which suggests that the issues are not isolated. Overall, the reviewer's negative experience with service and ambiance outweighs their positive experience with the coffee, leading to a prediction of 2 stars.",True,True,"{
  ""predicted_stars"": 2,
  ""explanation"": ""Based on the review, the food quality (coffee) is positive, but the service quality is negative due to the barista's unavailability and perceived slacking. The ambiance is also negative due to the smoking. The value for money is not explicitly mentioned, but the overall tone suggests that the reviewer is disappointed. The reviewer uses words like 'not thrilled', 'huge slackers', and expresses frustration, indicating a negative tone. The reviewer also mentions that they have had similar experiences multiple times, which suggests that the issues are not isolated. Overall, the reviewer's negative experience with service and ambiance outweighs their positive experience with the coffee, leading to a prediction of 2 stars.""
}"
2,1.0,burgers were terribly unoriginal.  french fries came strait out of the safeway freezer section.  the guy working was so hungover it was kind of sad to watch....,"Based on the review, the food quality is negative ('burgers were terribly unoriginal', 'french fries came straight out of the Safeway freezer section'), indicating a score of 1 star for this dimension. The service quality is also negative ('the guy working was so hungover it was kind of sad to watch'), further supporting a 1-star rating. The ambiance is not mentioned, but the overall tone of the review is negative. The reviewer expresses disappointment and frustration, indicating they would not return. The only positive aspect is the mention of the worker's hungover state, but this is not presented as a redeeming quality. Therefore, the predicted rating is 1 star.",True,False,"{
  ""predicted_stars"": 1,
  ""explanation"": ""Based on the review, the food quality is negative ('burgers were terribly unoriginal', 'french fries came straight out of the Safeway freezer section'), indicating a score of 1 star for this dimension. The service quality is also negative ('the guy working was so hungover it was kind of sad to watch'), further supporting a 1-star rating. The ambiance is not mentioned, but the overall tone of the review is negative. The reviewer expresses disappointment and frustration, indicating they would not return. The only positive aspect is the mention of the worker's hungover state, but this is not presented as a redeeming quality. Therefore, the predicted rating is 1 star.""
}"
5,,"Beautiful restaurant! Terrrific service! 

Wonderful, fresh and authentic cuisine - what more can I say but don't miss the Carpaccio!...",,False,False,Invalid control character at: line 3 column 64 (char 89)
5,5.0,"Great views, great food, great service and great atmosphere!  We thoroughly enjoyed our dinner here and couldn't believe the neighborhood special - 3 courses for $35!

The split pea soup was amazing a...","Based on the review, the food quality is positive ('great food', 'amazing split pea soup'), the service quality is positive ('great service'), the ambiance is positive ('great views', 'great atmosphere'), and the value for money is positive ('neighborhood special - 3 courses for $35'). The reviewer used several positive rating signals ('great', 'amazing', 'enjoyed') and expressed enthusiasm and satisfaction with their experience. The overall tone is extremely positive, with a high intensity of emotions. The reviewer explicitly states that they 'thoroughly enjoyed' their dinner and would likely return.",True,True,"{
  ""predicted_stars"": 5,
  ""explanation"": ""Based on the review, the food quality is positive ('great food', 'amazing split pea soup'), the service quality is positive ('great service'), the ambiance is positive ('great views', 'great atmosphere'), and the value for money is positive ('neighborhood special - 3 courses for $35'). The reviewer used several positive rating signals ('great', 'amazing', 'enjoyed') and expressed enthusiasm and satisfaction with their experience. The overall tone is extremely positive, with a high intensity of emotions. The reviewer explicitly states that they 'thoroughly enjoyed' their dinner and would likely return.""
}"
2,2.0,"Successfully blending the idea of bar food and airline food into one very disappointing meal. A poor choice for breakfast due to mealy/watery eggs, cold potatoes and bland salsa. Even the grapefruit j...","Based on the analysis, the review is negative overall. In STEP 1, the dimensions are: Food Quality - negative, Service Quality - not mentioned, Ambiance - not mentioned, Value for Money - not mentioned. In STEP 2, the rating signals are: 'disappointing', 'poor', 'mealy/watery eggs', 'cold potatoes', 'bland salsa', and 'lacked flavor', which align with 2-star rating signals. In STEP 3, the tone is negative with a focus on the poor food quality, and there's no indication of sarcasm or irony. The reviewer expresses disappointment and would likely not return. In STEP 4, considering the negative tone and the significant issues with the food, the final prediction is 2 stars.",True,True,"{""predicted_stars"": 2, ""explanation"": ""Based on the analysis, the review is negative overall. In STEP 1, the dimensions are: Food Quality - negative, Service Quality - not mentioned, Ambiance - not mentioned, Value for Money - not mentioned. In STEP 2, the rating signals are: 'disappointing', 'poor', 'mealy/watery eggs', 'cold potatoes', 'bland salsa', and 'lacked flavor', which align with 2-star rating signals. In STEP 3, the tone is negative with a focus on the poor food quality, and there's no indication of sarcasm or irony. The reviewer expresses disappointment and would likely not return. In STEP 4, considering the negative tone and the significant issues with the food, the final prediction is 2 stars.""}"
5,5.0,Delish & authentic! The serving was generous (meat combo fed 2). The injera was good (not too thick/doughy). Spicy and yummy. I would like to return and experience their coffee ceremony....,"Based on the review, the food quality is positive (delish, authentic, generous serving, good injera, spicy and yummy). The service quality is not mentioned directly, but the generous serving implies good service. The ambiance is not mentioned. The value for money is positive (generous serving for 2 people). The rating signal is 'amazing' (delish), which corresponds to 5 stars. The overall tone is positive, with a count of positive words (delish, authentic, generous, good, spicy, yummy) outweighing negative words. There is no sarcasm or irony, and the intensity of emotions is high. The reviewer explicitly states they would like to return, indicating a high likelihood of returning.",True,True,"{""predicted_stars"": 5, ""explanation"": ""Based on the review, the food quality is positive (delish, authentic, generous serving, good injera, spicy and yummy). The service quality is not mentioned directly, but the generous serving implies good service. The ambiance is not mentioned. The value for money is positive (generous serving for 2 people). The rating signal is 'amazing' (delish), which corresponds to 5 stars. The overall tone is positive, with a count of positive words (delish, authentic, generous, good, spicy, yummy) outweighing negative words. There is no sarcasm or irony, and the intensity of emotions is high. The reviewer explicitly states they would like to return, indicating a high likelihood of returning.""}"
5,5.0,There is something for everyone on the menu. It's more than pizza. The service is great. Get a table on the terrace and you get the view of the park and fountain. I will keep going back....,"Based on the review, the food quality is not explicitly mentioned, but the variety of options on the menu suggests it's good. The service quality is positive, as the reviewer mentions it's 'great'. The ambiance is also positive, with the reviewer recommending a table on the terrace for the view. The value for money is not explicitly mentioned, but the reviewer's willingness to 'keep going back' implies they feel it's worth the cost. In terms of rating signals, the reviewer uses phrases like 'great' and 'keep going back', which align with a 5-star rating. The overall tone is positive, with no negative words or sarcasm detected. The intensity of emotions is high, with the reviewer expressing enthusiasm for the restaurant. Finally, the reviewer explicitly states they will return, which further supports a 5-star rating.",True,True,"{""predicted_stars"": 5, ""explanation"": ""Based on the review, the food quality is not explicitly mentioned, but the variety of options on the menu suggests it's good. The service quality is positive, as the reviewer mentions it's 'great'. The ambiance is also positive, with the reviewer recommending a table on the terrace for the view. The value for money is not explicitly mentioned, but the reviewer's willingness to 'keep going back' implies they feel it's worth the cost. In terms of rating signals, the reviewer uses phrases like 'great' and 'keep going back', which align with a 5-star rating. The overall tone is positive, with no negative words or sarcasm detected. The intensity of emotions is high, with the reviewer expressing enthusiasm for the restaurant. Finally, the reviewer explicitly states they will return, which further supports a 5-star rating.""}"
2,2.0,"Not good.
Very bland Thai food, ugh, the two words do not belong together, bland and Thai!
The Peanut sauce was the worst ever.
The Pad Thai and Tom Ka Gai soup were blech.
Fresh rolls large but no fl...","Based on the review, the food quality is negative (very bland Thai food, worst Peanut sauce, blech Pad Thai and Tom Ka Gai soup, no flavor in fresh rolls). The ambiance is not mentioned. The service quality is neutral (decent service). The value for money is not mentioned. In terms of rating signals, the reviewer uses words like 'not good', 'bland', 'worst', 'blech', which align with a 2-star rating. The overall tone is negative, with a strong emphasis on disappointment. The reviewer explicitly states that the experience was 'disappointing', which further supports a 2-star rating.",True,True,"{
  ""predicted_stars"": 2,
  ""explanation"": ""Based on the review, the food quality is negative (very bland Thai food, worst Peanut sauce, blech Pad Thai and Tom Ka Gai soup, no flavor in fresh rolls). The ambiance is not mentioned. The service quality is neutral (decent service). The value for money is not mentioned. In terms of rating signals, the reviewer uses words like 'not good', 'bland', 'worst', 'blech', which align with a 2-star rating. The overall tone is negative, with a strong emphasis on disappointment. The reviewer explicitly states that the experience was 'disappointing', which further supports a 2-star rating.""
}"
4,,"There have to be some considerations made when attending Frank and Lupe's: First off, you have to understand that it's not GREAT Mexican food. That is to say, it's not real high quality, but more of w...",,False,False,Invalid control character at: line 3 column 359 (char 384)
3,3.0,"The people who are either stocking the shelves, cleaning the floors, or behind the counter have all been polite so far. I have nothing really bad to say, but nothing really great either. Keep perserve...","Based on the review, the service quality is positive as the reviewer mentions that the staff have been polite. However, the overall tone is neutral as the reviewer states they have nothing really great or bad to say. The reviewer also expresses a sense of indifference, saying they'll write another review only if something 'outrageous' happens. This suggests that the experience was average and didn't leave a strong impression either way.",True,True,"{
  ""predicted_stars"": 3,
  ""explanation"": ""Based on the review, the service quality is positive as the reviewer mentions that the staff have been polite. However, the overall tone is neutral as the reviewer states they have nothing really great or bad to say. The reviewer also expresses a sense of indifference, saying they'll write another review only if something 'outrageous' happens. This suggests that the experience was average and didn't leave a strong impression either way.""
}"
2,,"Two stars for bad service and, damn, I have to the tell the truth, a lousy appetizer.  Had the braised leeks to start, which appeared to have been made less of leeks and more of a white cheese that I ...",,False,False,Invalid control character at: line 3 column 276 (char 301)
4,,"Want a unique date night?  Craving for something to do on your own?  Want to have an avenue to express your inner artistic abilities?  OK, here you go!

Very interesting concept: Pick a piece of potte...",,False,False,Invalid control character at: line 3 column 70 (char 95)
1,,One stop has one goal and that is to get the $80. diagnosis fee and split.  Francisco told me i needed to spend over $1300. for parts the manufacturer only charges $316 for. Stay away! I intend to fil...,,False,False,Invalid control character at: line 3 column 194 (char 219)
4,5.0,"This place is GREAT! I must have passed it a million times without knowing that it was tucked away in the complex. The sushi was awesome, the drinks were very reasonabally priced, we loved the decor a...","Based on the review, the reviewer uses positive language throughout, such as 'GREAT', 'awesome', 'reasonably priced', 'loved', and 'great'. This matches the 5-star rating signals. The reviewer also mentions specific strengths, including the sushi, drinks, decor, atmosphere, and service. The only minor comment is about the seating, but it's not a significant issue. The reviewer explicitly states that they will 'definitely be going back', indicating a high level of satisfaction and a strong likelihood of returning.",True,False,"{
  ""predicted_stars"": 5,
  ""explanation"": ""Based on the review, the reviewer uses positive language throughout, such as 'GREAT', 'awesome', 'reasonably priced', 'loved', and 'great'. This matches the 5-star rating signals. The reviewer also mentions specific strengths, including the sushi, drinks, decor, atmosphere, and service. The only minor comment is about the seating, but it's not a significant issue. The reviewer explicitly states that they will 'definitely be going back', indicating a high level of satisfaction and a strong likelihood of returning.""
}"
3,2.0,"Great food, bad service. Does anyone speak english in here?...","Based on the review, the food quality is positive ('Great food'), which corresponds to 4 stars. However, the service quality is negative ('bad service'), which brings the overall rating down. The tone of the review is also negative due to the sarcastic comment about not speaking English. The reviewer seems disappointed and would likely not return, which further supports a lower rating. Therefore, the predicted stars are 2.",True,False,"{
  ""predicted_stars"": 2,
  ""explanation"": ""Based on the review, the food quality is positive ('Great food'), which corresponds to 4 stars. However, the service quality is negative ('bad service'), which brings the overall rating down. The tone of the review is also negative due to the sarcastic comment about not speaking English. The reviewer seems disappointed and would likely not return, which further supports a lower rating. Therefore, the predicted stars are 2.""
}"
2,2.0,"So the place has Christmas lights, and a fair amount of ambiance, and supposedly there's a shirtless shot at 1:00 - which might make going back worth it.  Other than that, the service was less than la...","Based on the analysis, the reviewer mentions that the place has some ambiance and a potential reason to return (the shirtless shot at 1:00). However, they express disappointment with the service (less than lackluster) and the quality of the domestic kegs (flat). The reviewer explicitly states that they would not recommend the place unless it's 1:00 and the customer wants to see the shirtless shot, which suggests significant issues. This aligns with the 2-star rating signal, indicating 'disappointed' or 'not good'.",True,True,"{
  ""predicted_stars"": 2,
  ""explanation"": ""Based on the analysis, the reviewer mentions that the place has some ambiance and a potential reason to return (the shirtless shot at 1:00). However, they express disappointment with the service (less than lackluster) and the quality of the domestic kegs (flat). The reviewer explicitly states that they would not recommend the place unless it's 1:00 and the customer wants to see the shirtless shot, which suggests significant issues. This aligns with the 2-star rating signal, indicating 'disappointed' or 'not good'.""
}"
2,2.0,i think reviews for this place are based on happy hour experiences. the food was SHOCKINGLY hot and fast out the kitchen. methinks there's some heavy microwave usage going on. the interior of the rest...,"Based on the analysis, the reviewer's tone is negative. In STEP 1, the dimensions are as follows: Food Quality - negative, Service Quality - neutral, Ambiance - positive, Value for Money - negative. In STEP 2, the rating signals are mostly negative, with phrases like 'mediocre', 'overpriced', and 'shocking'. In STEP 3, the reviewer expresses disappointment and frustration, using words like 'disappointed' and 'joke'. They also suggest looking elsewhere for a better experience, indicating they would not return. The intensity of emotions is strong, with a focus on the negative aspects of their visit.",True,True,"{
  ""predicted_stars"": 2,
  ""explanation"": ""Based on the analysis, the reviewer's tone is negative. In STEP 1, the dimensions are as follows: Food Quality - negative, Service Quality - neutral, Ambiance - positive, Value for Money - negative. In STEP 2, the rating signals are mostly negative, with phrases like 'mediocre', 'overpriced', and 'shocking'. In STEP 3, the reviewer expresses disappointment and frustration, using words like 'disappointed' and 'joke'. They also suggest looking elsewhere for a better experience, indicating they would not return. The intensity of emotions is strong, with a focus on the negative aspects of their visit.""
}"
3,4.0,"Ok, they should be happy that I am understanding of the flying bug that landed in my dessert and died before it was served.  Yes, I found it as I was eating the dessert, grossed me out, but not necess...","Based on the review, the service quality is positive as the manager apologized and offered a solution. The ambiance is neutral as there's no mention of it being particularly good or bad. The food quality is positive as the reviewer enjoyed the scallops and green beans. However, there was an issue with a dead bug in the dessert, which is a significant issue but the reviewer seems understanding. The value for money is neutral as the reviewer doesn't mention it being a major factor in their experience. Overall, the reviewer had a great experience with the meal, but the incident with the bug brought it down to a 4-star experience.",True,False,"{
  ""predicted_stars"": 4,
  ""explanation"": ""Based on the review, the service quality is positive as the manager apologized and offered a solution. The ambiance is neutral as there's no mention of it being particularly good or bad. The food quality is positive as the reviewer enjoyed the scallops and green beans. However, there was an issue with a dead bug in the dessert, which is a significant issue but the reviewer seems understanding. The value for money is neutral as the reviewer doesn't mention it being a major factor in their experience. Overall, the reviewer had a great experience with the meal, but the incident with the bug brought it down to a 4-star experience.""
}"
2,,"Had a fun UYE get-together with Brian S. & Norm R. today to give this little Venezuelan cafe a try.  I had a Carne Esmechada Patacon, which is a sandwich with slices of plantain for the top & bottom, ...",,False,False,Invalid control character at: line 3 column 82 (char 107)
4,4.0,Good food and freindly staff. They have a nice selection on the menu. After seeing the table next to me I wish I'd of had the house specialty....blueberry pancakes. Next time...........,"Based on the review, the food quality is positive as the reviewer mentions 'good food' and expresses a desire to try the house specialty next time. The service quality is also positive as they describe the staff as 'friendly'. The ambiance is neutral as it's not mentioned explicitly, but the reviewer does mention seeing the table next to them, which implies a casual dining environment. The value for money is neutral as well, as there's no mention of price or value. In terms of rating signals, the reviewer uses phrases like 'good' and 'friendly', which aligns with a 4-star rating. The tone of the review is generally positive, with a hint of regret for not trying the house specialty. The reviewer also expresses a desire to return, which suggests a positive overall experience.",True,True,"{""predicted_stars"": 4, ""explanation"": ""Based on the review, the food quality is positive as the reviewer mentions 'good food' and expresses a desire to try the house specialty next time. The service quality is also positive as they describe the staff as 'friendly'. The ambiance is neutral as it's not mentioned explicitly, but the reviewer does mention seeing the table next to them, which implies a casual dining environment. The value for money is neutral as well, as there's no mention of price or value. In terms of rating signals, the reviewer uses phrases like 'good' and 'friendly', which aligns with a 4-star rating. The tone of the review is generally positive, with a hint of regret for not trying the house specialty. The reviewer also expresses a desire to return, which suggests a positive overall experience.""}"
4,,"I love this outdoor mall.  It's clean, it's open and has a wonderful restaurant selection.  It doesn't have a huge amount of stores but the stores it does have fits the bill. Now that it has J Crew li...",,False,False,Invalid control character at: line 3 column 75 (char 100)
1,1.0,"10:30pm on a Saturday night.  My friend and I try our second attempt at sushi for the night (see my review of Pearl for the first).  Place is hopping.  We take a seat at the sushi bar.

The Waitress: ...","Based on the review, the service quality is extremely negative (1 STAR) due to the rude and unprofessional behavior of the waitress. The reviewer uses strong language and expresses frustration with the service. The ambiance is mentioned as a positive aspect of the restaurant, but the reviewer states that it was 'ruined' by the waitress's behavior. The food quality is not mentioned as a significant issue, but the reviewer does mention that they finished eating their roll before the kitchen closed, which suggests that the food was not a major problem. The value for money is not explicitly mentioned, but the reviewer's tone suggests that they felt they did not get good value for their money due to the poor service. Overall, the reviewer's tone is extremely negative, and they express a strong desire to never return to the restaurant again.",True,True,"{""predicted_stars"": 1, ""explanation"": ""Based on the review, the service quality is extremely negative (1 STAR) due to the rude and unprofessional behavior of the waitress. The reviewer uses strong language and expresses frustration with the service. The ambiance is mentioned as a positive aspect of the restaurant, but the reviewer states that it was 'ruined' by the waitress's behavior. The food quality is not mentioned as a significant issue, but the reviewer does mention that they finished eating their roll before the kitchen closed, which suggests that the food was not a major problem. The value for money is not explicitly mentioned, but the reviewer's tone suggests that they felt they did not get good value for their money due to the poor service. Overall, the reviewer's tone is extremely negative, and they express a strong desire to never return to the restaurant again.""}"
1,1.0,"What ever you do don't waste your money here.  I am not the person who likes to send food back, in fact I hate to do it.  I had no choice here, this was by far the worst mexican food I have eaten.  Th...","Based on the review, the food quality is negative (worst Mexican food, horrible aftertaste), service quality is negative (waited forever for a server), ambiance is not mentioned, and value for money is negative (wouldn't recommend even to enemies). The reviewer uses strong negative language, such as 'horrible', 'terrible', and 'wouldn't even recommend', which indicates a 1-star rating. The reviewer also mentions that they hate sending food back, but had no choice in this case, further emphasizing their negative experience.",True,True,"{
  ""predicted_stars"": 1,
  ""explanation"": ""Based on the review, the food quality is negative (worst Mexican food, horrible aftertaste), service quality is negative (waited forever for a server), ambiance is not mentioned, and value for money is negative (wouldn't recommend even to enemies). The reviewer uses strong negative language, such as 'horrible', 'terrible', and 'wouldn't even recommend', which indicates a 1-star rating. The reviewer also mentions that they hate sending food back, but had no choice in this case, further emphasizing their negative experience.""
}"
2,2.0,Last summer when I was in AZ I ate here a few times and it was always great!  I love the pulled pork sandwich.  I ate here while I had family in town a few weeks ago and it was nothing like it used to...,"Based on the analysis, the reviewer initially had a positive experience with the restaurant, mentioning it was 'great' and they 'love' the pulled pork sandwich. However, their recent visit was disappointing, with the sandwich lacking flavor and the sides not meeting their expectations. They also mentioned that the fried potatoes were over-seasoned and none of them were eaten. The reviewer explicitly states that the place has 'gone way down hill' and they won't be returning. This indicates a significant decline in service quality and food quality, warranting a 2-star rating.",True,True,"{
  ""predicted_stars"": 2,
  ""explanation"": ""Based on the analysis, the reviewer initially had a positive experience with the restaurant, mentioning it was 'great' and they 'love' the pulled pork sandwich. However, their recent visit was disappointing, with the sandwich lacking flavor and the sides not meeting their expectations. They also mentioned that the fried potatoes were over-seasoned and none of them were eaten. The reviewer explicitly states that the place has 'gone way down hill' and they won't be returning. This indicates a significant decline in service quality and food quality, warranting a 2-star rating.""
}"
2,3.0,"Personally, I used to come here a lot more often than I do.  I've noticed, what I feel to be, a rather slide in the quality in the food.  The carne asada burrito I recently got tasted okay, but the me...","Based on the review, the food quality is negative (STEP 1), as the reviewer mentions a decline in quality and lesser quality meat. However, they give the restaurant a 3-star rating, indicating an 'okay' experience (STEP 2). The reviewer also mentions that they have a history with the restaurant and hope it was a 'weak day', suggesting they are willing to give them another chance (STEP 3). Overall, the tone is neutral, with a hint of disappointment, but not strong enough to warrant a lower rating. The reviewer's intention to return and post an updated review if the experience changes also supports a 3-star rating.",True,False,"{
  ""predicted_stars"": 3,
  ""explanation"": ""Based on the review, the food quality is negative (STEP 1), as the reviewer mentions a decline in quality and lesser quality meat. However, they give the restaurant a 3-star rating, indicating an 'okay' experience (STEP 2). The reviewer also mentions that they have a history with the restaurant and hope it was a 'weak day', suggesting they are willing to give them another chance (STEP 3). Overall, the tone is neutral, with a hint of disappointment, but not strong enough to warrant a lower rating. The reviewer's intention to return and post an updated review if the experience changes also supports a 3-star rating.""
}"
4,,"Lame joke alert :
Okay, I think I have switched over to Switch , I am finally making a switch to Switch  whew almost over , after you try Switch you'll never switch.  And done.

Thanks for letting me ...",,False,False,Invalid control character at: line 3 column 74 (char 99)
3,,"I'm always on the lookout for a morning coffee place  and decided to stop at the Coffee Bean. Since I am always interested in trying new places, it looked inviting and clean, and was close to where I ...",,False,False,Invalid control character at: line 3 column 82 (char 107)
4,,"I went to Khai Hoan yesterday and ordered the rare beef pho.  Now, this is the first time I have had pho before and I would say it is much like a glorified bowl of Ramen Noodles.  That said, it was go...",,False,False,Invalid control character at: line 3 column 82 (char 107)
4,,"I have not liked one bar at all in Scottsdale, AZ. This was the first one! A semblance of a normal crowd. We ended up talking with some weirdo local chick, thought they were trying to do some kind of ...",,False,False,Invalid control character at: line 3 column 82 (char 107)
5,5.0,"This place has amazing frozen yogurt! I had the strawberry with small pieces of fresh strawberries! It was a wonderful treat in this heat, since it's yogurt and not ice cream, it's a little bit health...","Based on the review, the food quality is positive (""amazing frozen yogurt"", ""wonderful treat""), service quality is not mentioned, ambiance is not mentioned, and value for money is implied to be positive (""a little bit healthier"" implies a good value). The rating signal is ""amazing"", which corresponds to 5 stars. The overall tone is positive, with a focus on the delicious and healthy frozen yogurt. The reviewer would likely return, as they enjoyed their experience and highlighted the benefits of the product.",True,True,"{""predicted_stars"": 5, ""explanation"": ""Based on the review, the food quality is positive (\""amazing frozen yogurt\"", \""wonderful treat\""), service quality is not mentioned, ambiance is not mentioned, and value for money is implied to be positive (\""a little bit healthier\"" implies a good value). The rating signal is \""amazing\"", which corresponds to 5 stars. The overall tone is positive, with a focus on the delicious and healthy frozen yogurt. The reviewer would likely return, as they enjoyed their experience and highlighted the benefits of the product.""}"
2,1.0,"i'd rather go to amado's!

the only thing that's good here is the bean dip, and i'm only saying that so that i have something nice to say....","Based on the review, the overall tone is negative. The reviewer explicitly states that they'd rather go to another restaurant (Amado's), which indicates a strong preference against this establishment. They also mention that the only good thing is the bean dip, but even that is mentioned in a sarcastic tone. The reviewer's intention is to be kind by saying something positive, but it's clear that they have significant issues with the restaurant. This aligns with the 1-star rating signal, as the reviewer uses words like 'terrible' or 'worst' to express their dissatisfaction.",True,False,"{
  ""predicted_stars"": 1,
  ""explanation"": ""Based on the review, the overall tone is negative. The reviewer explicitly states that they'd rather go to another restaurant (Amado's), which indicates a strong preference against this establishment. They also mention that the only good thing is the bean dip, but even that is mentioned in a sarcastic tone. The reviewer's intention is to be kind by saying something positive, but it's clear that they have significant issues with the restaurant. This aligns with the 1-star rating signal, as the reviewer uses words like 'terrible' or 'worst' to express their dissatisfaction.""
}"
2,2.0,"I've been to three Pizza Picazzo locations, and this one absolutely blew,. The reason? Service with a capital S. I invited a very large group out to lunch (made reservations the day before).  The wait...","Based on the review, the service quality is negative (STEP 1), as the reviewer mentions 'worst service EVER' and describes the waitress as 'rude, rude, rude and completely incompetent'. The food quality is neutral (STEP 1), as the reviewer states it was 'good' but 'overpriced'. The ambiance is not mentioned (STEP 1), and the value for money is negative (STEP 1) due to the high price. The reviewer uses rating signals indicating a 2-star review (STEP 2), such as 'worst service EVER' and 'horrible service'. The overall tone is negative (STEP 3), with a strong emphasis on the poor service and a hint of sarcasm when describing the waitress's responses. The reviewer would not return due to the poor service, further supporting a 2-star prediction.",True,True,"{
  ""predicted_stars"": 2,
  ""explanation"": ""Based on the review, the service quality is negative (STEP 1), as the reviewer mentions 'worst service EVER' and describes the waitress as 'rude, rude, rude and completely incompetent'. The food quality is neutral (STEP 1), as the reviewer states it was 'good' but 'overpriced'. The ambiance is not mentioned (STEP 1), and the value for money is negative (STEP 1) due to the high price. The reviewer uses rating signals indicating a 2-star review (STEP 2), such as 'worst service EVER' and 'horrible service'. The overall tone is negative (STEP 3), with a strong emphasis on the poor service and a hint of sarcasm when describing the waitress's responses. The reviewer would not return due to the poor service, further supporting a 2-star prediction.""
}"
5,,"Their frozen drinks carried me through last summer. They have free air (for your tires) and water (for the radiator) at every location I've ever been to. Their hot sandwiches, though greasy, aren't TO...",,False,False,Invalid control character at: line 3 column 71 (char 96)
1,1.0,I can overcome the hipster sneer and accept that I am an uncool blemish in a world full of cut-off corduroys and patterned leggings. What I cannot and will not get over is an unapologetic staff whose ...,"Based on the review, the food quality is negative due to the order mishap and the customer being served the wrong quiche. The service quality is also negative as the staff was unapologetic and did not offer any recompense. The ambiance is not mentioned, but the customer's tone suggests that they were not impressed. The value for money is negative as the customer did not receive what they paid for. In terms of rating signals, the customer uses words like 'unapologetic staff', 'epic error', and 'no soul', which are indicative of a 1-star review. The overall tone of the review is negative, with a strong emphasis on the customer's disappointment and frustration. The customer explicitly states that they are 'not over' the incident and that they are 'over' the restaurant, which suggests that they would not return.",True,True,"{
  ""predicted_stars"": 1,
  ""explanation"": ""Based on the review, the food quality is negative due to the order mishap and the customer being served the wrong quiche. The service quality is also negative as the staff was unapologetic and did not offer any recompense. The ambiance is not mentioned, but the customer's tone suggests that they were not impressed. The value for money is negative as the customer did not receive what they paid for. In terms of rating signals, the customer uses words like 'unapologetic staff', 'epic error', and 'no soul', which are indicative of a 1-star review. The overall tone of the review is negative, with a strong emphasis on the customer's disappointment and frustration. The customer explicitly states that they are 'not over' the incident and that they are 'over' the restaurant, which suggests that they would not return.""
}"
1,,"I went today to meet my daughter for lunch.  We are both big sushi enthusiasts.  The interior and atmosphere was beautiful.  Well appointed.
The service was excellent.  We ordered edamame, was good......",,False,False,Invalid control character at: line 3 column 70 (char 95)
4,4.0,"Not much to write here. I always park on the Sears (upper level) side when I visit Chandler mall. My last visit to the mall, I ended up buying a luggage set on sale at Sears. The cashier was helpful a...","Based on the review, the reviewer gave a direct rating of 4 stars. They mentioned that the cashier was helpful, which indicates positive service quality. They also had a positive experience with the purchase, buying a luggage set on sale. The only neutral comment was about parking, but it didn't affect their overall experience. The reviewer also mentioned 'no negative feedback to report', which further supports the 4-star rating.",True,True,"{
  ""predicted_stars"": 4,
  ""explanation"": ""Based on the review, the reviewer gave a direct rating of 4 stars. They mentioned that the cashier was helpful, which indicates positive service quality. They also had a positive experience with the purchase, buying a luggage set on sale. The only neutral comment was about parking, but it didn't affect their overall experience. The reviewer also mentioned 'no negative feedback to report', which further supports the 4-star rating.""
}"
5,5.0,"The best fish tacos, period!  And I hate chain restaurants!...","Based on the review, the food quality is positive (""best fish tacos""). The service quality is not mentioned, but the ambiance is implied to be positive as the reviewer mentions they hate chain restaurants, suggesting they prefer unique or local places. The value for money is also positive, as the reviewer is enthusiastic about the food. In terms of rating signals, the phrase ""best"" aligns with a 5-star rating. The overall tone is extremely positive, with no negative words or sarcasm detected. The reviewer's enthusiasm and willingness to praise a non-chain restaurant further supports a 5-star rating.",True,True,"{
  ""predicted_stars"": 5,
  ""explanation"": ""Based on the review, the food quality is positive (\""best fish tacos\""). The service quality is not mentioned, but the ambiance is implied to be positive as the reviewer mentions they hate chain restaurants, suggesting they prefer unique or local places. The value for money is also positive, as the reviewer is enthusiastic about the food. In terms of rating signals, the phrase \""best\"" aligns with a 5-star rating. The overall tone is extremely positive, with no negative words or sarcasm detected. The reviewer's enthusiasm and willingness to praise a non-chain restaurant further supports a 5-star rating.""
}"
1,1.0,"Love the idea - vegan Mexican. Have tried to eat there twice. Both times checked their FB page for hours, both times they were closed. Called their phone number, no one answered. No sign, no explanati...","Based on the review, the food quality is not mentioned, but the service quality is extremely poor. The ambiance is also not mentioned, but the overall experience is negative. The value for money is not applicable as the reviewer never got to experience the food. In STEP 2, the rating signals indicate a 1-star review with words like 'Pathetic' and 'no explanation', which align with the 1-star rating. In STEP 3, the overall tone is negative with a strong intensity of emotions, and it's clear the reviewer would not return. Therefore, the final prediction is 1 star.",True,True,"{
  ""predicted_stars"": 1,
  ""explanation"": ""Based on the review, the food quality is not mentioned, but the service quality is extremely poor. The ambiance is also not mentioned, but the overall experience is negative. The value for money is not applicable as the reviewer never got to experience the food. In STEP 2, the rating signals indicate a 1-star review with words like 'Pathetic' and 'no explanation', which align with the 1-star rating. In STEP 3, the overall tone is negative with a strong intensity of emotions, and it's clear the reviewer would not return. Therefore, the final prediction is 1 star.""
}"
1,1.0,"And then it all changed...

I think this is my very first review that has been demoted to 1 star after being on the coveted 5 star for a long time. 

So, where do I start. After feeling dog sick for a...","Based on the review, the service quality is extremely negative (STEP 1). The reviewer mentions long wait times, being brushed off by the office manager, and a front desk lady making a mistake. The reviewer also expresses disappointment with the NP's performance, missing key information in their chart. The tone of the review is overwhelmingly negative, with the reviewer explicitly stating that they would not recommend the place to others who value their health and time (STEP 3). The reviewer's use of strong language, such as 'dog sick', 'brushed off', and 'balls to face me', indicates a high level of frustration and anger. The reviewer's final analysis is a clear warning to others, which further supports the prediction of 1 star.",True,True,"{
  ""predicted_stars"": 1,
  ""explanation"": ""Based on the review, the service quality is extremely negative (STEP 1). The reviewer mentions long wait times, being brushed off by the office manager, and a front desk lady making a mistake. The reviewer also expresses disappointment with the NP's performance, missing key information in their chart. The tone of the review is overwhelmingly negative, with the reviewer explicitly stating that they would not recommend the place to others who value their health and time (STEP 3). The reviewer's use of strong language, such as 'dog sick', 'brushed off', and 'balls to face me', indicates a high level of frustration and anger. The reviewer's final analysis is a clear warning to others, which further supports the prediction of 1 star.""
}"
4,5.0,"i love this place and their food!
what i mainly love is that their prices are extremely reasonable now so i can go more often.
their steaks are very good as are their ribs and chicken
as for appetizer...","Based on the review, the food quality is positive as the reviewer loves their steaks, ribs, chicken, Bloomin' onion, and wings. The service quality is also positive as they mention it's always excellent. The ambiance is not mentioned, but it's not necessary to consider it in this case. The value for money is positive as they mention the prices are extremely reasonable. The reviewer uses positive rating signals such as 'love', 'great', and 'excellent'. The overall tone is extremely positive, with a high count of positive words and no negative words. The reviewer would definitely return, as indicated by their statement that they can go more often due to the reasonable prices.",True,False,"{
  ""predicted_stars"": 5,
  ""explanation"": ""Based on the review, the food quality is positive as the reviewer loves their steaks, ribs, chicken, Bloomin' onion, and wings. The service quality is also positive as they mention it's always excellent. The ambiance is not mentioned, but it's not necessary to consider it in this case. The value for money is positive as they mention the prices are extremely reasonable. The reviewer uses positive rating signals such as 'love', 'great', and 'excellent'. The overall tone is extremely positive, with a high count of positive words and no negative words. The reviewer would definitely return, as indicated by their statement that they can go more often due to the reasonable prices.""
}"
3,2.0,"I am not happy with Sprinkles, but I can't really subtract stars because I make better cupcakes than they do.  Let me first start with the location.  It's very stupid.  Very easy to miss and it blends...","Based on the review, the reviewer is unhappy with Sprinkles, citing issues with the location, cupcakes, and frosting. They mention that the cupcakes are 'okay' but lack flavor and quality. The reviewer also expresses disappointment with the frosting, stating it was 'so-so' and 'super sweet'. They explicitly state that they will not be back, which suggests a negative overall experience. The reviewer's tone is sarcastic and critical, but not extremely angry, which aligns with a 2-star rating. The reviewer's comments about making better cupcakes than Sprinkles also suggest that they have high standards, but are not willing to give Sprinkles a higher rating due to their own perceived superiority.",True,False,"{
  ""predicted_stars"": 2,
  ""explanation"": ""Based on the review, the reviewer is unhappy with Sprinkles, citing issues with the location, cupcakes, and frosting. They mention that the cupcakes are 'okay' but lack flavor and quality. The reviewer also expresses disappointment with the frosting, stating it was 'so-so' and 'super sweet'. They explicitly state that they will not be back, which suggests a negative overall experience. The reviewer's tone is sarcastic and critical, but not extremely angry, which aligns with a 2-star rating. The reviewer's comments about making better cupcakes than Sprinkles also suggest that they have high standards, but are not willing to give Sprinkles a higher rating due to their own perceived superiority.""
}"
3,,"I have never been into soul food per se, but my husband woke up craving some chicken and waffles, and well, you can guess where we ended up. We were so pumped that there was Kool Aid on the menu, so w...",,False,False,Invalid control character at: line 3 column 82 (char 107)
5,,"I violated my rule of avoiding grocery shopping while hungry and decided to venture over to Whole Foods.  Whole Foods tends to be the indecisive individual's nightmare (that would be me).  Yet, this s...",,False,False,Invalid control character at: line 3 column 82 (char 107)
1,2.0,"Had some time to kill before the Ultimate pleY Date Yelp event, and I'd wanted to share my love of Nobuo's Dark chocolate mousse with green tea ice cream and sugared orange peels with my happy-go-luck...","Based on the review, the food quality is negative due to the sub-par presentation and taste of the chocolate mousse. The service quality is also negative due to the server's condescending look and attitude towards the customers. The ambiance is neutral, as the patio area is described as comfortable, but the energy in the dining room is not appealing. The value for money is negative, as the customers felt that they did not get what they paid for. The overall tone of the review is negative, with the reviewer expressing disappointment and frustration with their experience. The reviewer explicitly states that they will not be returning and will not recommend the restaurant to others. The intensity of emotions is high, with the reviewer using strong language to describe their negative experience.",True,False,"{
  ""predicted_stars"": 2,
  ""explanation"": ""Based on the review, the food quality is negative due to the sub-par presentation and taste of the chocolate mousse. The service quality is also negative due to the server's condescending look and attitude towards the customers. The ambiance is neutral, as the patio area is described as comfortable, but the energy in the dining room is not appealing. The value for money is negative, as the customers felt that they did not get what they paid for. The overall tone of the review is negative, with the reviewer expressing disappointment and frustration with their experience. The reviewer explicitly states that they will not be returning and will not recommend the restaurant to others. The intensity of emotions is high, with the reviewer using strong language to describe their negative experience.""
}"
4,4.0,"Food is great, but they use to let you get the happy hour specials for take out, but not anymore. I love their prime rib burger, if you have a few extra bucks to spend on the best burger in the world ...","Based on the review, the food quality is positive ('great', 'love their prime rib burger'). The service quality is neutral/not mentioned, as there's no specific mention of it. The ambiance is not mentioned. The value for money is positive, but with a caveat ('if you have a few extra bucks to spend'). The reviewer uses a 4-star rating signal ('really good' implied by 'great' and 'love'). The overall tone is positive, with a minor complaint about the happy hour specials. The reviewer would likely return, as they mention going there if they have extra money.",True,True,"{
  ""predicted_stars"": 4,
  ""explanation"": ""Based on the review, the food quality is positive ('great', 'love their prime rib burger'). The service quality is neutral/not mentioned, as there's no specific mention of it. The ambiance is not mentioned. The value for money is positive, but with a caveat ('if you have a few extra bucks to spend'). The reviewer uses a 4-star rating signal ('really good' implied by 'great' and 'love'). The overall tone is positive, with a minor complaint about the happy hour specials. The reviewer would likely return, as they mention going there if they have extra money.""
}"
3,,"Went here on Wednesday to take advantage of the $30 certificate. It was quite busy, which probably shouldn't of been a shock, location and all, so had to wait awhile but that is the risk of not gettin...",,False,False,Invalid control character at: line 3 column 110 (char 135)
2,1.0,"I've been back a few times since the last review but the most notable was to see DJ Z-Trip. He was awesome, no complaints there.

Bar Smith though? They failed on so many levels. 

I got there sometim...","Based on the review, the service quality is extremely poor (STEP 1: negative). The reviewer mentions a 20-minute wait out front, a long wait to get upstairs, and a bouncer not allowing people up until others trickle out. They also mention that the event was oversold and that the bar didn't give much thought to their patrons. The ambiance is also poor due to the crowded conditions and the fact that the bathrooms were downstairs. The value for money is also negative as the reviewer paid for pre-sale tickets and still had to wait close to an hour to get in. The reviewer uses strong negative language such as 'FAIL FAIL FAIL', 'total let down', 'clusterfuck', and 'F' to describe their experience (STEP 2: 1 STAR). The overall tone of the review is extremely negative, with the reviewer expressing disappointment and frustration with their experience (STEP 3). The reviewer explicitly states that they won't be back to this place for any headlining DJ, which further supports the 1-star prediction (STEP 4).",True,False,"{
  ""predicted_stars"": 1,
  ""explanation"": ""Based on the review, the service quality is extremely poor (STEP 1: negative). The reviewer mentions a 20-minute wait out front, a long wait to get upstairs, and a bouncer not allowing people up until others trickle out. They also mention that the event was oversold and that the bar didn't give much thought to their patrons. The ambiance is also poor due to the crowded conditions and the fact that the bathrooms were downstairs. The value for money is also negative as the reviewer paid for pre-sale tickets and still had to wait close to an hour to get in. The reviewer uses strong negative language such as 'FAIL FAIL FAIL', 'total let down', 'clusterfuck', and 'F' to describe their experience (STEP 2: 1 STAR). The overall tone of the review is extremely negative, with the reviewer expressing disappointment and frustration with their experience (STEP 3). The reviewer explicitly states that they won't be back to this place for any headlining DJ, which further supports the 1-star prediction (STEP 4).""
}"
4,,"Good food, decent price and a southwestern atmosphere. 

The food is decidedly better than the decor, but then again I've never been big on the southwestern look. Something about Antlers above my head...",,False,False,Invalid control character at: line 3 column 197 (char 222)
3,4.0,"clean store, good parking - decent prices too with the gas points savings is a nice bonus....","Based on the review, the dimensions are: Food Quality - not mentioned, Service Quality - not mentioned, Ambiance - positive (clean store), and Value for Money - positive (decent prices, nice bonus). In terms of rating signals, the review does not contain any explicit 5-star phrases, but it does contain phrases that suggest a high level of satisfaction, such as 'decent prices' and 'nice bonus'. This suggests a 4-star rating. The overall tone is neutral, with a focus on practical aspects of the store rather than emotional experiences. The reviewer seems to appreciate the store's amenities, but does not express any strong emotions or enthusiasm. Therefore, a 4-star rating is the most likely prediction.",True,False,"{""predicted_stars"": 4, ""explanation"": ""Based on the review, the dimensions are: Food Quality - not mentioned, Service Quality - not mentioned, Ambiance - positive (clean store), and Value for Money - positive (decent prices, nice bonus). In terms of rating signals, the review does not contain any explicit 5-star phrases, but it does contain phrases that suggest a high level of satisfaction, such as 'decent prices' and 'nice bonus'. This suggests a 4-star rating. The overall tone is neutral, with a focus on practical aspects of the store rather than emotional experiences. The reviewer seems to appreciate the store's amenities, but does not express any strong emotions or enthusiasm. Therefore, a 4-star rating is the most likely prediction.""}"
5,5.0,"Love their pizza!!!
Very fresh. Their cannoli was really good too.
They seem to have great selection of wines....","Based on the review, the food quality is positive (""Love their pizza!!!"", ""Very fresh"", ""really good""). The service quality is not mentioned, but the ambiance is not mentioned either. The value for money is not mentioned. In terms of rating signals, the review contains phrases like ""Love their pizza!!!"" and ""really good"", which are indicative of a 5-star rating. The overall tone is extremely positive, with a high count of positive words and no negative words. There is no indication of sarcasm or irony, and the intensity of emotions is very high. The reviewer would likely return to this place, given their glowing review.",True,True,"{
  ""predicted_stars"": 5,
  ""explanation"": ""Based on the review, the food quality is positive (\""Love their pizza!!!\"", \""Very fresh\"", \""really good\""). The service quality is not mentioned, but the ambiance is not mentioned either. The value for money is not mentioned. In terms of rating signals, the review contains phrases like \""Love their pizza!!!\"" and \""really good\"", which are indicative of a 5-star rating. The overall tone is extremely positive, with a high count of positive words and no negative words. There is no indication of sarcasm or irony, and the intensity of emotions is very high. The reviewer would likely return to this place, given their glowing review.""
}"
3,4.0,"Excellent food, top-notch service, exorbitantly priced.  Not for budget minded diners......","Based on the review, the food quality is positive ('Excellent food'), the service quality is positive ('top-notch service'), and the ambiance is neutral/not mentioned. However, the value for money is negative ('exorbitantly priced'). The tone of the review is mixed, but leaning towards positive due to the emphasis on excellent food and service. The reviewer mentions that it's 'not for budget-minded diners', which suggests that they would not return if they were on a tight budget, but they still seem to appreciate the quality of the food and service. Therefore, I predict 4 stars, indicating a 'great' experience with some minor issues (the price).",True,False,"{
  ""predicted_stars"": 4,
  ""explanation"": ""Based on the review, the food quality is positive ('Excellent food'), the service quality is positive ('top-notch service'), and the ambiance is neutral/not mentioned. However, the value for money is negative ('exorbitantly priced'). The tone of the review is mixed, but leaning towards positive due to the emphasis on excellent food and service. The reviewer mentions that it's 'not for budget-minded diners', which suggests that they would not return if they were on a tight budget, but they still seem to appreciate the quality of the food and service. Therefore, I predict 4 stars, indicating a 'great' experience with some minor issues (the price).""
}"
5,5.0,"20% off with a Yelp check in? SCORE! 

They have very unique, colorful and patterned vintage clothing for sale. But what I liked most about this store is their vintage jewelry! There's a local jeweler...","Based on the review, the reviewer's tone is overwhelmingly positive. They mention a discount (20% off with a Yelp check-in) and use the phrase 'SCORE!', indicating excitement. They also praise the store's unique clothing and vintage jewelry, specifically highlighting a local jeweler's handmade rings. The reviewer's language is enthusiastic and suggests they had a great experience, which aligns with a 5-star rating. The only neutral comment is about the store's clothing, but it's not a negative comment, so it doesn't affect the overall rating.",True,True,"{
  ""predicted_stars"": 5,
  ""explanation"": ""Based on the review, the reviewer's tone is overwhelmingly positive. They mention a discount (20% off with a Yelp check-in) and use the phrase 'SCORE!', indicating excitement. They also praise the store's unique clothing and vintage jewelry, specifically highlighting a local jeweler's handmade rings. The reviewer's language is enthusiastic and suggests they had a great experience, which aligns with a 5-star rating. The only neutral comment is about the store's clothing, but it's not a negative comment, so it doesn't affect the overall rating.""
}"
3,,"You know when you make a copy of the original and its not quite the same? Juts a little fuzzy around the edges, not as sharp but usable? That is how I felt at the new location of Market Bistro. Simila...",,False,False,Invalid control character at: line 3 column 82 (char 107)
1,1.0,"Don't bother with this place.  I had never been here, my husband and I decided to pick up some food to take home.  We ordered a shrimp tempura appetizer, an assorted tempura appetizer, a lobster appet...","Based on the review, the food quality is negative (wrong order, poor quality food, bland yakisoba), service quality is negative (complete mix up), ambiance is not mentioned, and value for money is negative (poor quality food for the price). The reviewer uses strong negative language such as 'Don't bother with this place', 'complete mix up', 'poor quality food', 'gross', 'never going back', and 'such a complete disappointment', indicating a 1-star rating. The reviewer also mentions that they love Japanese food and were excited to find a place nearby, but the experience was a complete letdown, further supporting a 1-star rating.",True,True,"{
  ""predicted_stars"": 1,
  ""explanation"": ""Based on the review, the food quality is negative (wrong order, poor quality food, bland yakisoba), service quality is negative (complete mix up), ambiance is not mentioned, and value for money is negative (poor quality food for the price). The reviewer uses strong negative language such as 'Don't bother with this place', 'complete mix up', 'poor quality food', 'gross', 'never going back', and 'such a complete disappointment', indicating a 1-star rating. The reviewer also mentions that they love Japanese food and were excited to find a place nearby, but the experience was a complete letdown, further supporting a 1-star rating.""
}"
1,1.0,"I play squash racquet's, a sport favored by the east coast ""elites"" from them Ivy League schools, those snooty Britishers and the Pakistani leisure class:) 

Why they let me play, I'll never know:)

L...","Based on the review, the food quality is negative (the taco meat was described as 'disgusting', 'ground creature', and 'not good'), service quality is also negative (the reviewer mentioned a grimy and greasy atmosphere, and the food was not prepared well), ambiance is negative (the reviewer described the place as 'crappy old wood paneling', 'tables and chairs from a circa 1955 high school cafeteria', and 'extreme humanity' smell), and value for money is negative (the reviewer mentioned that the place was chosen by the opposing team, implying that it was a bad choice). The reviewer used several negative rating signals, such as 'terrible', 'worst', 'awful', and 'never again'. The overall tone of the review is sarcastic and ironic, with the reviewer making fun of the place and its customers. The reviewer also mentioned that they didn't become immediately ill, but that's not enough to redeem the experience. Overall, the review suggests that the reviewer had a terrible experience at Skip & Jan's and would not recommend it.",True,True,"{
  ""predicted_stars"": 1,
  ""explanation"": ""Based on the review, the food quality is negative (the taco meat was described as 'disgusting', 'ground creature', and 'not good'), service quality is also negative (the reviewer mentioned a grimy and greasy atmosphere, and the food was not prepared well), ambiance is negative (the reviewer described the place as 'crappy old wood paneling', 'tables and chairs from a circa 1955 high school cafeteria', and 'extreme humanity' smell), and value for money is negative (the reviewer mentioned that the place was chosen by the opposing team, implying that it was a bad choice). The reviewer used several negative rating signals, such as 'terrible', 'worst', 'awful', and 'never again'. The overall tone of the review is sarcastic and ironic, with the reviewer making fun of the place and its customers. The reviewer also mentioned that they didn't become immediately ill, but that's not enough to redeem the experience. Overall, the review suggests that the reviewer had a terrible experience at Skip & Jan's and would not recommend it.""
}"
1,1.0,I got my nails done there last Thursday for the first and last time. I would never ever go back there. The man who did my nails burnt two of my fingers really bad. The place was dirty and messy and ta...,"Based on the review, the food quality is not relevant as it's a nail salon. However, the service quality is extremely negative as the reviewer mentions being burnt by the nail technician, being asked personal questions, and being talked to rudely. The ambiance is also negative due to the dirty and messy environment. The value for money is negative as the reviewer states 'u get what u pay for' implying that the low price comes with poor service. In terms of rating signals, the reviewer explicitly states 'I would never ever go back there' and 'terrible', which aligns with a 1-star rating. The overall tone is extremely negative, with a strong emphasis on the reviewer's disappointment and frustration. The intensity of emotions is high, and it's clear that the reviewer would not return.",True,True,"{
  ""predicted_stars"": 1,
  ""explanation"": ""Based on the review, the food quality is not relevant as it's a nail salon. However, the service quality is extremely negative as the reviewer mentions being burnt by the nail technician, being asked personal questions, and being talked to rudely. The ambiance is also negative due to the dirty and messy environment. The value for money is negative as the reviewer states 'u get what u pay for' implying that the low price comes with poor service. In terms of rating signals, the reviewer explicitly states 'I would never ever go back there' and 'terrible', which aligns with a 1-star rating. The overall tone is extremely negative, with a strong emphasis on the reviewer's disappointment and frustration. The intensity of emotions is high, and it's clear that the reviewer would not return.""
}"
3,3.0,Well....it is what you can expect from airport food.  Not that great but not terrible.  All I wanted was a simple sandwhich to take on the plane with me.  This airport does not have the best in choice...,"Based on the review, the food quality is neutral/not mentioned as it's described as 'not that great but not terrible'. The service quality is also neutral as it's a kiosk and not a full-service restaurant. The ambiance is neutral as it's described as a 'little place' in the terminal. The value for money is neutral as the reviewer mentions it's 'good if you are in a rush and just want something cold for later', implying it's a convenient option. The overall tone is neutral with a hint of resignation. The reviewer doesn't express strong emotions or opinions, and they seem to be accepting of the limited options available. Therefore, a rating of 3 stars is a suitable prediction.",True,True,"{
  ""predicted_stars"": 3,
  ""explanation"": ""Based on the review, the food quality is neutral/not mentioned as it's described as 'not that great but not terrible'. The service quality is also neutral as it's a kiosk and not a full-service restaurant. The ambiance is neutral as it's described as a 'little place' in the terminal. The value for money is neutral as the reviewer mentions it's 'good if you are in a rush and just want something cold for later', implying it's a convenient option. The overall tone is neutral with a hint of resignation. The reviewer doesn't express strong emotions or opinions, and they seem to be accepting of the limited options available. Therefore, a rating of 3 stars is a suitable prediction.""
}"
2,,"I've always said if the guacamole, chips and salsa aren't good, the food is not likely to be good either.  I was right, Guacamole was not very good at all, same with the salsa.  Rest of the food was j...",,False,False,Invalid control character at: line 3 column 82 (char 107)
5,5.0,I live no where near this place & have gone out of my way to eat there MANY times! I haven't been since it moved (bc I had no idea where they went) but it looks like it's bigger so that's great. I eve...,"Based on the review, the reviewer has a very positive tone towards the restaurant. They mention going out of their way to eat there many times, which indicates a strong loyalty and enthusiasm for the place. They also mention that everything is delicious, which suggests high food quality. Although they mention some minor issues with the lunchtime crowd, they frame it as a personal preference rather than a major problem. The reviewer's use of positive adjectives such as 'great' and 'delicious' also aligns with a 5-star rating. Overall, the reviewer's tone is overwhelmingly positive, and they seem to genuinely enjoy the restaurant.",True,True,"{
  ""predicted_stars"": 5,
  ""explanation"": ""Based on the review, the reviewer has a very positive tone towards the restaurant. They mention going out of their way to eat there many times, which indicates a strong loyalty and enthusiasm for the place. They also mention that everything is delicious, which suggests high food quality. Although they mention some minor issues with the lunchtime crowd, they frame it as a personal preference rather than a major problem. The reviewer's use of positive adjectives such as 'great' and 'delicious' also aligns with a 5-star rating. Overall, the reviewer's tone is overwhelmingly positive, and they seem to genuinely enjoy the restaurant.""
}"
3,3.0,"Buffet is great, Good Selection of food even for me the picky Vegetarian. Naan tastes great, choice of plain or Garlic Naan. Food generally tastes good. Rating on Buffet alone, I would have given 4 st...","Based on the review, the reviewer gave a positive rating for the buffet (4 stars), but mentioned several negative points for dinner and take-out. They mentioned that dinner entries are overpriced and use frozen vegetables, and that their take-out experience was sub-par. However, they also mentioned that the buffet is great and that they would return for lunch. This mixed feedback suggests an overall rating of 3 stars, indicating an average experience.",True,True,"{
  ""predicted_stars"": 3,
  ""explanation"": ""Based on the review, the reviewer gave a positive rating for the buffet (4 stars), but mentioned several negative points for dinner and take-out. They mentioned that dinner entries are overpriced and use frozen vegetables, and that their take-out experience was sub-par. However, they also mentioned that the buffet is great and that they would return for lunch. This mixed feedback suggests an overall rating of 3 stars, indicating an average experience.""
}"
4,,"The Paseo Trail travels through Chandler along the Consolidated Canal.  It runs mostly N-S, connecting to other trails along the canal in Mesa and Gilbert, totaling around 18 miles.

The trail is most...",,False,False,Invalid control character at: line 3 column 75 (char 100)
2,2.0,"I happened on this place because it was next to EL Brava, a Mexican place recommended by the USAirways in flight magazine as a place to try in an airport. Getting to ElBrava we found it was a fast foo...","Based on the review, the food quality is neutral ('ok') but not memorable, which suggests it's not particularly good. The service quality is negative ('waited a long, long time') but not terrible. The ambiance is not mentioned. The value for money is negative ('pricey'). The overall tone is negative, with a count of more negative words than positive ones. The reviewer expresses disappointment and would not return. According to the rating signals, this corresponds to 2 stars.",True,True,"{
  ""predicted_stars"": 2,
  ""explanation"": ""Based on the review, the food quality is neutral ('ok') but not memorable, which suggests it's not particularly good. The service quality is negative ('waited a long, long time') but not terrible. The ambiance is not mentioned. The value for money is negative ('pricey'). The overall tone is negative, with a count of more negative words than positive ones. The reviewer expresses disappointment and would not return. According to the rating signals, this corresponds to 2 stars.""
}"
4,,"Eh?  How have I not written a review for Matt's?  I went there a while back, but thankfully it won't be hard for me to recall the experience!

Place - Small.
Food - Fantastic.
Wait - Usually.
Bathroom...",,False,False,Invalid control character at: line 3 column 82 (char 107)
5,5.0,I love to come here from time to time when I'm in the area and I am always highly satisfied with the food and service. The menu is great and there's a variety of dishes for every taste. The service is...,"Based on the review, the food quality is consistently positive, with the reviewer stating they are 'highly satisfied' and mentioning a variety of dishes for every taste. The service quality is also positive, with the reviewer describing the staff as 'really nice' and the atmosphere as 'quiet and relaxed'. The reviewer explicitly states that it's a 'great place to have dinner/lunch with friends', which further supports a high rating. The reviewer also addresses potential criticisms from other reviews, implying that they are aware of potential issues but attribute them to the restaurant's vegan focus. Overall, the tone is overwhelmingly positive, with no negative comments or criticisms. Therefore, a 5-star rating is predicted.",True,True,"{
  ""predicted_stars"": 5,
  ""explanation"": ""Based on the review, the food quality is consistently positive, with the reviewer stating they are 'highly satisfied' and mentioning a variety of dishes for every taste. The service quality is also positive, with the reviewer describing the staff as 'really nice' and the atmosphere as 'quiet and relaxed'. The reviewer explicitly states that it's a 'great place to have dinner/lunch with friends', which further supports a high rating. The reviewer also addresses potential criticisms from other reviews, implying that they are aware of potential issues but attribute them to the restaurant's vegan focus. Overall, the tone is overwhelmingly positive, with no negative comments or criticisms. Therefore, a 5-star rating is predicted.""
}"
2,2.0,"After hearing a lot about all of the MBFGR's that are around the valley, I finally got a chance to go recently as part of a family gathering (which was a planning fiasco and logistical nightmare, but ...","Based on the review, the service quality is positive (STEP 1), as the reviewer mentions that the service was 'very nice and attentive' and 'patient'. However, the food quality is negative, specifically the gyro, which the reviewer describes as 'the worst one I've had'. The ambiance is neutral, as the reviewer mentions that the location wasn't crowded, but also criticizes the decision to combine tables. The value for money is negative, as the reviewer expresses disappointment with the quality of the gyro for the price. In STEP 2, the reviewer's rating signals are mixed, but overall, the negative comments outweigh the positive ones. In STEP 3, the overall tone is negative, with the reviewer expressing disappointment and frustration with the experience. The reviewer would not return, as they round down their rating to 2 stars.",True,True,"{
  ""predicted_stars"": 2,
  ""explanation"": ""Based on the review, the service quality is positive (STEP 1), as the reviewer mentions that the service was 'very nice and attentive' and 'patient'. However, the food quality is negative, specifically the gyro, which the reviewer describes as 'the worst one I've had'. The ambiance is neutral, as the reviewer mentions that the location wasn't crowded, but also criticizes the decision to combine tables. The value for money is negative, as the reviewer expresses disappointment with the quality of the gyro for the price. In STEP 2, the reviewer's rating signals are mixed, but overall, the negative comments outweigh the positive ones. In STEP 3, the overall tone is negative, with the reviewer expressing disappointment and frustration with the experience. The reviewer would not return, as they round down their rating to 2 stars.""
}"
3,,Went here for lunch on a weekday and thought it'd be busier. The slower setting allowed for more personal attention though. The chef even came out to talk to us and gave us free samples of some of the...,,False,False,Invalid control character at: line 3 column 82 (char 107)
3,4.0,"Not the newest or the nicest but, everything you need and usually no wait for machines. The staff is super nice and there are magazines to read while your there. If they could just turn up the AC a li...","Based on the review, the food quality is not mentioned, but the ambiance is described as 'not the newest or the nicest', which is neutral. The service quality is positive as the staff is described as 'super nice'. The value for money is also positive as the reviewer mentions that 'everything you need' is available. In terms of rating signals, the reviewer uses phrases like 'great' and 'super nice', which align with a 4-star rating. The tone of the review is generally positive, with a focus on the reviewer's satisfaction with the service and amenities. However, the reviewer does mention some minor issues with the ambiance, which prevents them from giving a perfect score.",True,False,"{
  ""predicted_stars"": 4,
  ""explanation"": ""Based on the review, the food quality is not mentioned, but the ambiance is described as 'not the newest or the nicest', which is neutral. The service quality is positive as the staff is described as 'super nice'. The value for money is also positive as the reviewer mentions that 'everything you need' is available. In terms of rating signals, the reviewer uses phrases like 'great' and 'super nice', which align with a 4-star rating. The tone of the review is generally positive, with a focus on the reviewer's satisfaction with the service and amenities. However, the reviewer does mention some minor issues with the ambiance, which prevents them from giving a perfect score.""
}"
1,1.0,i called them and they wanted to charge $30 for fingerprints!!!!!  What a joke.  I found a place on the other side of the air park who did it for $10.  Caveat Emptor!  If if could give them a zero rat...,"Based on the review, the service quality is negative (they wanted to charge $30 for fingerprints, which the reviewer found outrageous). The ambiance is not mentioned, but the reviewer's tone suggests a negative experience. The value for money is also negative, as they found a cheaper alternative. The reviewer explicitly states that they would have given a zero rating if possible, which aligns with the 1-star rating. The overall tone is strongly negative, with the reviewer expressing frustration and warning others to beware (Caveat Emptor).",True,True,"{
  ""predicted_stars"": 1,
  ""explanation"": ""Based on the review, the service quality is negative (they wanted to charge $30 for fingerprints, which the reviewer found outrageous). The ambiance is not mentioned, but the reviewer's tone suggests a negative experience. The value for money is also negative, as they found a cheaper alternative. The reviewer explicitly states that they would have given a zero rating if possible, which aligns with the 1-star rating. The overall tone is strongly negative, with the reviewer expressing frustration and warning others to beware (Caveat Emptor).""
}"
4,,"I have visited Windsor twice now and I would describe it as fun, trendy, and a little hipster. The drinks are great, good combinations with fresh, unexpected ingredients. I love the 80's soundtrack, m...",,False,False,Invalid control character at: line 3 column 82 (char 107)
3,,"Average airport. 

I wish gate Marques listed which zone was boarding. There were three airplanes loading at the same time and it was near impossible to tell which gate was loading which zone. We just...",,False,False,Invalid control character at: line 3 column 82 (char 107)
3,2.0,"Mixteca was OK. Kind of a cross between Baja Fresh and Robertos. The quesadilla was decent and the beef tacos were good also, just nothing spectacular. I would go up the street to ""Carumbas"" for somet...","Based on the review, the food quality is neutral/positive ('decent', 'good') but not spectacular, which suggests a 2-star rating. The service quality is not mentioned. The ambiance is not mentioned. The value for money is neutral, as the reviewer suggests going to another place ('Carumbas') for something better. In terms of rating signals, the reviewer uses 'OK' and 'decent', which aligns with a 2-star rating. The overall tone is neutral, with a hint of disappointment. The reviewer would not return to Mixteca, which further supports a 2-star rating.",True,False,"{
  ""predicted_stars"": 2,
  ""explanation"": ""Based on the review, the food quality is neutral/positive ('decent', 'good') but not spectacular, which suggests a 2-star rating. The service quality is not mentioned. The ambiance is not mentioned. The value for money is neutral, as the reviewer suggests going to another place ('Carumbas') for something better. In terms of rating signals, the reviewer uses 'OK' and 'decent', which aligns with a 2-star rating. The overall tone is neutral, with a hint of disappointment. The reviewer would not return to Mixteca, which further supports a 2-star rating.""
}"
1,1.0,"The only reason 1 star can be given is the flavor choices and taste.  The SMALLEST wings I have ever seen, they must be off of baby chicks.  I thought it was getting punked, actually LOL.  Never to be...","Based on the review, the reviewer mentions that the only reason they gave 1 star is due to the flavor choices and taste. They also specifically mention that the wings are the smallest they've ever seen, implying a significant issue with the food quality. The tone of the review is sarcastic and humorous, but the intensity of the negative emotions is clear. The reviewer explicitly states that they will 'never be back', indicating a strong negative sentiment. Therefore, the predicted rating is 1 star.",True,True,"{
  ""predicted_stars"": 1,
  ""explanation"": ""Based on the review, the reviewer mentions that the only reason they gave 1 star is due to the flavor choices and taste. They also specifically mention that the wings are the smallest they've ever seen, implying a significant issue with the food quality. The tone of the review is sarcastic and humorous, but the intensity of the negative emotions is clear. The reviewer explicitly states that they will 'never be back', indicating a strong negative sentiment. Therefore, the predicted rating is 1 star.""
}"
2,,"I have driven past this place a million times and never stopped, so today I did.
I basically was in an overpriced Subaway called Port of subs. The sub was ok, nothing special. They do not have a good ...",,False,False,Invalid control character at: line 3 column 82 (char 107)
2,2.0,"The queso is ridiculously good... seriously. And the homemade tortillas are also outstanding.

Aside from that, everything is average at best. As mentioned by others, this is Americanized Mexican cuis...","Based on the review, the food quality is mixed. The reviewer praises the queso and homemade tortillas, but criticizes the tortilla soup and fajitas for not meeting expectations. The ambiance is also negatively impacted by the foul smell in the entry foyer. The service quality is particularly poor, with a bug found in the water and a dismissive response from the waitress. The value for money is also questionable, given the average quality of the food and the disappointing service. Overall, the reviewer expresses disappointment and frustration, which aligns with a 2-star rating.",True,True,"{
  ""predicted_stars"": 2,
  ""explanation"": ""Based on the review, the food quality is mixed. The reviewer praises the queso and homemade tortillas, but criticizes the tortilla soup and fajitas for not meeting expectations. The ambiance is also negatively impacted by the foul smell in the entry foyer. The service quality is particularly poor, with a bug found in the water and a dismissive response from the waitress. The value for money is also questionable, given the average quality of the food and the disappointing service. Overall, the reviewer expresses disappointment and frustration, which aligns with a 2-star rating.""
}"
5,,"i always forget about this place when we do a party. they carry costumes and party gear year round...even halloween stuff. 

stopped in today to look for a flintstones costume but they had no Fred's a...",,False,False,Invalid control character at: line 3 column 82 (char 107)
5,,Consistent is a great word to describe this place. The food is consistently great; the service is consistently great; the regulars are consistently there. (they're great too). It has a comfortable smo...,,False,False,Invalid control character at: line 3 column 60 (char 85)
3,2.0,"All I'm saying is they need to do a better job at hiring their staff. The girl that helped us out last time was on something pretty heavy. It was a school night, and we had just finished up dinner nex...","Based on the review, the service quality is negative due to the staff's behavior and performance. The reviewer mentions that the staff member was 'blitzed out of her mind', 'barely able to interact', and 'really rude'. Although the reviewer has been to the place before and thought their stuff was 'good', not 'great', this experience has left a negative impression. The reviewer also mentions that the staff's behavior was so bad that no one in the party decided to order anything. The ambiance and food quality are not explicitly mentioned as issues, but the reviewer's overall tone suggests that the negative experience with the staff overshadowed any positive aspects. The reviewer gives it 3 stars, but considering the significant issues with the staff, it's likely that they would give it 2 stars if they were to rate it based on this experience alone.",True,False,"{
  ""predicted_stars"": 2,
  ""explanation"": ""Based on the review, the service quality is negative due to the staff's behavior and performance. The reviewer mentions that the staff member was 'blitzed out of her mind', 'barely able to interact', and 'really rude'. Although the reviewer has been to the place before and thought their stuff was 'good', not 'great', this experience has left a negative impression. The reviewer also mentions that the staff's behavior was so bad that no one in the party decided to order anything. The ambiance and food quality are not explicitly mentioned as issues, but the reviewer's overall tone suggests that the negative experience with the staff overshadowed any positive aspects. The reviewer gives it 3 stars, but considering the significant issues with the staff, it's likely that they would give it 2 stars if they were to rate it based on this experience alone.""
}"
5,5.0,"I will continue to give this place five stars for so many reasons.  First, the menu is very creative, and offers a great variety of healthy food, with an Asian twist.  This time I had the shrimp curry...","Based on the review, the reviewer has given the place five stars for multiple reasons. The menu is described as 'very creative' with a 'great variety of healthy food', indicating high food quality. The reviewer also mentions that the edamame dumplings were 'as good as I remembered', suggesting consistent service quality. The ambiance is not explicitly mentioned, but the presence of a celebrity like Dr. Weil implies a positive ambiance. The reviewer also mentions that they will continue to give the place five stars, indicating a high value for money. The tone of the review is overwhelmingly positive, with no negative words or sarcasm detected. The reviewer's enthusiasm and willingness to return suggest a high level of satisfaction.",True,True,"{
  ""predicted_stars"": 5,
  ""explanation"": ""Based on the review, the reviewer has given the place five stars for multiple reasons. The menu is described as 'very creative' with a 'great variety of healthy food', indicating high food quality. The reviewer also mentions that the edamame dumplings were 'as good as I remembered', suggesting consistent service quality. The ambiance is not explicitly mentioned, but the presence of a celebrity like Dr. Weil implies a positive ambiance. The reviewer also mentions that they will continue to give the place five stars, indicating a high value for money. The tone of the review is overwhelmingly positive, with no negative words or sarcasm detected. The reviewer's enthusiasm and willingness to return suggest a high level of satisfaction.""
}"
1,1.0,"I'm sorry to be what seems to be the lone one star review.  Either I got there on the worst day in their history, or everyone drank the Koolaid, or I just have different expectations and taste buds.
I...","Based on the review, the reviewer had a terrible experience at Two Hippies. They waited 39 minutes for their food, which was not worth the wait. The burger was overcooked, greasy, and tasted like liver, and the fries were shriveled and microwaved. The reviewer also got food poisoning from eating there. The reviewer explicitly states that they would not return and instead choose to go to Red Robin. The tone of the review is overwhelmingly negative, with the reviewer using strong language to express their disappointment and disgust. The reviewer's experience was so bad that they felt compelled to write a lengthy review, which further emphasizes their negative opinion. Therefore, I predict that the reviewer would give Two Hippies 1 star.",True,True,"{
  ""predicted_stars"": 1,
  ""explanation"": ""Based on the review, the reviewer had a terrible experience at Two Hippies. They waited 39 minutes for their food, which was not worth the wait. The burger was overcooked, greasy, and tasted like liver, and the fries were shriveled and microwaved. The reviewer also got food poisoning from eating there. The reviewer explicitly states that they would not return and instead choose to go to Red Robin. The tone of the review is overwhelmingly negative, with the reviewer using strong language to express their disappointment and disgust. The reviewer's experience was so bad that they felt compelled to write a lengthy review, which further emphasizes their negative opinion. Therefore, I predict that the reviewer would give Two Hippies 1 star.""
}"
5,5.0,"This place is awesome and it replaced Trader Joes as my new grocery store. The produce is plentiful and fresh, they have Boars Head at the deli, and they have organic options. The meat is way more rea...","Based on the review, the food quality is positive (plentiful and fresh produce, Boars Head at the deli, organic options, and reasonably priced meat). The service quality is not mentioned, but the ambiance is also positive (reminds me of a small Whole Foods). The value for money is positive as the prices are compared favorably to other stores. In terms of rating signals, the review contains phrases like 'awesome', 'replaced Trader Joes as my new grocery store', and 'reminds me of a small Whole Foods', which are indicative of a 5-star rating. The overall tone is extremely positive, with no negative words or sarcasm detected. The reviewer would likely return to this store, further supporting a 5-star prediction.",True,True,"{
  ""predicted_stars"": 5,
  ""explanation"": ""Based on the review, the food quality is positive (plentiful and fresh produce, Boars Head at the deli, organic options, and reasonably priced meat). The service quality is not mentioned, but the ambiance is also positive (reminds me of a small Whole Foods). The value for money is positive as the prices are compared favorably to other stores. In terms of rating signals, the review contains phrases like 'awesome', 'replaced Trader Joes as my new grocery store', and 'reminds me of a small Whole Foods', which are indicative of a 5-star rating. The overall tone is extremely positive, with no negative words or sarcasm detected. The reviewer would likely return to this store, further supporting a 5-star prediction.""
}"
2,,My boyfriend and I were so excited to hear that there was a yogurt place going in. We were even more thrilled to hear that they stay open until 10 in the summer! We are definite night owls so we were ...,,False,False,Invalid control character at: line 3 column 75 (char 100)
1,,"Totally excited to try this place out, my grandparents, my mom and I (4 of us) came here for some Korean food. It wasn't too busy; just pairs of people from nearby offices coming in and out. 

Unlike ...",,False,False,Invalid control character at: line 3 column 82 (char 107)
4,5.0,"I tried El Pollo Supremo based on a recommendation from my professor. I always though he was a smart man, but after eating here I know it. 

For under $5 you get chicken  that is juicy and flavorful a...","Based on the review, the food quality is positive (juicy and flavorful chicken, tasty sides, and piping hot tortillas). The service quality is also positive (friendly staff and a welcoming atmosphere, as evidenced by the police officers' patronage). The ambiance is not explicitly mentioned, but the overall tone suggests a casual and welcoming environment. The value for money is positive (under $5 for a filling meal). The reviewer uses positive rating signals such as 'amazing', 'perfect', and 'incredible' to describe their experience. The overall tone is overwhelmingly positive, with a count of 7 positive words and no negative words. The reviewer expresses admiration for the restaurant and implies that they would return, further supporting a 5-star prediction.",True,False,"{
  ""predicted_stars"": 5,
  ""explanation"": ""Based on the review, the food quality is positive (juicy and flavorful chicken, tasty sides, and piping hot tortillas). The service quality is also positive (friendly staff and a welcoming atmosphere, as evidenced by the police officers' patronage). The ambiance is not explicitly mentioned, but the overall tone suggests a casual and welcoming environment. The value for money is positive (under $5 for a filling meal). The reviewer uses positive rating signals such as 'amazing', 'perfect', and 'incredible' to describe their experience. The overall tone is overwhelmingly positive, with a count of 7 positive words and no negative words. The reviewer expresses admiration for the restaurant and implies that they would return, further supporting a 5-star prediction.""
}"
3,,"Good food, but very expensive for a simple breakfast joint ($8-10 for most breakfast items). Also, the menu has very few healthy options...which isn't a problem for me, but is for my wife!  How about ...",,False,False,Invalid control character at: line 3 column 82 (char 107)
1,1.0,"I do not like this KFC ...or any really for that matter. Every time I have been here the place is filthy. I know they remolded the place and I have not been since then, so I am not sure if the conditi...","Based on the review, the food quality is negative (not good, served under temperature), service quality is not mentioned but implied to be poor (filthy place), ambiance is negative (filthy place), and value for money is negative (not good food). The reviewer uses strong negative language such as 'filthy', 'not good', 'gross', and 'what the hell have they done'. They also mention that they have been disappointed enough to not return. The tone is strongly negative and the reviewer expresses a strong dislike for the place, indicating a 1-star rating.",True,True,"{
  ""predicted_stars"": 1,
  ""explanation"": ""Based on the review, the food quality is negative (not good, served under temperature), service quality is not mentioned but implied to be poor (filthy place), ambiance is negative (filthy place), and value for money is negative (not good food). The reviewer uses strong negative language such as 'filthy', 'not good', 'gross', and 'what the hell have they done'. They also mention that they have been disappointed enough to not return. The tone is strongly negative and the reviewer expresses a strong dislike for the place, indicating a 1-star rating.""
}"
1,,"It's a supermarket.  I just go in buy what I need and get out.  It's convenient that there's a wells fargo in there, but there's one across the street as well.  

To the negative experience.....
My si...",,False,False,Invalid control character at: line 1 column 96 (char 95)
5,5.0,"Why did I wait so long to try this neighborhood hot spot!  Having a father who grew up on Los Olivos I remained a loyal customer, that is, until last evening's change in plans lured me to the colorful...","Based on the review, the food quality is consistently described as 'AMAZZZZZZING', 'perfectly crafted', and 'outstanding', indicating a high rating for food quality (5/5). The service quality is also highly praised, with the reviewer mentioning that their waiter, Phil, did a 'wonderful job' and that the margaritas made by him are the 'best' (5/5). The ambiance is described as 'colorfully lit and lively', which suggests a positive rating for ambiance (5/5). The value for money is not explicitly mentioned, but the reviewer does mention that they were able to save room for dessert and that the prices are reasonable, suggesting a neutral or positive rating for value for money (3/5). Overall, the reviewer's tone is extremely positive, with a high count of positive words and no negative words. They also mention that they would return, which further supports a 5-star rating.",True,True,"{
  ""predicted_stars"": 5,
  ""explanation"": ""Based on the review, the food quality is consistently described as 'AMAZZZZZZING', 'perfectly crafted', and 'outstanding', indicating a high rating for food quality (5/5). The service quality is also highly praised, with the reviewer mentioning that their waiter, Phil, did a 'wonderful job' and that the margaritas made by him are the 'best' (5/5). The ambiance is described as 'colorfully lit and lively', which suggests a positive rating for ambiance (5/5). The value for money is not explicitly mentioned, but the reviewer does mention that they were able to save room for dessert and that the prices are reasonable, suggesting a neutral or positive rating for value for money (3/5). Overall, the reviewer's tone is extremely positive, with a high count of positive words and no negative words. They also mention that they would return, which further supports a 5-star rating.""
}"
4,5.0,"Brackin's is my new favorite day drinking spot.  The bar itself is located perfectly within a tucked-away area in the Old Town Scottsdale mall area.  The atmosphere is very relaxed, and when the owner...","Based on the review, I analyzed the key dimensions as follows: Food Quality - not mentioned, Service Quality - positive, Ambiance - positive, Value for Money - positive. The reviewer uses positive rating signals such as 'new favorite day drinking spot', 'perfectly located', 'relaxed atmosphere', and 'prices are very relaxed'. In step 3, I evaluated the overall tone as positive, with a count of 5 positive words and no negative words. The reviewer also expresses enthusiasm and would recommend the spot, indicating a high likelihood of return. Overall, the review suggests a perfect experience, justifying a 5-star rating.",True,False,"{
  ""predicted_stars"": 5,
  ""explanation"": ""Based on the review, I analyzed the key dimensions as follows: Food Quality - not mentioned, Service Quality - positive, Ambiance - positive, Value for Money - positive. The reviewer uses positive rating signals such as 'new favorite day drinking spot', 'perfectly located', 'relaxed atmosphere', and 'prices are very relaxed'. In step 3, I evaluated the overall tone as positive, with a count of 5 positive words and no negative words. The reviewer also expresses enthusiasm and would recommend the spot, indicating a high likelihood of return. Overall, the review suggests a perfect experience, justifying a 5-star rating.""
}"
1,2.0,"I was really disappointed with my local Baja Fresh tonight.  The lobby, salsa bar and even drink station were very dirty and unkept.  To top that off my salad had old dark colored guacamole and limp l...","Based on the review, the food quality is negative (old guacamole and limp lettuce), service quality is negative (dirty lobby, salsa bar, and drink station), ambiance is negative (dirty environment), and value for money is not mentioned. The reviewer used words like 'disappointed' and 'really disappointed', which align with a 2-star rating. The tone is negative, and the reviewer expresses hope that the restaurant will improve, indicating they might return if changes are made.",True,False,"{
  ""predicted_stars"": 2,
  ""explanation"": ""Based on the review, the food quality is negative (old guacamole and limp lettuce), service quality is negative (dirty lobby, salsa bar, and drink station), ambiance is negative (dirty environment), and value for money is not mentioned. The reviewer used words like 'disappointed' and 'really disappointed', which align with a 2-star rating. The tone is negative, and the reviewer expresses hope that the restaurant will improve, indicating they might return if changes are made.""
}"
1,2.0,Went there first thing thing this morning. Ordered 2 simple sandwiches. Took over 35 minutes to make. 6 workers lounging around. Completely ignored. Totally disgusted with their service. Overpriced. F...,"Based on the analysis, the review is negative overall. In STEP 1, the dimensions are as follows: Food Quality is neutral (okay), Service Quality is negative (completely ignored, overpriced, 6 workers lounging around), Ambiance is not mentioned, and Value for Money is negative (overpriced). In STEP 2, the rating signals are mostly negative (disgusted, not good, poor). In STEP 3, the overall tone is negative, with more negative words (disgusted, ignored, worthless) than positive words. The intensity of emotions is high, indicating significant issues. The reviewer would not return, as indicated by 'never again' is not present but 'Totally disgusted' and 'felt worthless' suggest they would not return. Therefore, the predicted rating is 2 stars.",True,False,"{
  ""predicted_stars"": 2,
  ""explanation"": ""Based on the analysis, the review is negative overall. In STEP 1, the dimensions are as follows: Food Quality is neutral (okay), Service Quality is negative (completely ignored, overpriced, 6 workers lounging around), Ambiance is not mentioned, and Value for Money is negative (overpriced). In STEP 2, the rating signals are mostly negative (disgusted, not good, poor). In STEP 3, the overall tone is negative, with more negative words (disgusted, ignored, worthless) than positive words. The intensity of emotions is high, indicating significant issues. The reviewer would not return, as indicated by 'never again' is not present but 'Totally disgusted' and 'felt worthless' suggest they would not return. Therefore, the predicted rating is 2 stars.""
}"
4,,"Loved the location at atmosphere of this place!  Had a very nice business dinner here last night.  We were able to sit outside thanks to the gorgeous weather, and I'd recommend this to anyone.  The ho...",,False,False,Invalid control character at: line 3 column 74 (char 99)
1,1.0,"We came here for dinner for me and reverse happy hour for my wife, we ordered our appetizers and after finishing them and looking over the menu for a few minutes we were ready to jump into the overpri...","Based on the review, the service quality is negative as the reviewer mentions 'crappy service' and 'got a heads up that the kitchen is closing' without informing them. The ambiance is not mentioned, but the overall experience was poor. The value for money is negative as they mention 'overpriced entrees'. The food quality is not mentioned directly, but the reviewer's experience was ruined by the service. The reviewer uses strong negative language, such as 'Not good Gordon B. Not good', and mentions that they won't be giving them another chance, indicating a 1-star rating.",True,True,"{
  ""predicted_stars"": 1,
  ""explanation"": ""Based on the review, the service quality is negative as the reviewer mentions 'crappy service' and 'got a heads up that the kitchen is closing' without informing them. The ambiance is not mentioned, but the overall experience was poor. The value for money is negative as they mention 'overpriced entrees'. The food quality is not mentioned directly, but the reviewer's experience was ruined by the service. The reviewer uses strong negative language, such as 'Not good Gordon B. Not good', and mentions that they won't be giving them another chance, indicating a 1-star rating.""
}"
1,1.0,"I will never know what the food tastes like because they were so so rude, I will not go back.  We came in and were given a table, menus were practically thrown at us.  And then we waited, and waited a...","Based on the review, the service quality is negative as the staff was described as 'rude', menus were 'thrown' at them, and they were ignored when they asked for help. The ambiance is also negative due to the poor service. The food quality is not mentioned, but it's not relevant to the overall experience. The value for money is not mentioned either. The tone of the review is strongly negative, with the reviewer stating they 'will never know what the food tastes like' and 'will not go back'. The intensity of emotions is high, and there's no indication they'd return. The rating signals match a 1-star review, with phrases like 'never know what the food tastes like' and 'will not go back' indicating a terrible experience.",True,True,"{
  ""predicted_stars"": 1,
  ""explanation"": ""Based on the review, the service quality is negative as the staff was described as 'rude', menus were 'thrown' at them, and they were ignored when they asked for help. The ambiance is also negative due to the poor service. The food quality is not mentioned, but it's not relevant to the overall experience. The value for money is not mentioned either. The tone of the review is strongly negative, with the reviewer stating they 'will never know what the food tastes like' and 'will not go back'. The intensity of emotions is high, and there's no indication they'd return. The rating signals match a 1-star review, with phrases like 'never know what the food tastes like' and 'will not go back' indicating a terrible experience.""
}"
4,,"In a sentence: Culinary Dropout is a foodie mecca with its plush and lux furnishings, amazing location in the heart of Scottsdale but away from the duche-ery of Old Town, on point entrees that range f...",,False,False,Invalid control character at: line 3 column 82 (char 107)
4,,"I have used The Parking Spot twice now, and am a registered card carrying member...lol. I have coworkers who use one of the other economy places across the street, but they don't get covered parking a...",,False,False,Invalid control character at: line 3 column 71 (char 96)
3,3.0,"We stayed at the Pointe Hilton over the July 4th weekend are were very impressed with the amazing pool facilities and poolside food service.  However, I would send caution to anyone planning to stay a...","Based on the review, the reviewer was impressed with the 'amazing' pool facilities and poolside food service, which indicates a positive experience (STEP 1: Food Quality and Ambiance - positive). However, they also mentioned that the hotel is not suitable for adults without children due to the screaming kids, which indicates a negative aspect (STEP 1: Service Quality - negative). The reviewer's tone is mixed, with a focus on the negative aspect of the screaming children, but also mentioning the positive aspects of the hotel (STEP 3: Evaluate Overall Tone). Considering the mixed feelings and the significant issue with the screaming children, the reviewer's overall experience is average, which corresponds to 3 stars (STEP 2: Identify Rating Signals).",True,True,"{
  ""predicted_stars"": 3,
  ""explanation"": ""Based on the review, the reviewer was impressed with the 'amazing' pool facilities and poolside food service, which indicates a positive experience (STEP 1: Food Quality and Ambiance - positive). However, they also mentioned that the hotel is not suitable for adults without children due to the screaming kids, which indicates a negative aspect (STEP 1: Service Quality - negative). The reviewer's tone is mixed, with a focus on the negative aspect of the screaming children, but also mentioning the positive aspects of the hotel (STEP 3: Evaluate Overall Tone). Considering the mixed feelings and the significant issue with the screaming children, the reviewer's overall experience is average, which corresponds to 3 stars (STEP 2: Identify Rating Signals).""
}"
4,,"Fun place to get masks for all my robberies.

I joke. but really you can get good masks at Easley's....",,False,False,Invalid control character at: line 1 column 377 (char 376)
1,2.0,"There was hair in the food. Not just 1 but 2 in the same Bhel Puri dish.

The whole experience was pretty bad. There is no indication of how you order your food and when you finally figure it out the ...","Based on the review, the food quality is negative due to the presence of hair in the Bhel Puri dish and lack of flavor in other dishes. The service quality is also negative due to the dismissive attitude of the counter staff and unclear ordering process. The ambiance is not mentioned. The value for money is negative as the reviewer states it's not worth the trip. In terms of rating signals, the reviewer uses words like 'pretty bad', 'not good', 'boring', and 'not worth the trip' which align with a 2-star rating. The overall tone is negative, with a focus on the significant issues with the food and service. The reviewer expresses disappointment and frustration, indicating they would not return.",True,False,"{
  ""predicted_stars"": 2,
  ""explanation"": ""Based on the review, the food quality is negative due to the presence of hair in the Bhel Puri dish and lack of flavor in other dishes. The service quality is also negative due to the dismissive attitude of the counter staff and unclear ordering process. The ambiance is not mentioned. The value for money is negative as the reviewer states it's not worth the trip. In terms of rating signals, the reviewer uses words like 'pretty bad', 'not good', 'boring', and 'not worth the trip' which align with a 2-star rating. The overall tone is negative, with a focus on the significant issues with the food and service. The reviewer expresses disappointment and frustration, indicating they would not return.""
}"
2,,"I'm going to break this down to explain my two stars. Here we go.

THE GOOD: 
* Great Sindhi biryani - the rice is flavorful, the chicken is tasty, all in all a great dish. 
* Chicken boti tikka (bone...",,False,False,"Expecting ',' delimiter: line 3 column 521 (char 546)"
3,,"Threw a friend's baby shower here and it went pretty smoothly. We made reservations well in advance, and it was a small party. I'm not a huge fan of their food but it's always busy so clearly other pe...",,False,False,Invalid control character at: line 3 column 82 (char 107)
4,,"I really like this place! Plenty of room, very organized. And is willing to help you out. Price is very acceptable @ $7.00 a day. They have ear plugs, targets and beverages to purchase at a reasonable...",,False,False,Invalid control character at: line 3 column 75 (char 100)
5,,Kick @$$ The Best of the bertos & they will make anything you want_!! Carne Asada with Sausage & Ham........Wow.....,,False,False,Invalid control character at: line 3 column 82 (char 107)
1,2.0,"An upscale mexican restaurant in the area seemed like the best thing to have happened to me. I planned my visit for a quieter evening, and reviewed the menu again and again. 

However, upon our arriva...","Based on the review, the overall tone is negative. The reviewer mentions several issues with the restaurant, including the parking, ambiance, service quality, and food quality. They specifically mention that the waiter was 'insanely snobby' and seemed to be moonlighting in the kitchen, which suggests poor service quality. They also mention that the food took 45 minutes to arrive and that the combination of ingredients in their mixed seafood entree was unappealing. Additionally, they mention that they left the restaurant without finishing their meal and took their food with them, which suggests a lack of satisfaction with the value for money. The reviewer explicitly states that they are 'recommending that you not go there', which further supports a low rating. The only positive comment is that the reviewer thought the restaurant was 'the best thing to have happened' to them, but this is clearly ironic given the negative experience they had.",True,False,"{
  ""predicted_stars"": 2,
  ""explanation"": ""Based on the review, the overall tone is negative. The reviewer mentions several issues with the restaurant, including the parking, ambiance, service quality, and food quality. They specifically mention that the waiter was 'insanely snobby' and seemed to be moonlighting in the kitchen, which suggests poor service quality. They also mention that the food took 45 minutes to arrive and that the combination of ingredients in their mixed seafood entree was unappealing. Additionally, they mention that they left the restaurant without finishing their meal and took their food with them, which suggests a lack of satisfaction with the value for money. The reviewer explicitly states that they are 'recommending that you not go there', which further supports a low rating. The only positive comment is that the reviewer thought the restaurant was 'the best thing to have happened' to them, but this is clearly ironic given the negative experience they had.""
}"
5,,"This place makes me want to learn German every time i go.

I would get my Polka clothes out any day of the week.

Great food, great prices, great atmosphere.

The fall months are great to sit outside ...",,False,False,Invalid control character at: line 3 column 82 (char 107)
4,,"So much food to choose from on the menu! They have so many options (healthy eater,unhealthy eater,  vegetarian, breakfast, lunch, etc)  for every kind of diner. I tried an omlet with turkey and brie a...",,False,False,Invalid control character at: line 3 column 82 (char 107)
2,1.0,"They get 2 stars, for the pickles. 

So I'm from Jersey and was very happy to see all the NYC/Jersey stuff in this place.  The walls were covered in things from my state so I figured they know a thing...","Based on the review, the food quality is negative (the reviewer calls it 'the worst pastrami I have ever had' and uses strong language to express their disappointment). The service quality is not mentioned, but the ambiance is also negative as the reviewer criticizes the decor and suggests that the owners should focus on improving the food rather than the appearance. The value for money is also negative as the reviewer implies that the food is not worth the price. The reviewer uses strong language and insults to express their dissatisfaction, which indicates a strong negative tone. They also explicitly state that they would not recommend the place to others from the East coast looking for authentic NYC food, which further supports a 1-star prediction.",True,False,"{
  ""predicted_stars"": 1,
  ""explanation"": ""Based on the review, the food quality is negative (the reviewer calls it 'the worst pastrami I have ever had' and uses strong language to express their disappointment). The service quality is not mentioned, but the ambiance is also negative as the reviewer criticizes the decor and suggests that the owners should focus on improving the food rather than the appearance. The value for money is also negative as the reviewer implies that the food is not worth the price. The reviewer uses strong language and insults to express their dissatisfaction, which indicates a strong negative tone. They also explicitly state that they would not recommend the place to others from the East coast looking for authentic NYC food, which further supports a 1-star prediction.""
}"
4,4.0,"There's not much more I can say about Rula that hasn't already been said. Except, I guess, I can tell you why I like this place. I like it for two glorious words: HAPPY + HOUR. 

Yes, those two words ...","Based on the review, the food quality is consistently praised with words like 'unbelievable', 'hearty', 'tasty', and 'divine'. The reviewer also mentions specific dishes they enjoyed, such as the brie with apple chutney and the veggie burger. However, they mention some minor issues, like the noise and crowd at night, and the limited beer selection. The reviewer also expresses some disappointment with the lack of live music and the inability to sample liquors. Overall, the reviewer's tone is positive, but with some minor criticisms. This suggests a 4-star rating, as the reviewer enjoyed their experience but had some issues.",True,True,"{
  ""predicted_stars"": 4,
  ""explanation"": ""Based on the review, the food quality is consistently praised with words like 'unbelievable', 'hearty', 'tasty', and 'divine'. The reviewer also mentions specific dishes they enjoyed, such as the brie with apple chutney and the veggie burger. However, they mention some minor issues, like the noise and crowd at night, and the limited beer selection. The reviewer also expresses some disappointment with the lack of live music and the inability to sample liquors. Overall, the reviewer's tone is positive, but with some minor criticisms. This suggests a 4-star rating, as the reviewer enjoyed their experience but had some issues.""
}"
2,,"Went there for lunch.  Split a chopped salad and a deviled eggs.

Large portions.  Salad was a bit heavy on sauce, but I liked it.  Deviled eggs had some truffle oil which made them pretty good.  

Bu...",,False,False,Invalid control character at: line 3 column 75 (char 100)
2,2.0,"Over the last 5 years or so, I've eaten lunch at Dilly's Deli a couple dozen times. The location is excellent, as it is near my office, and the interior décor is clean, modest, and charming. The music...","Based on the review, the reviewer has had mixed experiences at Dilly's Deli. They mention positive aspects such as the location, interior décor, friendly service, and delicious bread. However, they also mention several negative issues, including the way sandwiches are assembled, the presence of a dead fly in a salad, and a hair on a pickle spear. Additionally, they express disappointment with the Red Bird sandwich and the price. The reviewer states that they will not return, which suggests a strong negative sentiment. Overall, the review suggests a mediocre experience, which aligns with a 2-star rating.",True,True,"{
  ""predicted_stars"": 2,
  ""explanation"": ""Based on the review, the reviewer has had mixed experiences at Dilly's Deli. They mention positive aspects such as the location, interior décor, friendly service, and delicious bread. However, they also mention several negative issues, including the way sandwiches are assembled, the presence of a dead fly in a salad, and a hair on a pickle spear. Additionally, they express disappointment with the Red Bird sandwich and the price. The reviewer states that they will not return, which suggests a strong negative sentiment. Overall, the review suggests a mediocre experience, which aligns with a 2-star rating.""
}"
5,5.0,Love this place! I think this is probably the best Chinese buffet out here! They serve quality gourmet food. And they have a full bar too. Place is clean and service is great. Would go back anytime!...,"Based on the review, the food quality is positive ('quality gourmet food'), the service quality is positive ('service is great'), the ambiance is positive ('Place is clean'), and the value for money is positive ('best Chinese buffet out here'). The reviewer uses positive rating signals such as 'Love this place', 'best', and 'would go back anytime', indicating a 5-star experience. The overall tone is extremely positive, with no negative words or sarcasm detected. The reviewer's enthusiasm and willingness to return further support the 5-star prediction.",True,True,"{
  ""predicted_stars"": 5,
  ""explanation"": ""Based on the review, the food quality is positive ('quality gourmet food'), the service quality is positive ('service is great'), the ambiance is positive ('Place is clean'), and the value for money is positive ('best Chinese buffet out here'). The reviewer uses positive rating signals such as 'Love this place', 'best', and 'would go back anytime', indicating a 5-star experience. The overall tone is extremely positive, with no negative words or sarcasm detected. The reviewer's enthusiasm and willingness to return further support the 5-star prediction.""
}"
1,1.0,"Went last week, and ordered a dozen variety. I didn't care for any of them, very dry, the frosting wasn't very good,even my 9 yr old daughter spit her cupcake out!...","Based on the review, the food quality is negative (the reviewer didn't care for any of the cupcakes and mentioned they were dry and the frosting wasn't good). The service quality is not mentioned. The ambiance is not mentioned. The value for money is negative (the reviewer was disappointed with the product). The tone of the review is strongly negative, with the reviewer expressing disappointment and disgust (the 9-year-old daughter spitting out the cupcake). The reviewer's use of words like 'didn't care for' and 'very dry' indicates a strong negative sentiment. The reviewer's overall tone suggests they would not return.",True,True,"{""predicted_stars"": 1, ""explanation"": ""Based on the review, the food quality is negative (the reviewer didn't care for any of the cupcakes and mentioned they were dry and the frosting wasn't good). The service quality is not mentioned. The ambiance is not mentioned. The value for money is negative (the reviewer was disappointed with the product). The tone of the review is strongly negative, with the reviewer expressing disappointment and disgust (the 9-year-old daughter spitting out the cupcake). The reviewer's use of words like 'didn't care for' and 'very dry' indicates a strong negative sentiment. The reviewer's overall tone suggests they would not return.""}"
2,,"I have lived here for about 5 months, the place is okay i guess, the ground are clean which I like, but the staff seems kinda disorganized.. they got our move in dates wrong which thank god I'm an ear...",,False,False,Invalid control character at: line 3 column 75 (char 100)
3,,"I created a monster when I brought my family to Chipotle for the first time many years ago. I am constantly taking one for ""the team"" when I am dragged here by my wife and one of my sons. 

I usually ...",,False,False,Invalid control character at: line 3 column 73 (char 98)
4,,Shame on me for not writing a review sooner.  Dined here with three other friends during our Spring Training trip at the end of March. We had to make reservations about 2 months prior as well.  We arr...,,False,False,Invalid control character at: line 3 column 82 (char 107)
4,5.0,Eorth a trip for pasta or their salads. Both are wonderful. And if you like garlic they know what you mean when you say xtra garlic. They actually give you extra. Yummm. Of course you will probably no...,"Based on the review, the food quality is positive (""wonderful"" pasta and salads), service quality is positive (they understand and accommodate the customer's request for extra garlic), ambiance is neutral/not mentioned, and value for money is positive (no complaints mentioned). The rating signals are strong, with words like ""wonderful"" and ""yummm"" indicating a high level of satisfaction. The overall tone is positive, with a lighthearted and humorous tone at the end. The reviewer seems to be very satisfied and would likely return, indicating a 5-star review.",True,False,"{""predicted_stars"": 5, ""explanation"": ""Based on the review, the food quality is positive (\""wonderful\"" pasta and salads), service quality is positive (they understand and accommodate the customer's request for extra garlic), ambiance is neutral/not mentioned, and value for money is positive (no complaints mentioned). The rating signals are strong, with words like \""wonderful\"" and \""yummm\"" indicating a high level of satisfaction. The overall tone is positive, with a lighthearted and humorous tone at the end. The reviewer seems to be very satisfied and would likely return, indicating a 5-star review.""}"
1,2.0,"Very loud, crowded and quite unpleasant. I felt very cramped and the environment was very uncomfortable....","Based on the review, the ambiance is negative (STEP 1). The reviewer uses words like 'loud', 'crowded', 'unpleasant', 'cramped', and 'uncomfortable' which indicate a strong negative tone (STEP 3). This suggests a 2-star rating, as the reviewer expresses significant issues with their experience (STEP 2).",True,False,"{
  ""predicted_stars"": 2,
  ""explanation"": ""Based on the review, the ambiance is negative (STEP 1). The reviewer uses words like 'loud', 'crowded', 'unpleasant', 'cramped', and 'uncomfortable' which indicate a strong negative tone (STEP 3). This suggests a 2-star rating, as the reviewer expresses significant issues with their experience (STEP 2).""
}"
1,2.0,"Donuts are really good, if they have any when you get there!!!  Went in on a Tuesday morning at 1030, and they only had a total of 10 donuts. Drove out of my way to go there and still ended up at Dunk...","Based on the review, the food quality is negative (only 10 donuts available) and the service quality is also negative (not having the desired donuts). The ambiance is not mentioned. The value for money is negative as the reviewer drove out of their way and still ended up at a different place. The rating signal is 'disappointed', which aligns with 2-star rating. The overall tone is negative, with a strong intensity of emotions. The reviewer explicitly states they were 'very disappointed' and ended up at a different place, indicating they would not return.",True,False,"{
  ""predicted_stars"": 2,
  ""explanation"": ""Based on the review, the food quality is negative (only 10 donuts available) and the service quality is also negative (not having the desired donuts). The ambiance is not mentioned. The value for money is negative as the reviewer drove out of their way and still ended up at a different place. The rating signal is 'disappointed', which aligns with 2-star rating. The overall tone is negative, with a strong intensity of emotions. The reviewer explicitly states they were 'very disappointed' and ended up at a different place, indicating they would not return.""
}"
5,,"I've been meaning to try this place for months and I'm so glad that the temperature has finally dropped to less than 100 degrees so I could take advantage of the outdoor patio for lunch! 

The service...",,False,False,Invalid control character at: line 3 column 92 (char 117)
4,,"Fun Saturday night music venue with good food & beer for only a few $. The music is fun and tunes everyone knows. The 1$ carne asada tacos are straightforward; meat, cilantro, onion, grilled jalepeño ...",,False,False,Invalid control character at: line 3 column 75 (char 100)
3,4.0,I really want to gives this Sprout's location 4 stars but over the past few months when I get a deli sandwich the bread has bean stale 1 out of 3 times I'm there so I can't do it. If this Sprout's can...,"Based on the review, the reviewer wants to give 4 stars but is held back by the issue of stale bread. However, they mention that the store is a 'great farmer's market' with a 'great selection' of produce and other items. This suggests that the reviewer is generally satisfied with the store, but has a minor issue that prevents them from giving a higher rating. The reviewer also mentions that they would be happy to give a higher rating if the issue is resolved, which further supports a 4-star rating.",True,False,"{
  ""predicted_stars"": 4,
  ""explanation"": ""Based on the review, the reviewer wants to give 4 stars but is held back by the issue of stale bread. However, they mention that the store is a 'great farmer's market' with a 'great selection' of produce and other items. This suggests that the reviewer is generally satisfied with the store, but has a minor issue that prevents them from giving a higher rating. The reviewer also mentions that they would be happy to give a higher rating if the issue is resolved, which further supports a 4-star rating.""
}"
1,1.0,"WOW!  I have never been to a place with service this horrible.  I may have caught them on a bad night, but I'm not giving them a second chance to find out!

I came in with a group of 4.  We stood up f...","Based on the review, the service quality is extremely negative (STEP 1). The reviewer mentions waiting for 5-10 minutes to be seated, empty cups waiting to be refilled, dirty plates, and being ignored by the servers. This is consistent with a 1-star rating (STEP 2). The overall tone of the review is negative, with the reviewer expressing their disappointment and frustration with the experience. They also mention that they won't be returning, which further supports a 1-star rating (STEP 3). Although the reviewer received a message from the Director of Operations, this does not change their overall negative experience and decision not to return.",True,True,"{
  ""predicted_stars"": 1,
  ""explanation"": ""Based on the review, the service quality is extremely negative (STEP 1). The reviewer mentions waiting for 5-10 minutes to be seated, empty cups waiting to be refilled, dirty plates, and being ignored by the servers. This is consistent with a 1-star rating (STEP 2). The overall tone of the review is negative, with the reviewer expressing their disappointment and frustration with the experience. They also mention that they won't be returning, which further supports a 1-star rating (STEP 3). Although the reviewer received a message from the Director of Operations, this does not change their overall negative experience and decision not to return.""
}"
5,5.0,"Awesome, awesome, awesome....everything was fantastic. The innovative drink menu, the pizza was out of this world and the bartender was very personable. A++ I would definitely recommend this place to ...","Based on the review, the key dimensions are: Food Quality - positive, Service Quality - positive, Ambiance - not mentioned, Value for Money - not mentioned. The reviewer uses strong positive rating signals such as 'amazing', 'fantastic', 'out of this world', and 'A++', which align with the 5-star rating. The overall tone is extremely positive, with a high count of positive words and no negative words. The reviewer expresses enthusiasm and eagerness to return, indicating a high level of satisfaction. Therefore, the final prediction is 5 stars.",True,True,"{
  ""predicted_stars"": 5,
  ""explanation"": ""Based on the review, the key dimensions are: Food Quality - positive, Service Quality - positive, Ambiance - not mentioned, Value for Money - not mentioned. The reviewer uses strong positive rating signals such as 'amazing', 'fantastic', 'out of this world', and 'A++', which align with the 5-star rating. The overall tone is extremely positive, with a high count of positive words and no negative words. The reviewer expresses enthusiasm and eagerness to return, indicating a high level of satisfaction. Therefore, the final prediction is 5 stars.""
}"
2,3.0,"Things I liked: The homemade chips (mmm), the red salsa, the tender chicken pieces in my enchiladas and the service.

Things that just didn't work for me- The green sauce was so blah I couldn't eat it...","Based on the review, the customer had a mixed experience. They mentioned several positive aspects such as the homemade chips, red salsa, tender chicken pieces, and good service. However, they also mentioned several negative aspects like the green sauce and beans and rice. The customer's tone is neutral, and they seem to be open to the possibility that their lack of familiarity with New Mexican cuisine might be the reason for their disappointment. Therefore, I predict 3 stars, indicating an average experience.",True,False,"{
  ""predicted_stars"": 3,
  ""explanation"": ""Based on the review, the customer had a mixed experience. They mentioned several positive aspects such as the homemade chips, red salsa, tender chicken pieces, and good service. However, they also mentioned several negative aspects like the green sauce and beans and rice. The customer's tone is neutral, and they seem to be open to the possibility that their lack of familiarity with New Mexican cuisine might be the reason for their disappointment. Therefore, I predict 3 stars, indicating an average experience.""
}"
3,3.0,"Finding this quaint location wasn't to hard... i like that there is a parking lot right north of the place... as well as street parking :) 

you walk in the place and wow... its a completely different...","Based on the review, the reviewer had mixed feelings about the restaurant. They praised the atmosphere, staff, and some of the food items, but were disappointed with the menu and the lack of spice warning on one of the dishes. They also found the prices to be a bit high. The reviewer mentioned that they would go back again, but only to try more dishes, which suggests that they had a decent experience but were not blown away. Therefore, a rating of 3 stars seems fitting, indicating an average experience with some positives and negatives.",True,True,"{
  ""predicted_stars"": 3,
  ""explanation"": ""Based on the review, the reviewer had mixed feelings about the restaurant. They praised the atmosphere, staff, and some of the food items, but were disappointed with the menu and the lack of spice warning on one of the dishes. They also found the prices to be a bit high. The reviewer mentioned that they would go back again, but only to try more dishes, which suggests that they had a decent experience but were not blown away. Therefore, a rating of 3 stars seems fitting, indicating an average experience with some positives and negatives.""
}"
4,5.0,"My new favorite Mexican place in Tempe. Love their tacos. Their menu only lists them individually, but feel free to mix and match. I usually go with one camarone and one pescado. The shrimp are small,...","Based on the review, the food quality is positive as the reviewer 'love[s] their tacos' and mentions specific dishes they enjoy. The service quality is also positive as it's described as 'friendly and efficient'. The ambiance is not mentioned, but the reviewer does mention it's a great spot for happy hour, implying a pleasant atmosphere. The value for money is positive as the portions are described as 'generous'. The reviewer uses positive rating signals such as 'love', 'great spot', and 'friendly and efficient'. The overall tone is overwhelmingly positive, with no negative words or sarcasm detected. The reviewer also mentions they've made it their 'new favorite Mexican place', indicating a high level of satisfaction and a likelihood of returning.",True,False,"{
  ""predicted_stars"": 5,
  ""explanation"": ""Based on the review, the food quality is positive as the reviewer 'love[s] their tacos' and mentions specific dishes they enjoy. The service quality is also positive as it's described as 'friendly and efficient'. The ambiance is not mentioned, but the reviewer does mention it's a great spot for happy hour, implying a pleasant atmosphere. The value for money is positive as the portions are described as 'generous'. The reviewer uses positive rating signals such as 'love', 'great spot', and 'friendly and efficient'. The overall tone is overwhelmingly positive, with no negative words or sarcasm detected. The reviewer also mentions they've made it their 'new favorite Mexican place', indicating a high level of satisfaction and a likelihood of returning.""
}"
2,1.0,"Bland and lackluster food that is not worth the price or the wait to get it.  We had lunch at Nourish a few months ago and while we weren't overly impressed, as they do serve healthy food that is in l...","Based on the review, the food quality is negative as the reviewer describes the food as 'bland and lackluster', 'flavorless', and 'disgusting'. The service quality is also negative due to the long wait for food and the server's poor planning. The ambiance is neutral as the reviewer mentions that the patio is 'nice' but it's not enough to bring them back. The value for money is negative as the reviewer feels that the price is not worth the quality of the food. The overall tone is negative with a strong emphasis on the reviewer's disappointment and disgust with the food. The reviewer explicitly states that they 'honestly don't know how my husband even managed to choke down the portion of the quiche that he did' and that they left with their 'tastebuds reeling in horror'. The reviewer also mentions that they 'won't be back' which further supports a 1-star prediction.",True,False,"{
  ""predicted_stars"": 1,
  ""explanation"": ""Based on the review, the food quality is negative as the reviewer describes the food as 'bland and lackluster', 'flavorless', and 'disgusting'. The service quality is also negative due to the long wait for food and the server's poor planning. The ambiance is neutral as the reviewer mentions that the patio is 'nice' but it's not enough to bring them back. The value for money is negative as the reviewer feels that the price is not worth the quality of the food. The overall tone is negative with a strong emphasis on the reviewer's disappointment and disgust with the food. The reviewer explicitly states that they 'honestly don't know how my husband even managed to choke down the portion of the quiche that he did' and that they left with their 'tastebuds reeling in horror'. The reviewer also mentions that they 'won't be back' which further supports a 1-star prediction.""
}"
4,,"This place isn't the best looking, but it's pretty tasty! I find myself craving the strange mix of foods they serve here.
I order the Emerald chicken burrito and the Jerk Chicken quesadillas.
The best...",,False,False,Invalid control character at: line 3 column 82 (char 107)
1,1.0,"I am leaving this store angry and can't resist writing a review! 

The staff is incredibly useless....if you can actually find someone to help you. The store is huge with very little signs to guide yo...","Based on the review, the service quality is negative (STEP 1) due to the staff being 'incredibly useless' and unhelpful. The ambiance is also negative as the store is described as 'huge' with 'very little signs' making it difficult to navigate. The value for money is not mentioned directly, but the reviewer mentions that they would rather go to other stores (Hobby Lobby or Michaels) which implies that they don't think the store is worth the visit. In STEP 2, the rating signals are mostly negative, with phrases like 'incredibly useless', 'can't resist writing a review', 'stormed out soooo mad', and 'never go back'. In STEP 3, the overall tone is overwhelmingly negative, with a strong emphasis on the reviewer's anger and frustration. The intensity of emotions is high, and the reviewer explicitly states that they will never return. Therefore, the final prediction is 1 star.",True,True,"{
  ""predicted_stars"": 1,
  ""explanation"": ""Based on the review, the service quality is negative (STEP 1) due to the staff being 'incredibly useless' and unhelpful. The ambiance is also negative as the store is described as 'huge' with 'very little signs' making it difficult to navigate. The value for money is not mentioned directly, but the reviewer mentions that they would rather go to other stores (Hobby Lobby or Michaels) which implies that they don't think the store is worth the visit. In STEP 2, the rating signals are mostly negative, with phrases like 'incredibly useless', 'can't resist writing a review', 'stormed out soooo mad', and 'never go back'. In STEP 3, the overall tone is overwhelmingly negative, with a strong emphasis on the reviewer's anger and frustration. The intensity of emotions is high, and the reviewer explicitly states that they will never return. Therefore, the final prediction is 1 star.""
}"
3,,"After reading Lindsey's review, I had to think twice about my original review of this place. Yes, I had been back and gave it another shot.

Yes, perhaps, I was a bit douchy in my prior review. 

This...",,False,False,Invalid control character at: line 3 column 82 (char 107)
2,1.0,"Are you serious? $4.50 for domestic beers during the usual ""happy hour"" time? That includes Old Style (we were there for the Cub game)!! At grocery stores you can get a 6-pack of Old Style for $4.50! ...","Based on the review, the food quality is negative (""worst sliders ever"", ""half dollar patty""). The service quality is also negative (""charging whatever they want"", ""greedy""). The ambiance is not mentioned, but the location is mentioned as a prime location. The value for money is negative (""$4.50 for domestic beers"", ""$10 for six southwestern sliders""). The overall tone is negative, with strong emotions of disappointment and frustration. The reviewer would not return. The rating signals indicate a 1-star review, with phrases like ""terrible"", ""worst"", and ""cra-zy"".",True,False,"{""predicted_stars"": 1, ""explanation"": ""Based on the review, the food quality is negative (\""worst sliders ever\"", \""half dollar patty\""). The service quality is also negative (\""charging whatever they want\"", \""greedy\""). The ambiance is not mentioned, but the location is mentioned as a prime location. The value for money is negative (\""$4.50 for domestic beers\"", \""$10 for six southwestern sliders\""). The overall tone is negative, with strong emotions of disappointment and frustration. The reviewer would not return. The rating signals indicate a 1-star review, with phrases like \""terrible\"", \""worst\"", and \""cra-zy\"".""}"
4,4.0,Nice bowling alley.  I liked it alot and the staff was very helpful when we could not figure stuff out!  The flatscreens with the score were nice and the animation of Pros were a nice upgrade. We came...,"Based on the review, the food quality is not explicitly mentioned, but the mention of 'dollar games, popcorn, beer, and hot dogs all night' suggests a casual and affordable dining experience. The service quality is positive as the staff is described as 'very helpful'. The ambiance is also positive with a 'fun atmosphere' and 'very well lit alley'. The value for money is positive as the reviewer mentions a 'deal' and seems satisfied with the experience. In terms of rating signals, the reviewer uses phrases like 'nice', 'liked it alot', and 'very helpful', which align with a 4-star rating. The overall tone is positive, with a count of positive words (e.g., 'nice', 'helpful', 'fun') outnumbering negative words. There is no indication of sarcasm or irony, and the intensity of emotions is moderate. The reviewer also mentions that they would return, as evidenced by their enthusiastic tone and the fact that they 'did my damage' at the bowling alley.",True,True,"{
  ""predicted_stars"": 4,
  ""explanation"": ""Based on the review, the food quality is not explicitly mentioned, but the mention of 'dollar games, popcorn, beer, and hot dogs all night' suggests a casual and affordable dining experience. The service quality is positive as the staff is described as 'very helpful'. The ambiance is also positive with a 'fun atmosphere' and 'very well lit alley'. The value for money is positive as the reviewer mentions a 'deal' and seems satisfied with the experience. In terms of rating signals, the reviewer uses phrases like 'nice', 'liked it alot', and 'very helpful', which align with a 4-star rating. The overall tone is positive, with a count of positive words (e.g., 'nice', 'helpful', 'fun') outnumbering negative words. There is no indication of sarcasm or irony, and the intensity of emotions is moderate. The reviewer also mentions that they would return, as evidenced by their enthusiastic tone and the fact that they 'did my damage' at the bowling alley.""
}"
5,4.0,"There are many places in the valley and its surrounding cities to eat Mexican food; however, there is one and only La Canasta.

In the last two years the boyfriend and I have eaten at this restaurant ...","Based on the analysis, the reviewer has a generally positive experience at La Canasta. In STEP 1, the dimensions are as follows: Food Quality is positive (mention of 'decent meal', 'generous portions', and 'best salsa'), Service Quality is positive (mention of 'pleasant', 'attentive', and 'accommodating' wait staff), Ambiance is not mentioned, and Value for Money is neutral (mention of 'exactly what you pay for'). In STEP 2, the rating signals are mostly positive, with phrases like 'ever-flowing', 'best', and 'generally pleasant'. In STEP 3, the overall tone is positive, with a count of positive words (e.g., 'decent', 'generous', 'pleasant', 'attentive') outweighing negative words. The reviewer also mentions that they have eaten at the restaurant 'quite often', indicating a high level of satisfaction. The only minor issue mentioned is the value for money, but it's not a significant complaint. Therefore, the predicted rating is 4 stars.",True,False,"{
  ""predicted_stars"": 4,
  ""explanation"": ""Based on the analysis, the reviewer has a generally positive experience at La Canasta. In STEP 1, the dimensions are as follows: Food Quality is positive (mention of 'decent meal', 'generous portions', and 'best salsa'), Service Quality is positive (mention of 'pleasant', 'attentive', and 'accommodating' wait staff), Ambiance is not mentioned, and Value for Money is neutral (mention of 'exactly what you pay for'). In STEP 2, the rating signals are mostly positive, with phrases like 'ever-flowing', 'best', and 'generally pleasant'. In STEP 3, the overall tone is positive, with a count of positive words (e.g., 'decent', 'generous', 'pleasant', 'attentive') outweighing negative words. The reviewer also mentions that they have eaten at the restaurant 'quite often', indicating a high level of satisfaction. The only minor issue mentioned is the value for money, but it's not a significant complaint. Therefore, the predicted rating is 4 stars.""
}"
5,,"Still in love with this place and how much care they really have for all of their clients. 

I hit another, I want a piercing moods and swung in on a lunch break last week, determined to get this pier...",,False,False,Invalid control character at: line 3 column 75 (char 100)
5,,Wow! I was in town on a week long business trip and the one thing I look forward to most when I travel are the meals. Cafe Monarch was a highlight of my trip. As soon as I walked through the door I fe...,,False,False,Invalid control character at: line 3 column 75 (char 100)
2,2.0,"I went here a couple weeks ago and got the sesame chicken.  I was disappointed when I saw that it wasn't chunks of chicken, but a boneless piece of chicken that was breaded, fried, and then sliced int...","Based on the review, the food quality is negative as the reviewer was disappointed with the dish and the sauce. The service quality is not mentioned. The ambiance is not mentioned either. The value for money is also negative as the reviewer explicitly states they won't be back. In terms of rating signals, the reviewer uses words like 'disappointed' and 'not that good', which align with a 2-star rating. The overall tone is negative, with a strong emphasis on the reviewer's disappointment and intention not to return. Therefore, the predicted rating is 2 stars.",True,True,"{
  ""predicted_stars"": 2,
  ""explanation"": ""Based on the review, the food quality is negative as the reviewer was disappointed with the dish and the sauce. The service quality is not mentioned. The ambiance is not mentioned either. The value for money is also negative as the reviewer explicitly states they won't be back. In terms of rating signals, the reviewer uses words like 'disappointed' and 'not that good', which align with a 2-star rating. The overall tone is negative, with a strong emphasis on the reviewer's disappointment and intention not to return. Therefore, the predicted rating is 2 stars.""
}"
3,3.0,"Enjoyed dinner on the patio - I had the Pad Cha Seafood dish rated ""Thai hot"" - the so-called hottest dish on the menu.  The person I was with ordered the ginger fish - mediocre at best, although it l...","Based on the review, the overall tone is neutral with a slight leaning towards negative. The reviewer enjoyed the ambiance and the Thai iced tea, but was disappointed with the taste of the food. They mentioned that the Pad Cha Seafood dish was not 'Thai hot' as advertised, and the ginger fish was 'mediocre at best'. However, they also mentioned that the seafood in their dish was 'very fresh'. The reviewer is willing to give the restaurant another try, which suggests that they are not completely dissatisfied. Therefore, a rating of 3 stars is a reasonable prediction.",True,True,"{
  ""predicted_stars"": 3,
  ""explanation"": ""Based on the review, the overall tone is neutral with a slight leaning towards negative. The reviewer enjoyed the ambiance and the Thai iced tea, but was disappointed with the taste of the food. They mentioned that the Pad Cha Seafood dish was not 'Thai hot' as advertised, and the ginger fish was 'mediocre at best'. However, they also mentioned that the seafood in their dish was 'very fresh'. The reviewer is willing to give the restaurant another try, which suggests that they are not completely dissatisfied. Therefore, a rating of 3 stars is a reasonable prediction.""
}"
1,2.0,Poor service-small portions-pricey...,"Based on the review, the key dimensions are: Food Quality - negative (small portions), Service Quality - negative (poor service), Ambiance - not mentioned, and Value for Money - negative (pricey). The rating signals indicate a 2-star review, as the reviewer mentions significant issues with service and value for money. In step 3, the overall tone is negative, with a focus on the reviewer's disappointment. The intensity of emotions is moderate, and it's unlikely they would return based on their experience.",True,False,"{""predicted_stars"": 2, ""explanation"": ""Based on the review, the key dimensions are: Food Quality - negative (small portions), Service Quality - negative (poor service), Ambiance - not mentioned, and Value for Money - negative (pricey). The rating signals indicate a 2-star review, as the reviewer mentions significant issues with service and value for money. In step 3, the overall tone is negative, with a focus on the reviewer's disappointment. The intensity of emotions is moderate, and it's unlikely they would return based on their experience.""}"
1,2.0,I brought my sweet sister in law shopping at this Forever 21 location.  She had a bag full of goodies (several hundreds of dollars worth) from H&M.  She stopped at Forever 21 and  sat her bag on the g...,"Based on the review, the food quality and ambiance are not relevant as this is a retail store. However, the service quality is negative as the staff did not react properly to the theft and were not attentive to customers. The store's condition is also described as a mess. The value for money is not explicitly mentioned, but the reviewer mentions that their sister-in-law loved some of the fashions, indicating that the quality of the products is good. However, the overall experience was marred by the poor service and store conditions. The reviewer's tone is negative, with words like 'disappointed', 'shrugged their shoulders', and 'chaos'. The intensity of emotions is high, and the reviewer would not return to this store due to the poor service and conditions.",True,False,"{
  ""predicted_stars"": 2,
  ""explanation"": ""Based on the review, the food quality and ambiance are not relevant as this is a retail store. However, the service quality is negative as the staff did not react properly to the theft and were not attentive to customers. The store's condition is also described as a mess. The value for money is not explicitly mentioned, but the reviewer mentions that their sister-in-law loved some of the fashions, indicating that the quality of the products is good. However, the overall experience was marred by the poor service and store conditions. The reviewer's tone is negative, with words like 'disappointed', 'shrugged their shoulders', and 'chaos'. The intensity of emotions is high, and the reviewer would not return to this store due to the poor service and conditions.""
}"
3,,"I reeeeaaalllyyyyy wish that I could give this a 4, but I can't do that in good conscience.  The food was great, but the service was downright abysmal.

In a fit of random adventurousness, I thought i...",,False,False,Invalid control character at: line 3 column 375 (char 400)
3,3.0,"Service - 5 stars (which is so rare). Food 2.5 stars. 
My husband and I are a little picky when it comes to steaks (we eat Morton's and Mastro's) but we wanted to try a new steakplace while visiting P...","Based on the review, the service quality is consistently praised with '5 stars' and 'awesome' comments about the staff, which indicates a positive experience. However, the food quality is mixed, with some dishes being 'good' but also 'bland' and 'salty'. The ambiance is described as 'pretty cool' and 'burlesque-ish', which suggests a positive experience. The value for money is not explicitly mentioned, but the reviewer mentions they will stick with their usual steak place, implying that the experience was not worth the price. Overall, the review has a neutral tone, with both positive and negative comments, which suggests a 3-star rating.",True,True,"{
  ""predicted_stars"": 3,
  ""explanation"": ""Based on the review, the service quality is consistently praised with '5 stars' and 'awesome' comments about the staff, which indicates a positive experience. However, the food quality is mixed, with some dishes being 'good' but also 'bland' and 'salty'. The ambiance is described as 'pretty cool' and 'burlesque-ish', which suggests a positive experience. The value for money is not explicitly mentioned, but the reviewer mentions they will stick with their usual steak place, implying that the experience was not worth the price. Overall, the review has a neutral tone, with both positive and negative comments, which suggests a 3-star rating.""
}"
3,,"I'm somewhere in between three and four stars. And, I know there are Yelp ""Talk"" events taking place right this very second as I sit to type my review, and it is for this reason I appreciate what anon...",,False,False,Invalid control character at: line 3 column 81 (char 106)
5,4.0,Love chickafila :) they're pretty pricey for fast food though...,"Based on the review, the food quality is implied to be good as the reviewer 'love[s] Chick-fil-A'. The ambiance and service quality are not mentioned, but the reviewer does mention that the price is 'pretty pricey for fast food', which could indicate a neutral or slightly negative view on value for money. However, the overall tone is positive, with the reviewer expressing affection for the restaurant. The reviewer's minor complaint about price does not seem to detract from their overall enjoyment, which aligns with a 4-star rating.",True,False,"{
  ""predicted_stars"": 4,
  ""explanation"": ""Based on the review, the food quality is implied to be good as the reviewer 'love[s] Chick-fil-A'. The ambiance and service quality are not mentioned, but the reviewer does mention that the price is 'pretty pricey for fast food', which could indicate a neutral or slightly negative view on value for money. However, the overall tone is positive, with the reviewer expressing affection for the restaurant. The reviewer's minor complaint about price does not seem to detract from their overall enjoyment, which aligns with a 4-star rating.""
}"
5,5.0,"Taylor's has such a refreshing cafe menu. I've been for breakfast far more often than lunch. I hope to try dinner soon b/c I think they feature live jazz on Wednesday nights. 

I've never ever had a b...","Based on the review, the food quality is consistently positive, with the reviewer mentioning 'never had a bad meal' and highlighting specific dishes as favorites. The ambiance is also implied to be pleasant, with the mention of live jazz on Wednesday nights. The service quality is not explicitly mentioned, but the tone suggests a positive experience. The value for money is not mentioned, but the reviewer's enthusiasm and willingness to return suggest a positive assessment. The tone of the review is overwhelmingly positive, with the reviewer using words like 'refreshing', 'great', and 'hooked'. The reviewer also expresses a desire to return and try more menu items, indicating a high level of satisfaction.",True,True,"{
  ""predicted_stars"": 5,
  ""explanation"": ""Based on the review, the food quality is consistently positive, with the reviewer mentioning 'never had a bad meal' and highlighting specific dishes as favorites. The ambiance is also implied to be pleasant, with the mention of live jazz on Wednesday nights. The service quality is not explicitly mentioned, but the tone suggests a positive experience. The value for money is not mentioned, but the reviewer's enthusiasm and willingness to return suggest a positive assessment. The tone of the review is overwhelmingly positive, with the reviewer using words like 'refreshing', 'great', and 'hooked'. The reviewer also expresses a desire to return and try more menu items, indicating a high level of satisfaction.""
}"
3,,I have been by this spot many times and I needed a place to eat lunch so I stopped in... I entered the restaurant and was seated right away. But then I sat there for a good 10 minutes and watched the ...,,False,False,Invalid control character at: line 3 column 82 (char 107)
1,,"My part Jewish friend has been raving about this deli so come payday we went to check it out. Ive been in Phoenix a little over a month and have been getting sick from the food here...diarrhea lots, s...",,False,False,Invalid control character at: line 3 column 65 (char 90)
1,2.0,"I love Saddle Ranch for its casual night time festivities (including watching people ride the mechanical bull hehehe), but I cannot ignore the fact that the food was disgusting!

When I think of my me...","Based on the review, the food quality is negative (the reviewer mentions that the food was 'disgusting', 'dry', 'cold', and 'tasteless'). The service quality is not mentioned, but the ambiance is positive (the reviewer enjoys the 'casual night time festivities' and the unique desserts and drinks). The value for money is also negative (the reviewer mentions that they will 'definitely be staying away from the grub'). The overall tone is negative, with the reviewer expressing disappointment and frustration with the food. However, they mention that they will continue to come for the fun atmosphere, which suggests that they might give the restaurant another chance. Therefore, a 2-star rating seems most appropriate.",True,False,"{
  ""predicted_stars"": 2,
  ""explanation"": ""Based on the review, the food quality is negative (the reviewer mentions that the food was 'disgusting', 'dry', 'cold', and 'tasteless'). The service quality is not mentioned, but the ambiance is positive (the reviewer enjoys the 'casual night time festivities' and the unique desserts and drinks). The value for money is also negative (the reviewer mentions that they will 'definitely be staying away from the grub'). The overall tone is negative, with the reviewer expressing disappointment and frustration with the food. However, they mention that they will continue to come for the fun atmosphere, which suggests that they might give the restaurant another chance. Therefore, a 2-star rating seems most appropriate.""
}"
2,,"a little greasy for my skin but the presentation is organic and fun! 
glitter, rubber ducks, bath fizzies and tons of soap make for a great one stop shop when you're shopping for those girlfriends you...",,False,False,Invalid control character at: line 3 column 82 (char 107)
5,,"I found some great t-shirts for friends here, including one from a local PHX artist with a grinning skull.  

If you're a hipster or looking to buy gifts for one, then this is the place to go. 

Plus,...",,False,False,Invalid control character at: line 3 column 82 (char 107)
4,5.0,Cevapi and Burek oh my!! Plus I got to hang with my fabulous friend Amra! Score! We wanted something extra good to eat after finishing our Mud Factor race on Saturday and lord knows I have been cravin...,"Based on the review, the food quality is positive as the reviewer mentions 'Cevapi and Burek oh my!!' and 'piping hot and piled high'. The service quality is also positive as the reviewer mentions 'fresh to order' and a 'mini grocery store'. The ambiance is not explicitly mentioned, but the reviewer seems to enjoy the experience. The value for money is positive as the reviewer mentions 'win, win in my book'. The rating signals are 'Score!' and 'one VERY happy woman', which indicate a 5-star rating. The overall tone is extremely positive, with a high intensity of emotions. The reviewer would definitely return, which further supports a 5-star rating.",True,False,"{
  ""predicted_stars"": 5,
  ""explanation"": ""Based on the review, the food quality is positive as the reviewer mentions 'Cevapi and Burek oh my!!' and 'piping hot and piled high'. The service quality is also positive as the reviewer mentions 'fresh to order' and a 'mini grocery store'. The ambiance is not explicitly mentioned, but the reviewer seems to enjoy the experience. The value for money is positive as the reviewer mentions 'win, win in my book'. The rating signals are 'Score!' and 'one VERY happy woman', which indicate a 5-star rating. The overall tone is extremely positive, with a high intensity of emotions. The reviewer would definitely return, which further supports a 5-star rating.""
}"
1,1.0,Do not go to this car wash. I dropped my kids off at choir and thought I'd run in for a quick car wash. Oh no! They locked my keys in the car. I couldn't get On-Star to unlock my Suburban because it w...,"Based on the review, the service quality is extremely negative (STEP 1). The reviewer experienced a series of issues, including their keys being locked in the car, the car washers' incompetence, and the manager's unprofessional behavior. The tone of the review is overwhelmingly negative (STEP 3), with the reviewer expressing frustration and anger. The reviewer explicitly states 'Do not go to this car wash' and warns others not to pay for the car wash until it's done, indicating a strong negative sentiment. The reviewer's experience was also extremely inconvenient and stressful, which further supports a 1-star rating.",True,True,"{
  ""predicted_stars"": 1,
  ""explanation"": ""Based on the review, the service quality is extremely negative (STEP 1). The reviewer experienced a series of issues, including their keys being locked in the car, the car washers' incompetence, and the manager's unprofessional behavior. The tone of the review is overwhelmingly negative (STEP 3), with the reviewer expressing frustration and anger. The reviewer explicitly states 'Do not go to this car wash' and warns others not to pay for the car wash until it's done, indicating a strong negative sentiment. The reviewer's experience was also extremely inconvenient and stressful, which further supports a 1-star rating.""
}"
2,3.0,This place is so so.  Ok food.  Ok atmosphere.  Just a decent restaurant in Buckeye....,"Based on the review, the food quality is described as 'ok', which is neutral. The ambiance is also described as 'ok', which is neutral. The overall tone of the review is neutral, with no strong positive or negative emotions expressed. The reviewer describes the restaurant as 'just decent', which aligns with a 3-star rating. There are no major issues or complaints mentioned, but also no exceptional praise. Therefore, a 3-star rating is the most fitting based on the review.",True,False,"{""predicted_stars"": 3, ""explanation"": ""Based on the review, the food quality is described as 'ok', which is neutral. The ambiance is also described as 'ok', which is neutral. The overall tone of the review is neutral, with no strong positive or negative emotions expressed. The reviewer describes the restaurant as 'just decent', which aligns with a 3-star rating. There are no major issues or complaints mentioned, but also no exceptional praise. Therefore, a 3-star rating is the most fitting based on the review.""}"
5,5.0,I love love Barrio Cafe. The food is amazing and it is very cute and artsy....,"Based on the review, the food quality is positive ('amazing'), which matches the 5-star rating signal. The ambiance is also positive ('very cute and artsy'), further supporting the high rating. The overall tone is extremely positive, with a love for the cafe, indicating a high likelihood of return. There are no negative comments, which further supports the 5-star rating.",True,True,"{
  ""predicted_stars"": 5,
  ""explanation"": ""Based on the review, the food quality is positive ('amazing'), which matches the 5-star rating signal. The ambiance is also positive ('very cute and artsy'), further supporting the high rating. The overall tone is extremely positive, with a love for the cafe, indicating a high likelihood of return. There are no negative comments, which further supports the 5-star rating.""
}"
4,4.0,"The cookies and breakfast pastries are to die for.  Just for those two items they deserve four stars.  Everything else, however, is just OK.  The rest of their foods are good but not great.  If you've...","Based on the review, the food quality is mostly positive, with the reviewer mentioning that the cookies and breakfast pastries are 'to die for' and deserving of four stars. However, they mention that the rest of the food is 'just OK' and 'good but not great'. This suggests a neutral to positive assessment of the food quality overall. The service quality and ambiance are not mentioned, so we cannot make a judgment on those. The value for money is also not mentioned, but the reviewer does mention that they can go to another restaurant (Wildflower) for better food, which suggests that they think the value is decent but not exceptional. The reviewer's tone is generally positive, with a focus on the strengths of the restaurant (the cookies and pastries). They do mention some minor issues with the rest of the food, but overall, the review suggests a positive assessment of the restaurant, which is consistent with a 4-star rating.",True,True,"{
  ""predicted_stars"": 4,
  ""explanation"": ""Based on the review, the food quality is mostly positive, with the reviewer mentioning that the cookies and breakfast pastries are 'to die for' and deserving of four stars. However, they mention that the rest of the food is 'just OK' and 'good but not great'. This suggests a neutral to positive assessment of the food quality overall. The service quality and ambiance are not mentioned, so we cannot make a judgment on those. The value for money is also not mentioned, but the reviewer does mention that they can go to another restaurant (Wildflower) for better food, which suggests that they think the value is decent but not exceptional. The reviewer's tone is generally positive, with a focus on the strengths of the restaurant (the cookies and pastries). They do mention some minor issues with the rest of the food, but overall, the review suggests a positive assessment of the restaurant, which is consistent with a 4-star rating.""
}"
5,5.0,I have passed this place for 20 years and had always heard good things. Well one night when we were kidless we went. It was pricier that we thought but we forgot the price once the meals arrived. We w...,"Based on the review, the food quality is positive as the reviewer mentions 'Warm homemade bread', 'Awesome salads', and 'it absolutely melted in my mouth'. The service quality is also positive as they mention 'we forgot the price once the meals arrived', implying good service. The ambiance is not mentioned, but it's not necessary as the focus is on the food and service. The value for money is initially mentioned as a concern, but it's quickly forgotten after the meal, indicating that the reviewer felt it was worth the price. In terms of rating signals, the reviewer uses phrases like 'very impressed', 'absolutely melted in my mouth', and 'we will definitely go back', which are all indicative of a 5-star review. The overall tone is positive, with a high intensity of emotions, and the reviewer explicitly states that they will return, further supporting a 5-star prediction.",True,True,"{
  ""predicted_stars"": 5,
  ""explanation"": ""Based on the review, the food quality is positive as the reviewer mentions 'Warm homemade bread', 'Awesome salads', and 'it absolutely melted in my mouth'. The service quality is also positive as they mention 'we forgot the price once the meals arrived', implying good service. The ambiance is not mentioned, but it's not necessary as the focus is on the food and service. The value for money is initially mentioned as a concern, but it's quickly forgotten after the meal, indicating that the reviewer felt it was worth the price. In terms of rating signals, the reviewer uses phrases like 'very impressed', 'absolutely melted in my mouth', and 'we will definitely go back', which are all indicative of a 5-star review. The overall tone is positive, with a high intensity of emotions, and the reviewer explicitly states that they will return, further supporting a 5-star prediction.""
}"
5,5.0,awesome and delicious place! good for groups!...,"Based on the review, the food quality is positive ('awesome and delicious'), the service quality is not mentioned, the ambiance is positive ('good for groups'), and the value for money is not mentioned. The review contains a positive rating signal ('awesome and delicious'), which indicates a high rating. The tone of the review is also positive, with no negative words or sarcasm detected. The reviewer seems to be enthusiastic about the place, which suggests they would return and give it a high rating.",True,True,"{
  ""predicted_stars"": 5,
  ""explanation"": ""Based on the review, the food quality is positive ('awesome and delicious'), the service quality is not mentioned, the ambiance is positive ('good for groups'), and the value for money is not mentioned. The review contains a positive rating signal ('awesome and delicious'), which indicates a high rating. The tone of the review is also positive, with no negative words or sarcasm detected. The reviewer seems to be enthusiastic about the place, which suggests they would return and give it a high rating.""
}"
2,,Food was pretty good but my biggest issue was with the service. We made a reservation and still had to wait an hour. Isn't the whole point of a reservation...so you don't have to wait an hour? One of ...,,False,False,Invalid control character at: line 3 column 314 (char 339)
2,,"My friends and I got a 10-person karaoke room and ordered food while we sang. The room is SMALL --in other K places I've been to, that would have been a room for 5 people. With 10 people in there, we ...",,False,False,Invalid control character at: line 3 column 71 (char 96)
3,4.0,"Food wise, this is my favorite Lenny's location. They make the perfect jalapeno cheese burger. The fries are really good too.

The location kind of sucks. Its  surrounded by a greyhound station, a liq...","Based on the analysis, the reviewer gives a positive review for the food quality (""perfect jalapeno cheese burger"", ""really good fries""). This indicates a positive rating for Food Quality (positive). The reviewer also mentions that this is their favorite Lenny's location, which suggests a positive Service Quality (positive). However, the ambiance is described as ""sucks"" and surrounded by undesirable locations, which indicates a negative Ambiance (negative). The reviewer does not mention anything about Value for Money. Overall, the reviewer's positive comments about the food and service outweigh their negative comment about the ambiance, leading to a predicted rating of 4 stars. The reviewer's tone is generally positive, with a focus on the food and service, and they express a willingness to return to this location.",True,False,"{
  ""predicted_stars"": 4,
  ""explanation"": ""Based on the analysis, the reviewer gives a positive review for the food quality (\""perfect jalapeno cheese burger\"", \""really good fries\""). This indicates a positive rating for Food Quality (positive). The reviewer also mentions that this is their favorite Lenny's location, which suggests a positive Service Quality (positive). However, the ambiance is described as \""sucks\"" and surrounded by undesirable locations, which indicates a negative Ambiance (negative). The reviewer does not mention anything about Value for Money. Overall, the reviewer's positive comments about the food and service outweigh their negative comment about the ambiance, leading to a predicted rating of 4 stars. The reviewer's tone is generally positive, with a focus on the food and service, and they express a willingness to return to this location.""
}"
2,,I believe this place is over-hyped.  the menu is overpriced.  the portions are small.  the meat is low quality.  slow service.  sterile decor....,,False,False,Invalid control character at: line 3 column 82 (char 107)
5,,"Tucked on the western edge of the Foothill Acres neighborhood in North Phoenix or what I would call ""The Slope"", Try Me Bicycle Shop has been in business for nearly 40 years and has been collecting th...",,False,False,Invalid control character at: line 3 column 82 (char 107)
2,2.0,"Jewish girls in Chinese dresses serving Japanese food. If that isn't a recipe for confusion, I don't know what is.

Too bad, really. Because when they first opened up, they had a real Japanese chef wh...","Based on the review, the food quality is negative (the reviewer mentions 'false advertising' and 'FAIL rice, you FAIL sushi'). The service quality is also negative (the reviewer criticizes the environment and the treatment of the chef). The ambiance is negative (the reviewer describes it as a '1980s pseudo-asian theme park environment'). The value for money is neutral/not mentioned, but the reviewer implies that it's not worth it due to the poor food quality. The overall tone is negative, with a strong emphasis on disappointment and frustration. The reviewer explicitly states that they would not return. The rating signals are consistent with a 2-star review, as the reviewer uses words like 'disappointed', 'not good', and 'poor' to describe their experience.",True,True,"{
  ""predicted_stars"": 2,
  ""explanation"": ""Based on the review, the food quality is negative (the reviewer mentions 'false advertising' and 'FAIL rice, you FAIL sushi'). The service quality is also negative (the reviewer criticizes the environment and the treatment of the chef). The ambiance is negative (the reviewer describes it as a '1980s pseudo-asian theme park environment'). The value for money is neutral/not mentioned, but the reviewer implies that it's not worth it due to the poor food quality. The overall tone is negative, with a strong emphasis on disappointment and frustration. The reviewer explicitly states that they would not return. The rating signals are consistent with a 2-star review, as the reviewer uses words like 'disappointed', 'not good', and 'poor' to describe their experience.""
}"
2,2.0,"Beatiful setting and good service. However, that doesn't make up for the $14 burger which was average at best and all three of ours were over cooked....","Based on the review, the ambiance is positive ('Beatiful setting') and the service is also positive ('good service'). However, the food quality is negative ('average at best' and 'over cooked'). The value for money is also negative ('$14 burger'). The overall tone is negative, with a focus on the issues with the food. The reviewer mentions that the good ambiance and service don't make up for the poor food, indicating that the negative aspects outweigh the positive ones. Therefore, the predicted rating is 2 stars.",True,True,"{
  ""predicted_stars"": 2,
  ""explanation"": ""Based on the review, the ambiance is positive ('Beatiful setting') and the service is also positive ('good service'). However, the food quality is negative ('average at best' and 'over cooked'). The value for money is also negative ('$14 burger'). The overall tone is negative, with a focus on the issues with the food. The reviewer mentions that the good ambiance and service don't make up for the poor food, indicating that the negative aspects outweigh the positive ones. Therefore, the predicted rating is 2 stars.""
}"
3,,"I can say that I used to love the place. Not so much any longer. 

Went over there this past Sunday at 7pm. Crowded, but still room to sit 6 of us. Here are a few simple notes to sum up the evening.

...",,False,False,Invalid control character at: line 3 column 81 (char 106)
1,,"As I promised myself, I'd go back again to try it again. Yyyeeaahhhh...sooooo....the food is still not good. I got the mongolian beef and it's like ""wha? really? is this IRL?"" 

I'm a chinese food kin...",,False,False,Invalid control character at: line 3 column 223 (char 248)
2,1.0,"The ""chicken burger"" with jerk sauce was gross. It was dried out with terrible flavor. The only saving grace was that it was small, which says enough right there. As another reviewed said, it was a gr...","Based on the review, the food quality is negative as the reviewer describes the chicken burger as 'gross', 'dried out', and with 'terrible flavor'. The ambiance is not mentioned, but the service quality is also negative as the reviewer expresses disappointment with the product. The value for money is not mentioned, but given the negative experience, it can be inferred that it's also negative. The overall tone is negative, with the reviewer expressing strong emotions of disappointment and frustration. The reviewer explicitly states that it was a 'terrible sandwich', which aligns with the 1-star rating signal. Additionally, the reviewer mentions that they would not return, further supporting the 1-star prediction.",True,False,"{
  ""predicted_stars"": 1,
  ""explanation"": ""Based on the review, the food quality is negative as the reviewer describes the chicken burger as 'gross', 'dried out', and with 'terrible flavor'. The ambiance is not mentioned, but the service quality is also negative as the reviewer expresses disappointment with the product. The value for money is not mentioned, but given the negative experience, it can be inferred that it's also negative. The overall tone is negative, with the reviewer expressing strong emotions of disappointment and frustration. The reviewer explicitly states that it was a 'terrible sandwich', which aligns with the 1-star rating signal. Additionally, the reviewer mentions that they would not return, further supporting the 1-star prediction.""
}"
5,,"I never write these things. But I have to say that you will not be disappointed with Paletas Betty. Especially with the weather right now, it is a delicious and healthy treat, made with seasonal ingre...",,False,False,Invalid control character at: line 3 column 82 (char 107)
5,5.0,"So, my husband and I went to to Bombero's for happy hour. Neither of us consider ourselves wine afficianados, but we know what we like. I told the server, Tim, that I wanted a heavy red, and he delive...","Based on the review, the food quality is positive as the reviewer enjoyed the malbec and the bread with bruschetta, which they found to be flavorful and soft. The service quality is also positive as the server, Tim, delivered a wine that met their expectations. The ambiance is positive as the reviewer thoroughly enjoyed it. The value for money is not explicitly mentioned, but given the positive tone, it can be inferred that the reviewer felt it was worth the price. The reviewer uses words like 'wonderful', 'delivered', 'enjoyed', and 'thoroughly enjoyed', which are all indicative of a 5-star experience. The tone of the review is overwhelmingly positive, with no negative words or sarcasm detected.",True,True,"{
  ""predicted_stars"": 5,
  ""explanation"": ""Based on the review, the food quality is positive as the reviewer enjoyed the malbec and the bread with bruschetta, which they found to be flavorful and soft. The service quality is also positive as the server, Tim, delivered a wine that met their expectations. The ambiance is positive as the reviewer thoroughly enjoyed it. The value for money is not explicitly mentioned, but given the positive tone, it can be inferred that the reviewer felt it was worth the price. The reviewer uses words like 'wonderful', 'delivered', 'enjoyed', and 'thoroughly enjoyed', which are all indicative of a 5-star experience. The tone of the review is overwhelmingly positive, with no negative words or sarcasm detected.""
}"
4,4.0,The food here was really good. I ordered the sesamie chicken and the sauce was very good. The service was marginal at best but it didn't annoy me. I'd go back...,"Based on the review, the food quality is positive ('really good', 'very good'), which is a key dimension. The service quality is neutral ('marginal at best' but didn't annoy the reviewer), which is not ideal but not a major issue. The ambiance is not mentioned. The value for money is not explicitly mentioned, but the reviewer is willing to return, which suggests they found it acceptable. In terms of rating signals, the reviewer uses 'really good' which aligns with a 4-star rating. The overall tone is positive, with a neutral tone towards the service. The reviewer's willingness to return suggests they are satisfied with their experience, which supports a 4-star rating.",True,True,"{
  ""predicted_stars"": 4,
  ""explanation"": ""Based on the review, the food quality is positive ('really good', 'very good'), which is a key dimension. The service quality is neutral ('marginal at best' but didn't annoy the reviewer), which is not ideal but not a major issue. The ambiance is not mentioned. The value for money is not explicitly mentioned, but the reviewer is willing to return, which suggests they found it acceptable. In terms of rating signals, the reviewer uses 'really good' which aligns with a 4-star rating. The overall tone is positive, with a neutral tone towards the service. The reviewer's willingness to return suggests they are satisfied with their experience, which supports a 4-star rating.""
}"
1,,"I used to love Banana Republic.  I stopped by at lunch to buy a few outfits, I wasted quite a bit of time in this store...to an frazzeling degree.  The choppy layout of the new store is annoying.  The...",,False,False,Invalid control character at: line 3 column 75 (char 100)
4,,"It's really easy to write reviews about places like D'licious Dishes.  This was my second visit since Petite Fromage sadly closed.  This time, I was with my mother and wife.  We each ordered a sandwic...",,False,False,Invalid control character at: line 3 column 82 (char 107)
5,,"I was craving some sweets today and told my husband about this place. Apparently, one needs to make an appointment but my husband made one right away when he called. We got a Baileys cupcake, a chocol...",,False,False,Invalid control character at: line 3 column 82 (char 107)
1,1.0,"So i thought with all the controversy surrounding this place, I would support the first amendment with my wallet. Unfortunately our experience here was subpar to say the least. We came in on a 3pm on ...","Based on the review, the service quality is negative (STEP 1), as the reviewer mentions 'HORRENDOUS' service and having to get refills themselves. The food quality is also negative, with the reviewer stating the California roll was 'really bad' and the sushi being 'overpriced'. The ambiance is neutral, but the reviewer mentions being outnumbered by staff, which might imply a negative atmosphere. The value for money is negative, as the reviewer feels the sushi was overpriced. In STEP 2, the reviewer uses the word 'HORRENDOUS', which aligns with a 1-star rating. In STEP 3, the overall tone is negative, with the reviewer expressing disappointment and frustration. They also mention not intending to return, which further supports a 1-star rating. In STEP 4, considering the reviewer's negative experience across multiple dimensions, the final prediction is 1 star.",True,True,"{
  ""predicted_stars"": 1,
  ""explanation"": ""Based on the review, the service quality is negative (STEP 1), as the reviewer mentions 'HORRENDOUS' service and having to get refills themselves. The food quality is also negative, with the reviewer stating the California roll was 'really bad' and the sushi being 'overpriced'. The ambiance is neutral, but the reviewer mentions being outnumbered by staff, which might imply a negative atmosphere. The value for money is negative, as the reviewer feels the sushi was overpriced. In STEP 2, the reviewer uses the word 'HORRENDOUS', which aligns with a 1-star rating. In STEP 3, the overall tone is negative, with the reviewer expressing disappointment and frustration. They also mention not intending to return, which further supports a 1-star rating. In STEP 4, considering the reviewer's negative experience across multiple dimensions, the final prediction is 1 star.""
}"
2,,"The kids and I LOVE Starbucks but this one leaves a lot to be desired.. We have been here a hand full of time and each time I keep asking myself why do I go back to this one? 

The service there is al...",,False,False,Invalid control character at: line 3 column 251 (char 276)
4,4.0,"I'm giving 4 stars because I just love to find this many artifacts of the basket and clay varieties when I visit a museum. It really amazes me, the craftmanship of our ancient peoples! This small muse...","Based on the review, the reviewer gave 4 stars, so we can directly infer the predicted stars. In STEP 1, we can see that Food Quality is not mentioned, Service Quality is positive, Ambiance is positive, and Value for Money is positive. In STEP 2, the reviewer used the phrase 'really amazes me', which corresponds to a 4-star rating. In STEP 3, the overall tone is positive, with the reviewer expressing amazement and appreciation for the museum's exhibits and value for money. They also mention a minor issue with duplicated exhibits, but this does not detract from their overall positive experience. Finally, in STEP 4, we can confirm that the predicted stars are 4, based on the reviewer's explicit rating and the positive tone of the review.",True,True,"{
  ""predicted_stars"": 4,
  ""explanation"": ""Based on the review, the reviewer gave 4 stars, so we can directly infer the predicted stars. In STEP 1, we can see that Food Quality is not mentioned, Service Quality is positive, Ambiance is positive, and Value for Money is positive. In STEP 2, the reviewer used the phrase 'really amazes me', which corresponds to a 4-star rating. In STEP 3, the overall tone is positive, with the reviewer expressing amazement and appreciation for the museum's exhibits and value for money. They also mention a minor issue with duplicated exhibits, but this does not detract from their overall positive experience. Finally, in STEP 4, we can confirm that the predicted stars are 4, based on the reviewer's explicit rating and the positive tone of the review.""
}"
4,,"I used to work near here and we got take out a lot. 

My favorites: spinach enchiladas, green corn tamale, chicken mini chimis ( they come with a green chile cream cheese dip, OMG). 

I loved their te...",,False,False,Invalid control character at: line 3 column 82 (char 107)
4,,"Man, if these guys were trying to replicate a gringo bar in Mexico down to every last detail, then they have it absolutely nailed. Sorry to ruin the mystery of the name. The building itself is a spect...",,False,False,Invalid control character at: line 3 column 82 (char 107)
3,,Sometimes the downside of Yelp is that you read so many great reviews for a new restaurant and you garner these very high expectations. That's what happened with St. Francis anyways. Our bartender was...,,False,False,Invalid control character at: line 3 column 75 (char 100)
3,,"They have high definition pictures of their menu items proudly displayed on the walls, and I like that.

Regarding the Chicken Pad Thai. The chicken and tofu were cooked perfectly, but the noodles wer...",,False,False,Invalid control character at: line 3 column 82 (char 107)
3,3.0,I love Cheuvronts and have been going there regularly for years. Why only three stars then? Over the past year and a half the service has gone downhill. I find that the servers are impersonal and rigi...,"Based on the review, the reviewer has a generally positive experience with Cheuvronts, mentioning that they 'love' the restaurant and have been going there regularly for years. However, they express disappointment with the service, stating that it has 'gone downhill' over the past year and a half, with servers being 'impersonal and rigid' and 'pompous'. This negative experience outweighs the positive aspects, such as the 'great cheese plates' and 'fantastic happy hour'. The reviewer also mentions that they stopped going to the restaurant due to the bad experiences, which suggests a significant issue. Therefore, the predicted rating is 3 stars, indicating a decent but not excellent experience.",True,True,"{
  ""predicted_stars"": 3,
  ""explanation"": ""Based on the review, the reviewer has a generally positive experience with Cheuvronts, mentioning that they 'love' the restaurant and have been going there regularly for years. However, they express disappointment with the service, stating that it has 'gone downhill' over the past year and a half, with servers being 'impersonal and rigid' and 'pompous'. This negative experience outweighs the positive aspects, such as the 'great cheese plates' and 'fantastic happy hour'. The reviewer also mentions that they stopped going to the restaurant due to the bad experiences, which suggests a significant issue. Therefore, the predicted rating is 3 stars, indicating a decent but not excellent experience.""
}"
3,3.0,"* 5 stars for uniqueness - This place has very interesting food and flavors that aren't common around here.

* 5 stars for the staff - Everybody was very fast and friendly.

* 5 stars for coolness of ...","Based on the review, the reviewer gave 5 stars for uniqueness, service quality, and ambiance, indicating positive experiences in these areas. However, they also mentioned feeling hungry and ripped off after leaving, which suggests a negative experience with the value for money. The reviewer also mentioned that it's more of a fun/interesting place to go before dinner, implying that it's not a place they'd return to for a full meal. This mixed feedback suggests an overall rating of 3 stars, indicating an average experience.",True,True,"{
  ""predicted_stars"": 3,
  ""explanation"": ""Based on the review, the reviewer gave 5 stars for uniqueness, service quality, and ambiance, indicating positive experiences in these areas. However, they also mentioned feeling hungry and ripped off after leaving, which suggests a negative experience with the value for money. The reviewer also mentioned that it's more of a fun/interesting place to go before dinner, implying that it's not a place they'd return to for a full meal. This mixed feedback suggests an overall rating of 3 stars, indicating an average experience.""
}"
2,2.0,"I've never had Thai food before so I suppose I have nothing to compare it to, but this restaurant didn't serve very tasty food. Maybe it was just what I ordered. I don't know. Plus it had a funny smel...","Based on the review, the food quality is negative ('didn't serve very tasty food', 'funny smell'), which is a major issue. The ambiance is also negative ('funny smell'). The service quality is not mentioned. The value for money is neutral as it's not explicitly mentioned. The tone of the review is mixed, but leaning towards negative. The reviewer mentions they won't be returning, which suggests a low rating. The reviewer also uses words like 'not good' and 'not going back', which aligns with a 2-star rating.",True,True,"{
  ""predicted_stars"": 2,
  ""explanation"": ""Based on the review, the food quality is negative ('didn't serve very tasty food', 'funny smell'), which is a major issue. The ambiance is also negative ('funny smell'). The service quality is not mentioned. The value for money is neutral as it's not explicitly mentioned. The tone of the review is mixed, but leaning towards negative. The reviewer mentions they won't be returning, which suggests a low rating. The reviewer also uses words like 'not good' and 'not going back', which aligns with a 2-star rating.""
}"
4,,"I'm not sure how I've missed trying this place, after over a decade of living in the Valley, partly as an ASU student in need of a good hang-over recovery joint. I can't believe I relied exclusively o...",,False,False,Invalid control character at: line 3 column 82 (char 107)
5,4.0,So yummy in my tummy. My sister and I went here for dinner and the food was as always-- very yummy. We had the marinated BBQ pork and the seafood hot pot at hot. We finished half the of the plates bec...,"Based on the review, the food quality is consistently described as 'yummy', 'very yummy', and 'excellent', indicating a positive experience. The service quality is also positive, with the reviewer mentioning 'awesome service' and specific examples of attentive service, such as being offered extra rice and having eggs cracked into the soup. The ambiance is not explicitly mentioned, but the reviewer's enthusiasm suggests a pleasant atmosphere. The value for money is a mixed assessment, with the reviewer stating that the price is 'as pricey' but still willing to return. The overall tone is overwhelmingly positive, with the reviewer using enthusiastic language and expressing a desire to return. The reviewer also mentions minor issues, such as the Bibimbap being 'okay', but these are not enough to detract from the overall positive assessment.",True,False,"{
  ""predicted_stars"": 4,
  ""explanation"": ""Based on the review, the food quality is consistently described as 'yummy', 'very yummy', and 'excellent', indicating a positive experience. The service quality is also positive, with the reviewer mentioning 'awesome service' and specific examples of attentive service, such as being offered extra rice and having eggs cracked into the soup. The ambiance is not explicitly mentioned, but the reviewer's enthusiasm suggests a pleasant atmosphere. The value for money is a mixed assessment, with the reviewer stating that the price is 'as pricey' but still willing to return. The overall tone is overwhelmingly positive, with the reviewer using enthusiastic language and expressing a desire to return. The reviewer also mentions minor issues, such as the Bibimbap being 'okay', but these are not enough to detract from the overall positive assessment.""
}"
1,1.0,"PIECE OF **** manager wouldn't put air conditioning on yesterday. It was 90.
They just lost alot of business....","Based on the review, the service quality is negative as the manager refused to put on the air conditioning, resulting in a loss of business. The ambiance is also negative due to the uncomfortable temperature. The value for money is not mentioned, but the overall tone suggests that the reviewer is extremely dissatisfied. The language used, such as 'PIECE OF ****', indicates a strong negative emotion. The reviewer explicitly states that the business 'lost alot of business', which further emphasizes their dissatisfaction. Therefore, the predicted rating is 1 star.",True,True,"{
  ""predicted_stars"": 1,
  ""explanation"": ""Based on the review, the service quality is negative as the manager refused to put on the air conditioning, resulting in a loss of business. The ambiance is also negative due to the uncomfortable temperature. The value for money is not mentioned, but the overall tone suggests that the reviewer is extremely dissatisfied. The language used, such as 'PIECE OF ****', indicates a strong negative emotion. The reviewer explicitly states that the business 'lost alot of business', which further emphasizes their dissatisfaction. Therefore, the predicted rating is 1 star.""
}"
5,,"Southwest blows its competitors so far out of the water I actually feel bad for the other airlines.  
1. Of the countless times I've flown with them, my flight has been delayed only twice and both tim...",,False,False,Invalid control character at: line 3 column 75 (char 100)
2,,"This gas station is like the bermuda triangle of gas stations!
I came here w/ a friend on a first friday, she was DD'ing and i was her passenger ""and i ride and i ride i ride through the city's backsi...",,False,False,Invalid control character at: line 3 column 74 (char 99)
3,,If you have to travel to Phoenix (Yay!) then chances are you have to travel through Sky Harbor (Boo!). There's also a decent chance you'll consider traveling on Southwest (Boo!) but as airlines (Boo!)...,,False,False,Invalid control character at: line 3 column 82 (char 107)
1,,"Ok, so I have to share my morning experience. But first I must start off by saying this: I'm no moron. Honest. 

So, this morning I stopped for gas. My tank was getting dangerously low and there was n...",,False,False,Invalid control character at: line 3 column 74 (char 99)
3,,"what better way to end a perfect Spring training baseball day than with a marg, Mexican food and your girlfriends...
the local in the group said this place would be crowded on a Sat night, so we weren...",,False,False,Invalid control character at: line 3 column 75 (char 100)
5,5.0,"Been here twice now and wish I could say more. The food is delicious, the set up is really relaxing and service is great. A great place to take an out of town guest. Happy hour menu has these amazing ...","Based on the review, the food quality is positive ('delicious'), service quality is positive ('great'), ambiance is positive ('really relaxing'), and value for money is positive ('happy hour menu has amazing tofu tacos'). The reviewer also mentions that they've been here twice and would recommend it, indicating a high level of satisfaction. The tone of the review is overwhelmingly positive, with no negative words or sarcasm detected. The reviewer's enthusiasm and recommendation ('Definitely check this place out!!') further support a 5-star prediction.",True,True,"{
  ""predicted_stars"": 5,
  ""explanation"": ""Based on the review, the food quality is positive ('delicious'), service quality is positive ('great'), ambiance is positive ('really relaxing'), and value for money is positive ('happy hour menu has amazing tofu tacos'). The reviewer also mentions that they've been here twice and would recommend it, indicating a high level of satisfaction. The tone of the review is overwhelmingly positive, with no negative words or sarcasm detected. The reviewer's enthusiasm and recommendation ('Definitely check this place out!!') further support a 5-star prediction.""
}"
3,2.0,"Update:  Unfortunately... the last two times we've come back, the food was just ok.  Definitely not $140.00 great.   We even went for their three plate combo for $40.00 / person, and the cupcake it ca...","Based on the analysis, the reviewer's tone is negative. In STEP 1, the dimensions are: Food Quality - negative, Service Quality - not mentioned, Ambiance - not mentioned, Value for Money - negative. In STEP 2, the rating signals are: 'just ok', 'not $140.00 great', 'disappointing', which align with a 2-star rating. In STEP 3, the overall tone is negative, with a count of negative words (7) vs positive words (0), and a strong intensity of emotions. The reviewer also mentions they wouldn't return, which further supports a 2-star rating.",True,False,"{
  ""predicted_stars"": 2,
  ""explanation"": ""Based on the analysis, the reviewer's tone is negative. In STEP 1, the dimensions are: Food Quality - negative, Service Quality - not mentioned, Ambiance - not mentioned, Value for Money - negative. In STEP 2, the rating signals are: 'just ok', 'not $140.00 great', 'disappointing', which align with a 2-star rating. In STEP 3, the overall tone is negative, with a count of negative words (7) vs positive words (0), and a strong intensity of emotions. The reviewer also mentions they wouldn't return, which further supports a 2-star rating.""
}"
