business_id,date,review_id,stars,text,type,user_id,cool,useful,funny,text_length,word_count
h-EkPjwF47mDPgrTGXLoIQ,2007-05-28,LLf9pyyGrDpZrtyWwYUNkw,3,"I like to call this ""My Basha's"".    On the positive side, the selection of wine and beers is pretty extensive, the produce is fresh with quite a few organic choices.  The natural foods section has a number of pleasant surprises and they've added some new bulk dispensers there as well.  I've had mixed experiences getting help in the meat section but the checkout up front is always quick, much faster than some of the other grocery store chains out there.",review,n1h87EmG_HBlp33v3X_QuA,1,0,1,457,80
TJ_wLPY8iScgJc641aQHxw,2012-02-02,o5WnqGiPo97Qf00eLGmU2Q,1,"This place was the worst place to EVER live! I lived here from Aug 2010 to may 2011, i was always in the office see when the grates would be fixed?? the office always gave me the run around very rude. You would think after the gun shoots, assaults, and car break ins that they would fix the gates but nope and to this day they still aren't fixed. When we moved in they said they would be fixed in a week and they lied.  Also the gym is huge but NONE of the equipment works! living here was SO gross! nothing worked our neighbors are Mexican thugs doing drug cat calling at anything that walks it was gross. I hated living here! 

 But the worst part was a few weeks ago we get a call from collections saying we owe Scottsdale Springs $300 bucks over 10 months after moving out! I called them up like wtf, and they were SO rude said too bad pay it or your credit score will hurt, we even gave a fowarding address and we NEVER got a letter in the mail about any damages. They claim we never gave them a forwarding address which is bull. 

I really hope people read these reviews i would hate to see anyone else scammed by this god awful company!",review,gIhEoQQLLUHbKbn2_TS1hg,1,1,1,1143,223
2MM1zXQotfBkW4YRMPY-ZA,2010-04-25,X8sOlD8trk6LeOCIJcMwgw,1,"I dont understand how a second restaurant was opened on Tatum . My husband and gave these place too many chances and wach time the food was not impressive. The margaritas come from a stolen recipe from La Pinata Nueva , but too bad they didnt bring the recipes with them. I hope they get it "" that maybe if you put alittle quality in the food people will come back"".",review,u1fxUYcCZsiazNmczJh0hQ,0,1,0,366,71
Trar_9cFAj6wXiXfKfEqZA,2012-06-18,Rzorh-nPKORglooFK3i4ig,4,"Awesome Donuts! 

The only thing is, I was expecting the light fluffy glazed that Krispy Kreme has. This is not the same. HOWEVER these donuts are homemade delicious and why not support small businesses?!?! 

So why the 4/5 star instead of 5/5? Well the majority of our group LOVED the donuts and swears by them. HOWEVER, one or two just thought they were alright and preferred a light airy donut a la Krispy Kreme (lameeee). So thats why I am trying to represent all opinions here in my reviews.

We were headed there when they were closing the dining room apparently (the drive thru is 24 hours though), but the nice lady allowed us to come inside, we had a rather large group with us. 

THE BUTTERMILK donut is amazing!! TOTALLY worth the late night trip!!!

These donuts taste fresh, delicious, and the customer service was so great when we were there that night. This place is the best donut place I have been to in AZ. No more KKreme or DDonuts (that place is not that good anyway). Just go to Bosa and you will never go to a chain donut shop again.",review,7jWmd57QoJnq2q4QyvVS2Q,0,0,0,1055,194
vN4mFODLd-gLmDg261wsyw,2011-09-05,-8a9TktdvoC01Xm69S6Q7w,4,Our visit to Scottsdale brought us into Fountain Hills to look for a home. While we were there we decided to look at the beautiful fountain we heard so much about. That's when we happened upon this place. The pizza was fantastic!!! It made us want to move here even more. Delicious!,review,cZgbUqTxXV0-EIzRZEKlQg,0,0,0,282,52
ufKmcpK6OTaWzeBGWNOa8A,2012-02-22,rql2bB8VdgjNh5kejRytvA,3,"My niece want to go here for her birthday, on a Friday night.  The wait was about 30 min.  

The onion blossom was not as crispy as I remember but still pretty good. Its horseradish sauce was stronger than I expected.  I had to ask for a side of ketchup.  

My steak was cooked as ordered (medium rare) but lacked taste somehow; the lobster tail was grilled right.  The steak of my niece was on the dry side (overcooked). My daughter's steak was as she liked it (medium rare).

For dessert, we shared a gigantic scoop of ice cream and whipped cream and an Oreo waffle with more ice cream and whipped cream.  We couldn't finish.

The service was good. Our waitress was very friendly.",review,mu2h8COMhAdnoQQ42TUTSg,0,0,0,682,125
09Kv1q51BlUyLznzNnL5Xw,2010-05-22,xrUOY2XtJZK7PA3dDUBdig,2,"Possibly the creepiest convenience store I have ever been to.  I mean, it's sandwiched between a strip mall and a giant dirt lot.",review,iKi-FUw5x7A220fVvEcNuw,0,0,2,129,23
R3sbDS0YcJDedSmUjwE48Q,2012-12-29,olF_c_Lv-MCdFrfb6ixILw,5,Tried going there for my 1st visit and they were closed during hours they were supposed to be open.  Have tried calling them a few times during normal business hours and did not get anyone to pickup.  They may be closed for good.  Not sure.,review,g45j6zxyjTmEy6nhf42o0g,0,0,1,240,45
rE2InW2Jmjy6hzH3p4Iyjw,2012-01-13,HhRPCCeoUBH9_KQt-oGODg,5,"I just stopped at Biagio nail place today and got my mani and pedi done, it was fabulous. Tiffany gave me great feet and my neck massage. She does really job. The shellac manicure was really nice she gave me a lots of different colors so she actually helped me find the colors that i like and I was very happy that I got her. I will Go back and ask for her...",review,XiuLpXucDuwabVkyhqAb3w,0,0,0,359,73
17AQhJKGRA3YLeN0pB64cg,2012-05-25,PPKxod62hSbSuwm6XJv1vg,2,"Love the coffee not thrilled about my service. Of the 4-3 times I have been in the barista has never been behind the counter ready to serve me.  Every time that I have walked in they follow me off the patio where they have been smoking.  I know that you are entitled to a break but, sitting out chit chatting with your friends smoking is not what you get paid for.  Either I have bad timing coming in when they are on break or the kids there are huge slackers.",review,LZAE5d9vjQgRlQhBbVFWUA,0,1,0,460,90
eIxSLxzIlfExI6vgAbn2JA,2011-04-21,TeOHcNOhqCK31DXa5do3ew,2,burgers were terribly unoriginal.  french fries came strait out of the safeway freezer section.  the guy working was so hungover it was kind of sad to watch.,review,5bs9-7Fwjuv4HiQNFVZTEw,0,1,1,157,27
52QtjHlHoa7V611bOvv1aw,2010-05-16,IZvHtSx-eeLZv0F6rimZzw,5,"Beautiful restaurant! Terrrific service! 

Wonderful, fresh and authentic cuisine - what more can I say but don't miss the Carpaccio!",review,U4E0mci8eBfGlwFLWo2cIA,2,2,0,133,20
hh2lP4_2N-tk_OxmaTf_qA,2010-08-04,VgFeoe5kTEBuiQt9MGDlEQ,5,"Great views, great food, great service and great atmosphere!  We thoroughly enjoyed our dinner here and couldn't believe the neighborhood special - 3 courses for $35!

The split pea soup was amazing as well as the bing cherry cheesecake...yum!",review,pEVf8GRshP9HUkSpizc9LA,0,0,0,243,39
KoJ4jNSmqYbmKqcoh-2dNA,2012-01-11,AOVQib06pMJF89eCLW3KIw,2,"Successfully blending the idea of bar food and airline food into one very disappointing meal. A poor choice for breakfast due to mealy/watery eggs, cold potatoes and bland salsa. Even the grapefruit juice lacked flavor.",review,DV7z89n3cl2KubYFmRmdCw,0,2,0,219,35
1udzLbeQxmLTbOtgyVP0kQ,2012-11-17,YdrffsqmsOZX81hYvK8Qwg,5,Delish & authentic! The serving was generous (meat combo fed 2). The injera was good (not too thick/doughy). Spicy and yummy. I would like to return and experience their coffee ceremony.,review,TmC0qdyUgXCkKK47vwLRPQ,0,2,0,186,31
vN4mFODLd-gLmDg261wsyw,2012-07-08,DPWM24p4SQN6jPwx2fIQgA,5,There is something for everyone on the menu. It's more than pizza. The service is great. Get a table on the terrace and you get the view of the park and fountain. I will keep going back.,review,wNxyGjz8b46qT1KAHjuYrQ,0,0,0,186,37
VbXy3tH5RAu7HjT7VeMMgA,2010-08-25,iGP6QWXXBflfRxZ4q_m6jw,2,"Not good.
Very bland Thai food, ugh, the two words do not belong together, bland and Thai!
The Peanut sauce was the worst ever.
The Pad Thai and Tom Ka Gai soup were blech.
Fresh rolls large but no flavor.
The service was decent though.
Just disappointing.",review,SwFbQrbTboesoC9hUb4vOw,0,1,0,256,47
fF6m3qsD5blnwuZRuYhzWg,2009-12-10,CrkKhtPW4_b7uNJ-yvXuAA,4,"There have to be some considerations made when attending Frank and Lupe's: First off, you have to understand that it's not GREAT Mexican food. That is to say, it's not real high quality, but more of what you would get at your buddies grandma's house. The second is that the service is somewhat spotty at times. You give your order to the ""waiter"", who then disappears as you are serviced throughout the nite by the ""bus boys"". Getting the check is the hardest thing there is. 

Having said all that, this place is TAST-TEE! I can't get enough of their enchilada's. If you're lucky enough to be there when they are doing their Poblano Chile enchiladas, get them! They are amazing. The chicken mole enchilada plate is also incredibly delicious. And sopapilla's??? WHERE THE HELL HAVE THESE THINGS BEEN ALL MY LIFE?!?!?! Drizzle some honey on these bad boys and enjoy throughout the meal. 

Like I said, you have to understand what you're getting into with Frank and Lupe's and if you can look past a few of their shortcomings, the food, atmosphere, and prices here are some of the best in town!",review,V9Uqt00HXwXT6mzsVCjMAw,0,0,0,1092,193
nqD620A6r3hcysgkQ6w30g,2012-07-12,2pMxoxw9ZGb1W1aOiAnQ7w,3,"The people who are either stocking the shelves, cleaning the floors, or behind the counter have all been polite so far. I have nothing really bad to say, but nothing really great either. Keep perservering...maybe I'll write another review when something outrageous happens :)",review,mRAPMBM3dbw8KXNit1aDCw,0,2,0,275,44
IuAPYzf3NSyfyXYgT46YVA,2011-11-18,TMgkOvM1iBpkiZADCZdT2g,2,"Two stars for bad service and, damn, I have to the tell the truth, a lousy appetizer.  Had the braised leeks to start, which appeared to have been made less of leeks and more of a white cheese that I can only assume had been allowed to congeal into a rubbery mat beneath a heat lamp.  It was literally impossible to cut into bite-sized pieces, and was tasteless besides.  

Then, after at least a half an hour wait, pasta with chanterelles.  The shrooms were great, and I have to say I enjoyed fennel for the first time in my life, but the pasta was enormous in size and there was an awful lot of it.

But one of my friends had the fried green tomatoes, which were wonderful, and another had the brussell sprouts, also wonderful, and the butterscotch pudding dessert with the nutmeg whipped cream was simply divine.

They were very busy (our reserved table was 20 minutes late and the seats were still warm when we sat down), so I'm thinking they were just run off their feet.  I'd give them another chance.

Oh, and a delightful Arizona sauvignon blanc.  I'm told they serve only Arizona wines, which is kinda cool..",review,-UyNlq8TwNTY0faXlAgJOQ,0,1,0,1117,203
PkG9bV1SvfOydOCCnDUGgw,2010-08-04,qTuisLGKbQCXLlUZUeGciQ,4,"Want a unique date night?  Craving for something to do on your own?  Want to have an avenue to express your inner artistic abilities?  OK, here you go!

Very interesting concept: Pick a piece of pottery, think of what you would like to design on it, you can draw your idea on with pencil, go grab your paints, brush, sponges, or stencils, and away you go.  They will then fire & glaze it, ready to pick up your masterpeice in a few days,

A great place to zen out and leave all your stress and worries at the door.  

Good for a keepsake, special gift, 1-of-a-kind conversation piece, or create a memory.

1 star lost for the very annoying and extremely intrusive studio ""helper"" which I will leave un-named.  Kinda ruined alot of the experience.  I should say that if you need assistance, you can have it, but when you do NOT need it, well, please leave us alone - ie: i f you are in Barnes & Noble, you don't need a clerk to repeatedly come up to you every 10 mins to ask if you are going to buy that book or they read it, or do you want a better suggestion..... ect.",review,h7v_M_0-YVpSVZ2WD7FpAA,0,1,1,1069,205
mKtHJOe1rtf-zGewKpAqrw,2012-10-23,i4kZYaGypxV6LPCroMK5-A,1,"One stop has one goal and that is to get the $80. diagnosis fee and split.  Francisco told me i needed to spend over $1300. for parts the manufacturer only charges $316 for. Stay away! I intend to file a complaint with the Attorney Generals office today, hopefully they will stop this nonsense.",review,DYDCOM77BTeQo18Z5tYlag,1,2,0,294,53
un3KC2gyMrSG6yqjVRctXg,2011-03-31,f1jNO3ep2cxzJvigO02sYQ,4,"This place is GREAT! I must have passed it a million times without knowing that it was tucked away in the complex. The sushi was awesome, the drinks were very reasonabally priced, we loved the decor and the atmosphere was very nice, kinda romantic if you are seated in the back away from the sushi bar. The service was great! We will definitely be going back.",review,bucwbyP1wOxRJe_RwmmAqw,0,0,0,359,66
0db71MbrvcJnyk71COCJBg,2012-01-23,tK-Mqf42lE1cX72RHoJnDQ,3,"Great food, bad service. Does anyone speak english in here?",review,KuPscbI0KPxudSMPZIcrCA,0,0,1,59,10
yGmdo1ENajB98iryHGoWFw,2012-11-07,GqMxrKvTrkDeG4ZS5mSlqg,2,"So the place has Christmas lights, and a fair amount of ambiance, and supposedly there's a shirtless shot at 1:00 - which might make going back worth it.  Other than that, the service was less than lackluster, the domestic kegs all seemed flat.  In other words, go somewhere else unless it's 1:00 and you want to see some daytime nudity.",review,wy8Yd_vCWDjiz9rMo4HfqA,0,0,0,337,60
mxrXVZWc6PWk81gvOVNOUw,2012-11-27,mxRy3Hf9xpNxgwMqHWHJUg,2,"i think reviews for this place are based on happy hour experiences. the food was SHOCKINGLY hot and fast out the kitchen. methinks there's some heavy microwave usage going on. the interior of the restaurant is and dark and fancy, but the food is mediocre and overpriced.  in fact, the roaring fork became both a barometer and a joke for the remainder of our visit in scottsdale.

if you want an equally priced meal with amazing food, yelp something else closer to oldtown (might i suggest something from the Baratin/FnB empire)?",review,d9DsbPMNod0rScSQQxwJIQ,0,0,0,528,91
PmPOuRvuN3CoNOi1nBj_TQ,2011-02-28,TbY0qDzbkqU5gP_UTjIKDw,3,"Ok, they should be happy that I am understanding of the flying bug that landed in my dessert and died before it was served.  Yes, I found it as I was eating the dessert, grossed me out, but not necessarily their fault.  The manager came over and apologized and took the dessert off the bill and offered me another one.  Anyway, the rest of the meal was great.  My party and I had the scallops with green beans and capers.  Yummy!  I do like Pappadeaux's overall and this is the first time I didn't have a great experience.",review,uTyIIbOvXH_XZw7OEiTiNg,0,1,0,522,98
It8Q9-l1EEtTr9NPpTgGPA,2009-12-31,g_rBgIUPJER87CLkOSfY_w,2,"Had a fun UYE get-together with Brian S. & Norm R. today to give this little Venezuelan cafe a try.  I had a Carne Esmechada Patacon, which is a sandwich with slices of plantain for the top & bottom, fried crisp.  (A plantain is something like a huge banana.)  Inside was a moderate amount of shredded beef & some other things.  It was good, but it cost $6, & for a full-sized meal you would have to add a couple of other things in the $4 range, & end up at about $15 for your lunch!

For half the price, I would give it twice as many Stars.",review,ikm0UCahtK34LbLCEw4YTw,6,8,3,541,108
9Y3aQAVITkEJYe5vLZr13w,2009-07-17,qA0jXJZYXtIPnti1KiHjRg,4,Good food and freindly staff. They have a nice selection on the menu. After seeing the table next to me I wish I'd of had the house specialty....blueberry pancakes. Next time........,review,KlLDE4egzf9VruPheiXHMA,1,1,0,182,31
QAWdgDgWaFJYzJ2pGDjmdw,2011-09-05,10teqvIvfwrnvTDvpMGyZg,4,"I love this outdoor mall.  It's clean, it's open and has a wonderful restaurant selection.  It doesn't have a huge amount of stores but the stores it does have fits the bill. Now that it has J Crew life got a little sweeter.  I really miss the Border book store, however. 

Some cool Biltmore activities are yoga in the park and movies in the park.  The movies are usually classics and happen during the fall.  Another bonus, is it's super dog friendly.  If you have a four legged friend to walk around with, make sure you walk to the east end of the mall and visit Arizona Humane Society's Petique to visit the other pups.

Happy Shopping!",review,5hIcclyqd9yelg2BlsiXBg,3,2,0,640,117
7_zL7NX_rDFwhbLp98PwZg,2010-01-03,MNFvGY1zUVGQlImzqvMFQw,1,"10:30pm on a Saturday night.  My friend and I try our second attempt at sushi for the night (see my review of Pearl for the first).  Place is hopping.  We take a seat at the sushi bar.

The Waitress:  ""Are you girls going to be ordering sushi?""
Me: I have a sushi menu in my hand, ""yes.""
Waitress:  ""Would you mind putting it in soon because they want to go home too.""
Me: What the fuck, bitch. ""Uh, ok""

Dear Ra Waitress,

I'm sorry if I kept you or any other employess, especially since I finished eating my roll before your kitchen even closed.  It was completely ok to rush me, even though I had no intention of staying all fucking night and even though plenty of new sushi orders came after mine.  I was hardly the last customer in there.  There were people all around me ordering sushi, so I'm still unclear as to why you needed to rush me.  If you were in such a hurry- why did it take you longer to bring and process my bill than it did for me to eat your food?  Maybe it was because you don't know how to count, since you gave the wrong amount of change and I ended up having to tell you the correct amount since you couldn't count it on the spot.  I like Ra for the atmosphere, something you completely ruined.  Thanks for that.   

Sincerely,
Morgan",review,rjlb-7-JcmM6fR64ZpyTug,4,9,10,1260,241
KIgkwPEOxbfdeCk0ltycOQ,2009-10-19,Ya1QU03ysxWG1zKaBXI0iQ,1,"What ever you do don't waste your money here.  I am not the person who likes to send food back, in fact I hate to do it.  I had no choice here, this was by far the worst mexican food I have eaten.  The food has such a horrible after taste.  I not only hated my meal but tried my boyfriends as well and it was still terrible.  The service compares to the food, we waited forvever just for a server to come over and greet us.  I wouldn't even recommend this place to my enemies.",review,tVUVDWC-RDaf8GN4-7-iXg,0,1,0,476,96
WaO_hAunQrZ--vI308rHQA,2012-06-28,5JVIkHaT8zb3AB9UzdcAuA,2,"Last summer when I was in AZ I ate here a few times and it was always great!  I love the pulled pork sandwich.  I ate here while I had family in town a few weeks ago and it was nothing like it used to be.  The sandwich was lacking in flavor, they didn't have the same sides they used to.  We got these fried potatoes which had way to much seasoning on them, none of us ate them.  This place has gone way down hill, I won't be going here anymore.",review,Hj8GsWV3454SmqhhK-LCAg,1,1,0,445,92
Lx4ZFP6dIMzi7Ib-ljV-ww,2012-01-02,-TTuzwXV6Hj7FmZBKgGn7g,2,"Personally, I used to come here a lot more often than I do.  I've noticed, what I feel to be, a rather slide in the quality in the food.  The carne asada burrito I recently got tasted okay, but the meat tasted lesser quality than I was used to.  The guacamole was a bit thinner than i like.  I gave them this score due to them having much better history with me and I hope/think/suspect  they had a weak day.  If they do better or worse next time, I'll post something that will reflect it.",review,zJ7Rvp193kl9L0ue-rDxyw,0,0,0,489,95
IVc23uY-36WUNYoIbz42Fg,2009-01-15,_pmYOW52o5wenplbAcu5wA,4,"Lame joke alert :
Okay, I think I have switched over to Switch , I am finally making a switch to Switch  whew almost over , after you try Switch you'll never switch.  And done.

Thanks for letting me get that out of my system.Lunch today was delightful. Mom and I were downtown playing around and we tried Switch for something new.  Glad we did.  

Our server Matthew was helpful, courteous and efficient. He really made the good food stand out .  For being at the peak of lunchtime it was nice to see the restaurant wasn't packed but they were well prepared for the lunchtime crowd.Food was served fast without feeling rushed. Drinks were filled promptly without hovering.


We had the Beef Galletta , a puff pastry with mushrooms, tender beef, brie , onions and a light sauce. Great size not too much but definitely filling.  Mom had chicken chop salad that looked fresh and tasty.  She really enjoyed it.   I look forward  to coming back and trying other items here.",review,tdNV2Wb0LrFpm1Yfov_Klw,8,7,8,969,172
B-FG89Jw729_i5rfA7FT7A,2012-09-07,hghI4qb8mDNGko2GSHx3Ew,3,"I'm always on the lookout for a morning coffee place  and decided to stop at the Coffee Bean. Since I am always interested in trying new places, it looked inviting and clean, and was close to where I was going.They had the usual items you find in a coffee shop, and there was ample seating, with outside tables. That said, it wasn't anything out of the ordinary. However, if I am in the area, and need coffee to drink while reading my newspaper, this is a good option.",review,w_hcSjqLeSZQL9Rx1UP-Tw,0,0,0,468,88
MAfc2V_EVtyR9rMxxEAPLg,2008-10-26,FSFkimdBRyZ3fEDbosRaLA,4,"I went to Khai Hoan yesterday and ordered the rare beef pho.  Now, this is the first time I have had pho before and I would say it is much like a glorified bowl of Ramen Noodles.  That said, it was good.  To me, not great, just good.  We got the combination appetizer plate.  The spring roll was amazing.  The crab was great.  I didn't like the ""egg roll"" as much as I thought I would, but it was definitely fresh.  I had fresh coconut juice to drink and it was delightful.  I would go back again for sure, but I would be ordering something other than the pho.",review,cHnlIFP5WwJRer7_C2NUng,1,1,1,560,109
fjAQGf-iJlVjD2vizzuORQ,2010-01-18,lZs33WvY-jdJgXDebwCOBA,4,"I have not liked one bar at all in Scottsdale, AZ. This was the first one! A semblance of a normal crowd. We ended up talking with some weirdo local chick, thought they were trying to do some kind of bizarre swinger plot, and they kicked rocks. Some friendly people in there though, all enjoying a good time singing and dancing. Maybe it was because I was inebriated, but the Karaoke was outstanding. These two chicks really belted it out last night. I had a really good time drinking here with my friend. They sell Heineken 22 oz bottles here. I thought that was pretty cool. My friend said ""Headband is the best"" about this place, I have no idea what the means though.",review,ACCUr3Ydw5XyPCmoIEdnpw,0,0,0,670,124
86rvPGDd0Vq2O1UNOtF9dg,2010-08-13,T6oH3f5iDHcRxEyjW2yXGQ,5,"This place has amazing frozen yogurt! I had the strawberry with small pieces of fresh strawberries! It was a wonderful treat in this heat, since it's yogurt and not ice cream, it's a little bit healthier.",review,7HDDL2FWibF3rGOZBH2IHA,1,2,0,204,36
rlQCMHmaMjPzEh3BeaDkIg,2011-06-28,cy1lA0PTgjblLq9oFrdfvA,2,"i'd rather go to amado's!

the only thing that's good here is the bean dip, and i'm only saying that so that i have something nice to say.",review,V9vStLuNc4aqZO_GK2VTuA,0,1,0,138,28
Xbxve72Hp5cWWj96ThGNtg,2008-07-12,A-wOtYNvykVyHT8015Chtg,2,"I've been to three Pizza Picazzo locations, and this one absolutely blew,. The reason? Service with a capital S. I invited a very large group out to lunch (made reservations the day before).  The waitress was rude, rude, rude and completely incompetent. When someone asked how large the slices were, she answered 'regular."" We kept waiting for her to laugh or smile, but she never did. It turned out ""regular"" was her answer to just about everything -- we now use ""regular"" as an inside joke at the office. She also kept us waiting AT LEAST an hour and a half for the check and was largely a mirage during the entire meal. Worst service EVER. 

Food was good (though I agree that it could be considered overpriced), but that was completely overshadowed by the horrible service.",review,28MSq7NWzcLCGYXkX2p9KQ,0,1,1,777,137
EdPa3d82Dq_za2Wf7Dtysw,2008-02-24,Gf-Vm7zIjC63hmHSCEN4vQ,5,"Their frozen drinks carried me through last summer. They have free air (for your tires) and water (for the radiator) at every location I've ever been to. Their hot sandwiches, though greasy, aren't TOO greasy and actually taste like food. The coffee is pretty good, and they have more ways to tart it up than Starbucks does. QT frickin' rocks.

And BTW, the QT stands for Quick Trip.",review,cTQOEKBVSqrsyVl2Ssyolg,0,1,0,383,68
aRkYtXfmEKYG-eTDf_qUsw,2012-11-08,tuvjALQppER6ij1F9yRTMw,1,"I can overcome the hipster sneer and accept that I am an uncool blemish in a world full of cut-off corduroys and patterned leggings. What I cannot and will not get over is an unapologetic staff whose epic error led to me breaking 5 years of meatless eating because of an order mishap.

I ordered the red pepper tomato quiche. After 20 minutes waiting for the quiche to warm in what appeared to be a 200 degree oven, I double checked to make sure my name was on the plate at the counter. When I dug in for the first bite, a wave of nausea and panic washed over my after realizing this was a piece of the bacon spinach quiche. I returned to the counter and explained that I had ordered the vegetarian quiche, and the chic who took my order asked the chic behind the counter which one she served, because she was sure she got it right. The chic in the kitchen said she put them out in the order she got them. Then they spent some time looking around in confusion and murmuring a bit,  meanwhile all the quiche had been sold. So the counter chic simply turned to me and send, ""well we don't have anymore of that one.""

Thanks. I told her I was more upset about the fact that I had just put bacon in my mouth after 5 years of no meat than there being no more quiche. She did give me my money back, but no one apologized or offered me any recompense. I'm over you being cooler than me, but I'm not over you having no soul.",review,FHDI8M5sm6lrZXNUBZAOfA,3,9,3,1416,277
oIkwj10HmUiognO68j7jOg,2009-05-05,hqpTT_eLPiQlb7-77zUo3w,1,"I went today to meet my daughter for lunch.  We are both big sushi enthusiasts.  The interior and atmosphere was beautiful.  Well appointed.
The service was excellent.  We ordered edamame, was good...nothing to rave about.  Not much you can do to mess that up.  Drinks were well poured but exspensive for what you got.  Ordered five different sushi rolls.
All five were bland, not much flavor and stale.  The fish was not fresh.
Paid $12 for a soft shell crap roll and it tasted days old.  Will not go back.
Did here they have good pizza and a happy hour at three.  My daughter says to give it another try.  We'll see... I'll let you know if I do.",review,kBM2vv1yEDqByi5FvucHYw,2,3,2,647,119
8gJ-0SrGeUcRXgqZtrYLDg,2012-04-01,1NnqnOiV_totNbpK0YA-gw,4,"Not much to write here. I always park on the Sears (upper level) side when I visit Chandler mall. My last visit to the mall, I ended up buying a luggage set on sale at Sears. The cashier was helpful and even checked to see if all four pieces were present (I didn't even think to, LOL). Four stars. No negative feedback to report.",review,k5bDN0HquYYiScd5Tz41Pg,0,0,0,329,64
R4zcw0jq-gMgDtPyCjwnew,2012-08-18,W31rbleIX9NdRdkEBdEO_Q,5,"The best fish tacos, period!  And I hate chain restaurants!",review,ZKz2htCNEjDUPqiImJhHrA,0,0,0,59,10
-UT6IHfVW_2yzz1bf8WI5g,2012-09-19,1DmZ5gHhff5CgZ_lqaPyHQ,1,"Love the idea - vegan Mexican. Have tried to eat there twice. Both times checked their FB page for hours, both times they were closed. Called their phone number, no one answered. No sign, no explanation on FB. Pathetic.",review,_caYjV_hptPhQTYCxUaqzA,1,7,1,219,39
i9LWPgDrCRaHfXpSk4TjUQ,2012-03-14,TH5M4pgyEGrKWj9Rx2XGJg,1,"And then it all changed...

I think this is my very first review that has been demoted to 1 star after being on the coveted 5 star for a long time. 

So, where do I start. After feeling dog sick for a few days, I finally decided to ""walk-in"" to this place because that's what they do now supposedly. They take walk in patients who are seen by the NP. I signed in at 8:20 and was not called in the back until 10:00am. Then I waited another 35 minutes for the NP to come in and see me. By the time everything was over, it was 11:00am before I walked out of this place. 

I asked to talk to Brenda, the office manager and was brushed off twice. Supposedly she is going to call me but would not see me when i was there for two and a half hours! I guess she didn't have the balls to face me at that point. What could she have said really? 

The front desk lady did a screw up and let another walk in patient go before me even though he came 10 minutes after I had already signed in. When I pointed that out, she said he came before me and I had to show her the sign in chart. Instead of apologizing, she just kept doing what she was busy doing without acknowledging her mistake. 

When the NP did come see me, she missed a couple of key things in my chart that she totally should have asked me about. I was quite appalled. I had to point out a deathly allergy that I have even though it should already be in my chart. 

My final analysis: In my opinion, don't go here if your health and time are valuable to you.",review,zhVOlwBuEgdGlHjwgVf3Jg,0,3,0,1507,303
LuTLXVyJvgshMlXTBw-Now,2010-03-28,DWFfqGlj3mJX8jextYj9Pw,4,"i love this place and their food!
what i mainly love is that their prices are extremely reasonable now so i can go more often.
their steaks are very good as are their ribs and chicken
as for appetizers, i love the signature Bloomin' onion and i recently tried their wings and i love them! it must be the seasonings and sauce
they taste very different.
and the service is alway excellent 
but when you do plan on going, make a reservation to avoid waiting too horribly long",review,cqPcKMkgfWc5lu3ltuLdFg,0,0,0,472,88
AqbgC7Gul5Es1rRzGNLDFA,2009-03-03,C0_XvWKIc6WU7Br95pvcNw,3,"I am not happy with Sprinkles, but I can't really subtract stars because I make better cupcakes than they do.  Let me first start with the location.  It's very stupid.  Very easy to miss and it blends in with everything else.  No personality.  I guess when you are so famous though, you don't need ""personality"" to get people in.  Second of all, I hate Scottsdale.  Again, I can't subtract stars for this, it doesn't make sense.

As for the cupcakes, they are really only okay.  I will set aside my disdain for chains and judge solely on the quality of the cupcakes.  I ordered a red velvet and a peanut butter chocolate.  The red velvet was very plain.  It lacked the subtle cocoa flavor and the lovely tangy flavor of the buttermilk that should be peeking through the copious amounts of red food coloring.  It wasn't.  I just tasted red and cake.  Not really that great.  To top it all off, my cupcake crown popped off the second I picked it up.  This pissed me off.  It essentially ruined my first bite.  At least I could still eat it.  The cream cheese frosting was so-so.  I really like a big bold cream cheese flavor to pair with a red velvet, and this was barely tangy.  It was super sweet, slightly grainy and it got that crust on the top from sitting out too long.  The red velvet overall was kind of meh.

The peanut butter chocolate was definitely not what I had hoped for.  The cake was very dense and peanut buttery, but lacking in sugar.  It was studded throughout with chocolate chips.  The frosting was chocolate, and it's texture was nice and smooth.  It was covered in chocolate jimmies, I just love those.  This cupcake was okay.  The lack of sweetness in the cake made me wished it was saltier.  A saltier cake paired with the delightfully sweet frosting would have made for a much more grown-up and sophisticated cupcake.  It was just okay as is.

Sprinkles, I will not be back.  I don't like you.  Good luck in all you do though.  I would never wish bad things on a cupcake bakery.",review,W_QXYA7A0IhMrvbckz7eVg,1,2,2,2003,364
uEJQSIjWui-TDWXaGlcqyQ,2012-01-23,W6J6noCNjNBom36-avS-Rw,3,"I have never been into soul food per se, but my husband woke up craving some chicken and waffles, and well, you can guess where we ended up. We were so pumped that there was Kool Aid on the menu, so we ordered that immediately. I don't know why every restaurant doesn't do this... Kool Aid is amazing. The service was decent - our waitress was quite friendly, and the food came out quick. I got biscuits and gravy, which was pretty delish. The gravy was thick and filling. So filling, in fact, that I couldn't finish them. I also got a side of mac and cheese which was not great, and I didn't eat a lot of it. Overall, I'd give this place a solid 3. I'd come back again, but mostly because my husband thought it was some kind of wonderful.",review,PDRWbCZa92irf8mK5X_Kig,0,1,1,739,143
2e1jzfiHFGCRpV66gYNVbA,2011-08-14,P4V_MGc-hA6iBRajU4Km4w,5,"I violated my rule of avoiding grocery shopping while hungry and decided to venture over to Whole Foods.  Whole Foods tends to be the indecisive individual's nightmare (that would be me).  Yet, this store is a foodie's dream. 

There are aisles upon aisles of glorious, wholesome products (pun intended).  Everything is meticulously organized and there are at least ten varieties of every type of item.  No joke.  It took me fifteen minutes to decide which brand of bottled tea would be suitable (and economical). 

I roamed the freshly prepared food section like a vulture circling it's prey...strategizing which choice would be the best taste sensation.  Did I want a made-to-order wrap?  Or a glass of wine and a couple tapas? (the live music was alluring)...Maybe sushi?  Pizza?  Salad bar?  Soup? Maybe something from the smokehouse...oooh! A cupcake from the cupcake bar? 

On and on it went. 

My final decision was sushi. The spicy tuna roll tasted fresh, and the Pacific salad roll was very crisp. I also grabbed a container of ginger for $1.99--not the artificially preserved pink variety--all-natural pickled ginger.  Bliss.  I purchased some cucumber salad from the salad bar as a side/palate cleanser. All in all, a very satisfying meal. 

Prices are a tad higher than your average grocery store. Then again, it is Whole Foods. A word of advise:  come with a game plan (e.g. a shopping list). If you don't define what it is you want prior to entering this store, you'll end up spending two hours and twice as much money than you anticipated.",review,qZrArI2ohkYkQlELl13BKQ,5,2,4,1554,259
nMHhuYan8e3cONo3PornJA,2012-04-28,qQcvmt1tvMR3F5OolsIRPg,1,"Had some time to kill before the Ultimate pleY Date Yelp event, and I'd wanted to share my love of Nobuo's Dark chocolate mousse with green tea ice cream and sugared orange peels with my happy-go-lucky cousin, who has never been here before, so we stopped by at 5:17p to find that Nobuo wouldn't open till 5:30p, so we waited outside in the comfortable patio.

After watching a couple of employees add lanterns to their outdoor umbrellaed tables, I noticed the ""OPEN"" sign on the front door, so we entered the resto, whereupon we were greeted warmly by a male host and shown to a two-top.  I didn't like the energy in that room, so I asked if we could sit elsewhere, and he said to choose wherever we wanted to sit.  We were the first customers, so we chose a four-top, knowing we wouldn't be taking up space for very long, anyway.  Glasses of water were delivered, and soon we met our female server (whose name on the receipt reflected ""Butai"").  When she laid down the menus, I told her we would only be having dessert and could we see the dessert menu?  I wished we had a video of the look she gave us, a look of pure distaste, as she gathered up the dinner and beverage menus and said ""We don't have dessert menus, as we only have two..."" and proceeded to tell us of the mousse and the almond-orange fritters.  She walked away, and as we loudly discussed about our losing our interest in dining there, she came back with napkins and utensils and asked if we decided what we were going to have.  I decided to forgo our server's very cold treatment and asked for the mousse.  After all, I'd already finished a glass of ice-cold water and cousin's phone needed recharging...  

When Butai placed our chocolate mousse http://www.yelp.com/biz_photos/0Buxoc0cRqjpvkezo3bqog?select=rK8m1rxl50PB69_c2YqQTg#rK8m1rxl50PB69_c2YqQTg on the table, I wanted to send it back.  Where was the lovely bowl and presentation of the last dessert I had here?  Was she serious in presenting us with this stale-looking mousse, with cracked edges and whose green tea ice cream had ice crystals on it?  I don't know about you, but the only times I've seen crystals on ice cream is when it has slightly melted and placed back in the freezer to re-freeze.  For me, seeing crystals on ice cream is a sign that it is old...  I brought the receptacle and showed it to the male host, who assured me that all of the mousse is made daily at 4:00a and seeing cracks and bubbles in the mousse is normal, so I decided we would go ahead and try it, if for nothing else but to have something to report here.  The dessert was definitely not up to par with the pretty bowl http://www.yelp.com/biz_photos/0Buxoc0cRqjpvkezo3bqog?select=o9jIksB-MObhCxoI_msekQ#o9jIksB-MObhCxoI_msekQ I had during our October OYE in taste and presentation, but it was OK.  The mousse was still cold and stiff, and it had a mouth-feel more of like thick chocolate ganache filling/icing on a cake- certainly not the silky-smooth chocolate decadence I knew it could be.  My cousin had to warm up to the dish, as the sound of chocolate and green tea together didn't seem like a great combo to her (I told her to trust me).  She also never enjoyed orange and chocolate together, but she liked it in this dessert.  

I understand that the knowledge of having to serve only dessert instead of dinner AND dessert, which translates to a higher table bill, can be a bit of a disappointment, but why must you show your displeasure to your guests?  Butai, you were lucky that my cousin even left you the change for a tip- she didn't want to give you anything, and you certainly didn't deserve it!  When I told other Yelp friends about the sub-par service and dessert we just had, one replied she didn't enjoy the last time we had apps here (I think it was around Halloween and First Friday?) either.  Cousin and I thought it very poor taste that our server gave us that awful, condescending look after finding out we were just going to have dessert; We didn't deserve that!  I am never going to recommend Nobuo to anyone, anymore.  I even promised my Japanese friend (who lives and works overseas) I'd treat her to a dining experience here when she comes to visit.  Guess I'll have to find another place to take her...  I don't want to risk getting the same treatment from Butai, or from another server should we come back here.  

Sorry, Nobuo, but I won't be returning.",review,0bNXP9quoJEgyVZu9ipGgQ,4,7,2,4401,773
9AbyBqGWHYZC73GlyAuTrQ,2011-02-18,_OaZMlx3OrudgiuzLBdglg,4,"Food is great, but they use to let you get the happy hour specials for take out, but not anymore. I love their prime rib burger, if you have a few extra bucks to spend on the best burger in the world than go here.",review,bX5mIrDlyD8ZabvF_An7FA,0,0,0,213,45
TMZP6Kzkc-FytzgbgIC9JA,2011-10-01,E2fr0LyYRX344sFJIy_baA,3,"Went here on Wednesday to take advantage of the $30 certificate. It was quite busy, which probably shouldn't of been a shock, location and all, so had to wait awhile but that is the risk of not getting reservations right? =P. 

Anyways, spent time in the bar which was nice, the bartenders were willing to answer questions, though not always the most chatty, but I think that was due more to how busy it was then not being friendly. The happy hour prices looked pretty good, $2 hot sake, $3 beer, $4-5 cocktails. Sushi was also on the cheap, Nigiri was from about 1.25-2 dollars I believe, and the other rolls ran from 3-5 dollars at the worst. They also have some non-sushi appetizers on there. 

Once we got a table, we were paired with another group, which was actually a nice experience as I do like the communal type seating stuff. Granted if you have a small group and not a fan of eating with strangers, might not like it much. 

Since it is a place I always consider more about a show then the food, going to start with that first. The show was eh, they do some of the knife play stuff, and a few things here and there, but honestly it wasn't all that exciting compared to the other place I've been (Sakura). The chef was friendly though, and the server was personable so that is a plus. Otherwise was a bit disappointed with the show portion of the meal. 

As for the food, I had the Filet Mignon and lobster tail. The filet was supposed to be medium, but came out more medium well in my opinion. It was lightly seasoned, leaving mostly a beef flavor then anything else. Now it had a good beef flavor, so by no means complaining just like a bit more seasoning personally. The lobster tail was good, buttery from the butter, but more importantly nice and sweet. How it is to other lobster tails? can't really tell you as I don't eat it that much (college students don't exactly have that sort of cash you know? =P). But again thought it was good, wasn't fishy and nice and sweet. 

At the end it came with a choice of ice cream, I tried the green tea ice cream which about the same as any other green tea ice cream I've had. Basically its sweet, with a hint of green tea taste, and that is about it. 

They have to sing to you of course, and they take a picture which they give you with a code you can access for up to 60 days (I believe) to download it, which is a nice touch. 

For the money, I really wouldn't go unless I had the certificate, however I would go back for the happy hour, probably my favorite thing of the whole night.",review,vQtiYv_KYj4ucNKv5iRfQA,0,0,0,2544,483
7_7fxuG9ESAFmx-AiMsJHg,2009-02-23,5lVXHeAoMhQqpqq9gQxFWg,2,"I've been back a few times since the last review but the most notable was to see DJ Z-Trip. He was awesome, no complaints there.

Bar Smith though? They failed on so many levels. 

I got there sometime between 10:30 and 11:00 and there was about a 20 minute wait out front. Not the end of the world or anything but after finally getting in, there was a sea of bodies and another very long wait. About 50 people were lined up by the stair case waiting to get upstairs. There was a bouncer not allowing anyone up there until people would slowly trickle out. Why they put Z-Trip on the patio, I don't know. It's the size of a shoe box and was clearly to capacity before 11 PM. FAIL FAIL FAIL FAIL FAIL!! 

I was in various lines roughly 50 minutes and still hadn't made it upstairs. Forget about stepping out of line to get a drink because you'd lose your place. The short of it is I paid for pre sale tickets, managed to get there at a decent time, and still had to wait close to an hour just to get in the same room as the guy. It was a total let down. 

At that point I was so ready to just walk out and ask for my money back. They clearly oversold the event and didn't give much thought about their patrons who paid money to see this DJ. They were going to fit every last body into that place if it killed them...and everyone else in there. 

After finally getting upstairs there were so many bodies, no one could move at all. It was a total clusterfuck. I finally made it to the back bar and stood in line for 10 minutes just to find out their card reader broke earlier in the night. Fantastic. No signs saying it was a cash bar, that would have been a nice gesture. 

Also, the bathrooms were downstairs, so forget about having to pee AT ALL during the 2+ hours you're there. If you had to go, you better hold it, otherwise you'd be waiting in line for another 30 minutes just to get back up. 

By the time Z-Trip came on, the sound was bass heavy and mildly distorted. I inched my way to various parts of the patio but the sound didn't get any better, so my partner and I said fuck it and went downstairs for the rest of the night. Thankfully they were playing his set downstairs and upstairs. At least people could move more easily downstairs. Plus the sound was better. And the bathrooms were actually accessible. 

Even at the end of the night, there were people standing in line waiting to get upstairs. Bar Smith gets a huge ""F"" as far as I'm concerned. I won't be back to this place for any headlining DJ. They obviously don't know how to run an event.",review,FHJUj7EHB9nB2czVOzQX3Q,3,7,3,2562,494
mxrXVZWc6PWk81gvOVNOUw,2011-12-27,KbhAAiCG8ri9W5Gbc5p8nA,4,"Good food, decent price and a southwestern atmosphere. 

The food is decidedly better than the decor, but then again I've never been big on the southwestern look. Something about Antlers above my head while I'm trying to have a romantic night out with the lady just doesn't cut it for me. 

I (like most everyone else) recommend the big ass burger. You can't go wrong with their side of mac and cheese either and I recommend giving it a go regardless of how much you fill yourself with all their other delicious entrees.",review,aYDFqKsgNLzBi8PIhthmDw,1,1,2,520,93
OCfXJuLuGKS0s7pZsKCf0A,2012-11-03,0Hmf7mezT9vjM1na6PiAGw,3,"clean store, good parking - decent prices too with the gas points savings is a nice bonus.",review,BtatRPR-wytl8lLwnokwPg,0,0,0,90,17
dcd3C1gWv-vVdQ9XYV8Ubw,2012-09-28,_dh9-JPGgqdVGL-_xSGGhw,5,"Love their pizza!!!
Very fresh. Their cannoli was really good too.
They seem to have great selection of wines.",review,YrkflTZm3otwskJlEBtqkQ,2,1,1,110,19
0ONypOKIhttBz9IJzBE8jg,2012-11-25,-xSNmV9r8vzsi8OIBK-_QA,3,"Excellent food, top-notch service, exorbitantly priced.  Not for budget minded diners...",review,KsrdgOiz8Woi1f8CV8sdXQ,0,0,0,88,11
w8D3DAby1nVgU8a4s3z88w,2012-03-16,JDCsNpynxb0www7M5RBhDA,5,"20% off with a Yelp check in? SCORE! 

They have very unique, colorful and patterned vintage clothing for sale. But what I liked most about this store is their vintage jewelry! There's a local jeweler who makes rings out of old school buttons and brooches. I snatched up two really cute vintage rings.",review,OZ4vmruH-9a_60I2qANtqA,1,2,1,301,53
Uke8Pq1m918WW0n0_jEmWw,2008-08-21,aCVCTzk3l7Ls_41HZSZYAw,3,"You know when you make a copy of the original and its not quite the same? Juts a little fuzzy around the edges, not as sharp but usable? That is how I felt at the new location of Market Bistro. Similar vibe that I enjoy at the original isn't quite as pulled together at this location. Maybe the lack of a lounging area or the weird particle board chic tables? Or the fact that every table was dirty except one by the blast furnace (front entrance).. maybe the grease dripping on the glass in front of the grill? No forks? I'm sorry if I sound like a banging on MB.. but these are things that can be improved on. 

The Mr and I shared a salad and a Cuban sandwich.. the control freak in me of course got off on the salad making.. this was probably the best salad Ive made to date.. you should be able to patent your creations! The Cuban sandwich was okay.. the ciabatta rolls are so thick and chewy that when you take a bite the toppings sort of fire out the back.. for a Cuban sandwich I think it had some sort of Asian spice, like cardemom?? Anyway, the Mr didn't like it at all. This being his first time he was confused as to why I went on and on until he took a bite of my patent pending salad, then it all made sense to him. The salads are just so complete and delicious!

I look forward to coming again.. I just hope that they can make a perfect copy of the original or go for a different feel entirely.",review,lPaYMDmJbAnv_3pmZH_inw,3,3,3,1409,278
un3KC2gyMrSG6yqjVRctXg,2011-06-28,Ii1qPwka49-3TO_NQGOtMA,1,"Don't bother with this place.  I had never been here, my husband and I decided to pick up some food to take home.  We ordered a shrimp tempura appetizer, an assorted tempura appetizer, a lobster appetizer, and yakisoba.  When we got home the order was totally wrong. Instead of lobster we were given mussels (which were gross), instead of assorted tempura and shrimp tempura we only got assorted tempura with 2... that's right only 2 shrimp in the whole mix.  The yakisoba was the only part of the order they got right and it was not that great, pretty bland.  I love Japanese food and I was really excited to find a place near by and while we were waiting for our order we were excitedly planning to come back and have their sushi, but after this complete mix up and poor quality food there is no way I would trust them with anything raw.  Never going back, such a complete disappointment.",review,u9HVErmeVyu7Yvigb7J0Uw,0,0,0,890,162
ht17atGW3tP8dFeiJkXI_g,2009-09-12,_UdpFKVDGxie0oAMHajvEA,1,"I play squash racquet's, a sport favored by the east coast ""elites"" from them Ivy League schools, those snooty Britishers and the Pakistani leisure class:) 

Why they let me play, I'll never know:)

Last evening, we had a little tourney in which a group of us from the Village traveled to the outer reaches of Tempe to play a group from Lifetime Fitness:)

It was a jolly good, show, ever so much fun and our Village group gave the Lifetime group a bit of a ""Rodgering"":)

So it was with happy hearts and high spirits that we headed down the street to the post tourney repast at Skip & Jan's...let me start by saying that the Lifetime group picked this place, and it's almost like they knew they were going to lose and wanted to select a venue that would be the grimiest, greasiest, grubbiest, grossest spot to try to eat...they succeeded:)

Where to start...I know...the parking lot:)

When we arrived, the total Kelly Blue Book value of the 50-60 cars in the parking lot was about $832...we raised that by several orders of magnitude, just by driving in...this parking lot hasn't seen a lot of traffic from the Mercedes/BMW/Lexus/Jaguar crowd (and may never again:)

After I safely parked a block or 2 away, I went inside and took in the look and feel of S&J...crappy old wood paneling...tables and chairs from a circa 1955 high school cafeteria...an intriguing mix of flat panel TV's, regular TV's and OTB results screens (yeah, you can bet the ponies here...the sport of Kings, in a slightly less than ""regal"" atmosphere:)

They must have 20-25 pool tables...faded felt...and a whole bunch of people playing pool (and frankly looking like they weren't enjoying themselves...extremely tight and serious expressions on the faces of the people playing and watching...aren't games supposed to be fun? :-)...I suspect there was gambling going on:)

The smell in S&J can only be described as ""extreme humanity""...the place smelled like it has seen a century's worth of spilled beer, cigarette smoke, BO, vomit, urine, spoiled food and every other aroma that humans create for themselves...remarkable, given the fact that this place can't have been here for more than a few years...how did they do that so quickly? :-)

S&J has menus, they have some sort of kitchen, they have Jagermeister on ""tap"", they have a bunch of beers on tap and they had a buffet (or ""boofay"" for my friend Ryan C) set up for our group.

It was supposed to be a Taco Bar:)

S&J provided a table full of taco ""fixin's""...the centerpiece of which was the taco meat hot tray...Holy Crap, was that disgusting! :-(

They told us it was ground beef, but I know my beef, and I don't think this was it...this was ground ""creature""...possibly some sort of unfortunate non-distinct animal which happened to be near the kitchen when duty called.

I kid, of course...as far as I know, this was indeed, ""beef""...just not very good ""beef"":(

The hot tray holding the ""meat"" looked like a relief map of the Hawaiian Islands...small mountains of ""meat"" rising out of the ocean of brown/orange grease that was the real body of the dish:(

But, I was starving (a banana for breakfast and nothing else) so I tried to make a taco.

I decided to forgo the slotted spoon that everyone was trying to use to fish some meat out of the soupy brine, and use some tongs instead...my idea was to try to squeeze as much grease out of the concoction as possible...I was sort of successful, but in doing so, I probably squeezed any flavor out as well:(

I got back to the table and tried a bite...not good...I added several shakes of Cholla and tried another bite...and that was that:(

One of my buddies had decided to forgo the mystery meat tacos and ordered wings from the menu and offered me one...I'm not sure what the deal with the wings was, but the wing I tried seemed to be boiled (no, not ""broiled""...boiled) and then dipped in buffalo sauce...not crispy, just wet...all the way through:)

Then they announced that Karaoke was going to start soon...and that was enough for me:(

Adding amateur singing to this tableau would have just been too much:)

Still, it's not all bad news...the tires and wheels were still on my car when I was ready to leave...I didn't become immediately ill (although I had kind of a rough morning, this morning).

They say shared adversity can make teams grow together, so I think I should thank S&J for making the Village Squash group nearly invincible:)",review,du6KeE54IFbPiXpU3LOd1g,12,10,17,4433,772
sDGjlZV3SqYGWG9BO4ZpMA,2012-04-08,pmOExg5ab56RZjG0K6mJPw,1,I got my nails done there last Thursday for the first and last time. I would never ever go back there. The man who did my nails burnt two of my fingers really bad. The place was dirty and messy and talk about noisy he asked me to many personal questions. To top it off he answered his cell phone and talked on it about 10mins all load and on speaker phone . So rude and bad customer service. It might be a little cheaper there but as the saying goes u get what u pay for!!!!!!!,review,3xLRUt8wYKwkqE68Inz3uA,0,0,0,477,97
2VpSPb8IVXNqyVY5n7caGg,2011-12-13,ly8U_mWxJ1kUX2HbgLIudQ,3,"Well....it is what you can expect from airport food.  Not that great but not terrible.  All I wanted was a simple sandwhich to take on the plane with me.  This airport does not have the best in choices, Starbucks, Wendys, Pizza Hut, etc.  This little place is literally a kiosk in terminal C.  It is good if you are in a rush and just want something cold for later.",review,Ds-DFKb1rF9l7aq4OaJUpg,0,0,0,365,69
_-9pMxBWtG_x8l4rHWBasg,2012-03-09,KoH2U6Pf3X02Zs4cA_I6bw,2,"I've always said if the guacamole, chips and salsa aren't good, the food is not likely to be good either.  I was right, Guacamole was not very good at all, same with the salsa.  Rest of the food was just okay but for a restaurant in the Biltmore I expected so much better.  Just as a note, when it comes to Mexican food, I'm super critical.  This place will probably get a higher ratings from people of the Midwest.",review,1rE51uSipcbiqQlkvj4Kvg,0,1,0,415,79
mQfT3JYu18HN22DVylcE7A,2011-04-17,N7j2J3V278BSyYBMXuSqcw,5,"I live no where near this place & have gone out of my way to eat there MANY times! I haven't been since it moved (bc I had no idea where they went) but it looks like it's bigger so that's great. I even made it a point to take an out of town friend here. I don't know about the new place but the old place was kind of a hole in the wall diner feel (in a good way). It can get really busy at lunch, so I don't recommend it for a lunch break from work. I did that once, and got in and out just fine, but it's a lot more fun without the time crunch. Everything is delicious, but the mini red velvet cupcake is always a must!",review,GSZebDbIf0h_2MFv8xBGrw,0,1,0,620,133
xEg0-xrQywU5K-WQO7cy0w,2012-04-06,32ermwbl-qvbMWcdUkcRAA,3,"Buffet is great, Good Selection of food even for me the picky Vegetarian. Naan tastes great, choice of plain or Garlic Naan. Food generally tastes good. Rating on Buffet alone, I would have given 4 stars.

However I might not return there for Dinner or Take-out.

Dinner Entries are priced well above $10,  and generally use frozen vegetables (Crinkle cut carrots anyone, god I hate those) 

The last time I ordered take out, the quantity of my dishes was about half of what I got the previous time. (Fine, Can I pay you a little less than the bill?) and the food tasted sub-par and my naan was burnt. For this they get only 1 star.

Good place for the lunch buffet.",review,SxUdGXJbxMGR07nD_YIQcA,1,0,0,666,122
hpx8xdRVb_bjgc9h2xY5Pw,2009-01-19,wQ_R-39R188IdXsMHzMIaQ,4,"The Paseo Trail travels through Chandler along the Consolidated Canal.  It runs mostly N-S, connecting to other trails along the canal in Mesa and Gilbert, totaling around 18 miles.

The trail is mostly paved on the east side of the canal and pea gravel hard pack on the west side.  It runs along subdivisions, golf courses and even a couple farms.  The grade is very gentle throughout.  I would consider the trail primarily for use by joggers, bicyclists and equestrians.

There is parking at the address listed for the trail and nearby parking at Tumbleweed Recreation Center at McQueen and Germann.  There is also easy to find street parking near many of the junctions with major streets.  A good southern starting point is off of Riggs Rd. between Arizona and McQueen.  There is plenty of street parking.  From here the ride north is mostly a slight uphill ride, making the return trip a nice relaxing roll.

One issue with the trail is crossings with major streets.  Most are not marked for motorists as trail crossings and there is no crosswalk so you may be faced with a relatively long wait to get a break in traffic or forcing the issue and forging ahead with care.",review,P2kVk4cIWyK4e4h14RhK-Q,4,10,1,1174,205
SAS7V55TcgZSTJ21ZnXqmQ,2011-04-08,i1TGrBBeDCzEHULlV6NUXw,2,"I happened on this place because it was next to EL Brava, a Mexican place recommended by the USAirways in flight magazine as a place to try in an airport. Getting to ElBrava we found it was a fast food stand with very little seating so this is next door. 

The menu was pretty limited. Service actually wasn't bad but, even though it wasn't busy, we waited a long, long time for our meal to get there.... something you don't expect in an airport. When the food got there it ok. I had a burger that was pricey and non memorable. 

Next time I'll go to El Brava and pass by the 12th!",review,mC4IzhAQuLD_Ct_Bngm3SA,0,1,0,581,113
ntN85eu27C04nwyPa8IHtw,2010-12-17,KIdwAIKdN6psIKBP2OWAfQ,4,"Eh?  How have I not written a review for Matt's?  I went there a while back, but thankfully it won't be hard for me to recall the experience!

Place - Small.
Food - Fantastic.
Wait - Usually.
Bathroom - An adventure.

We didn't have too long of a wait when we went, but that was entirely luck. I've seen crazy waits here, which is just par for the course when the food is good. Most of it is local and very, very good. Service was fast, and spot on.

The bathrooms are next door in an old motel. Apparently a separate room set aside just for Matt's. Just one more stand out feature for a very stand-out sort of place!",review,Znu5KKqytHfmjbXfQo3f4Q,1,1,0,617,120
u-nMW__EKMYH_PVqacYc3Q,2011-07-30,XEAemMRWs3hMalYqQcyl3w,5,"I love to come here from time to time when I'm in the area and I am always highly satisfied with the food and service. The menu is great and there's a variety of dishes for every taste. The service is great, everyone is always really nice and the atmosphere is quiet and relaxed. Definitely a great place to have dinner/lunch with friends. I read some other reviews from people who complained about the food, mostly these were meat eaters, I'm assuming, so of course they were not satisfied. This is a %100 vegan restaurant, note it.",review,iqP9cGJIVakQfaW3QL3WFA,0,0,0,533,97
bjUH-01t834CVg0Yl0CLWQ,2009-07-18,LUPEqsBJ_1Dr3LqPbZe1bA,2,"After hearing a lot about all of the MBFGR's that are around the valley, I finally got a chance to go recently as part of a family gathering (which was a planning fiasco and logistical nightmare, but I digress).  This location was, well, let's just say, it wasn't crowded.  And it showed in the service, very nice and attentive.  They were very patient when our party was supposed to be 8 people, then ballooned to 12 people, then 13.  Unfortunately, one of the solutions to accommodate us was to put a couple of square tables 'attached' to our eight person round table.  I *hate* this.  It's just awkward for at least half the people, and then the people that get stuck at the 'junction'...sucks...

We ordered some apps, though the only one I tried was the saganaki.  It was definitely good and the pita bread that it came with was nice and warm.  For a meal, I ordered a gyro pita.  Now, I understand that this is a 'full' greek restaurant, and maybe I shouldn't have gone with a gyro, BUT, that's what I was in the mood for, and being a basic greek food, shouldn't be hard to make a good one right?  Well, apparently not.  I've probably gotten gyros at ten places around town, and this was definitely the worst one I've had.  The pita wasn't particularly warm and the meat was kind of tough.  The tzatziki was fine, but thought it was a little weird to be on the side.

The service was good and patient, but the lame decision to combine two different kind of tables (when we suggested moving and pushing several squares together) knocks them down a little bit.  Though not as much as the not good gyro.  Probably closed to a 2.5, but rounded down to 2.",review,XpejQYZqVcYGX7fYuYHzSw,0,0,0,1656,304
r3r_bAfa6pZKIhQB82FizQ,2009-11-02,q_VofveTOSDDhK0zGqOSSA,3,"Went here for lunch on a weekday and thought it'd be busier. The slower setting allowed for more personal attention though. The chef even came out to talk to us and gave us free samples of some of the desserts. The food was good, but didn't blow me away. I think it's a nice option for a snazzier (it's a little pricey) lunch with friends.",review,VFfFPP8gMpnhVYE7bD0qIw,0,1,0,339,65
k8Y7aXXA8BFcn5CillHFYw,2010-06-16,raaH2O1gL1H712CjHv_lwQ,3,"Not the newest or the nicest but, everything you need and usually no wait for machines. The staff is super nice and there are magazines to read while your there. If they could just turn up the AC a little bit and put ESPN on more than two of the TVs.",review,AVCBC2G5RjJM8tu_PebFPw,0,1,0,250,51
ybrXM8JeI2x0brAFoEawuQ,2012-11-06,uaxOnMEBB1wcLfRsSsVY8g,1,"i called them and they wanted to charge $30 for fingerprints!!!!!  What a joke.  I found a place on the other side of the air park who did it for $10.  Caveat Emptor!  If if could give them a zero rating, I would have.

On the other side of the airpark off of Greenway-Hayden loop is Global Pi Security.  $10 for prints. Their address is 7807 East Greenway road, suite 9, Scottsdale, Az.  globalpi-security (dot) com.  Good luck.",review,3ZnCGqeaJP5VDXnx_roIXQ,0,0,0,429,78
FURgKkRFtMK5yKbjYZVVwA,2012-06-16,ov3wOSA40p8l7jlS_sZqJg,4,"I have visited Windsor twice now and I would describe it as fun, trendy, and a little hipster. The drinks are great, good combinations with fresh, unexpected ingredients. I love the 80's soundtrack, my only complaint is that it was a bit too loud at night, so you had to scream to talk. The food is very good, kind of a modern take on comfort food. The brown bag chicken sandwich had a lot of flavor and the mac and cheese is done really well, just the amount of flavor and creaminess. The crab cake BLT was very good as well, the cakes were mostly crab, very fresh tasting.",review,2hXL2ExBsgjJNpm6BJy0lg,1,0,0,574,109
hW0Ne_HTHEAgGF1rAdmR-g,2012-01-05,PL3HnzeZAu4CD8ibLCAlpQ,3,"Average airport. 

I wish gate Marques listed which zone was boarding. There were three airplanes loading at the same time and it was near impossible to tell which gate was loading which zone. We just waited a few minutes and rolled the dice that our zone was loading.",review,lxWwi3-EW9meZ_vOAP9JoQ,0,0,0,268,48
Dka36Pw7ibbHV6xIimQAOg,2011-08-08,lzWmjb5zIX2R1mWn0Y9b2A,3,"Mixteca was OK. Kind of a cross between Baja Fresh and Robertos. The quesadilla was decent and the beef tacos were good also, just nothing spectacular. I would go up the street to ""Carumbas"" for something better.
Doesn't accept AMEX:(",review,h9FvuiV-YcvrAYBQhdSoEQ,0,0,0,234,40
WbeZe2BttJlZcHa3B9b_lw,2012-10-24,tTGXjt1QZcBnfNmrYLCYKA,1,"The only reason 1 star can be given is the flavor choices and taste.  The SMALLEST wings I have ever seen, they must be off of baby chicks.  I thought it was getting punked, actually LOL.  Never to be back",review,C_Mu2W625yJWgswDsp_dOw,1,0,0,205,40
Szc6Wvt1i8VqSAOb2-7BAQ,2010-09-30,AS_FxW-l6f_UW2IDHqnBkQ,2,"I have driven past this place a million times and never stopped, so today I did.
I basically was in an overpriced Subaway called Port of subs. The sub was ok, nothing special. They do not have a good variety of bread choices and none of their subs really sounded that good. I was SUPer starving, if I wasn't I probally would have left and ate somewhere else.

The staff was very nice and the place was clean. I do think I will eat there again.",review,47VCrr83Tvtkp1FvDa0ftQ,0,1,0,443,86
TgxDGx7L_JICWbuBUCGVqw,2011-04-21,vY9uNDrKcTFKlFrQULrcCg,2,"The queso is ridiculously good... seriously. And the homemade tortillas are also outstanding.

Aside from that, everything is average at best. As mentioned by others, this is Americanized Mexican cuisine. This is not autentica comida Mexicana, mi amigos!

We had been once before and thoroughly enjoyed the food. Hence making it a point to visit again on our most recent trip to Arizona.

We started with the chips and salsa set for the table - delicious. I ordered a bunch of queso for the table, and I started with a Tortilla Soup. It was hilariously underwhelming. I made the joke that it was kitchen scraps, and it looked the part. It was light tomato broth with a bunch of vegetables, a gob of cheese and a small corn on the cob on top. Yes, a small corn on the cob is on top. It was lousy and I wouldn't recommend it.

We ordered a pound of chicken fajitas and a half pound of vegetable ones (thanks to the vegetarian fiancee). It went surprisingly far for five of us... but the veggies weren't grilled much, which is sad because they were otherwise delicious. Also, the chicken fajitas only had one piece of green pepper and one of red on top. It should be lush with peppers and onions that have been grilled or possibly even caramelized (the onions).

Daniel E. wrote in his review the same concern, that there should be ""more than a pile of onions,"" that he expected at least some green, red or yellow peppers. The fajitas were good and quite filling. The accompaniments were decent - cheese, lettuce, sour cream and the like. Nothing fancy, certainly no frills.

So much potential, but it fails on almost everything. It's a true shame. This place needs to be on Restaurant Impossible with Robert Irvine... badly...

This time around... the service was really lousy. And my fiancee found a bug deep down in her water. Very disappointing. The waitress first replied confirming what size bug it was, and then explained it and claimed that ""we're not dirty, it's just the food smell."" Then she apologized and walked away. We think she deducted a soda from the final bill... but nothing else. A bug!

And the entry foyer smelled like a high school locker room... it was foul on the way in and out.

Sad to say that we may likely not return in the future. I'm not sure if our family and friends in the greater Phoenix area will either after the bug incident.",review,c0QRCVqGQdRVPCFNGV_YAQ,1,1,1,2362,424
Zw1tNtyXA1kLABiZU0pa_g,2011-09-21,ypgVd9A6WNXyxDMmQB9NEw,5,"i always forget about this place when we do a party. they carry costumes and party gear year round...even halloween stuff. 

stopped in today to look for a flintstones costume but they had no Fred's and the wilma they had for 50 bucks, we bought on-line for 30 bucks. i had an online coupon for 15 bucks so i only bought house decor for halloween. but if you need any kind of prop for a costume/theme party, bike pub ride, or just feel like dressing up, this place is perfect!",review,ST8Yzlk2MqKlcaLqL2djBg,1,3,1,476,90
r9sGMJ084n4IS9eGmlCKjg,2010-08-07,2l4P-VEwggoi7S5qELfKHQ,5,"Consistent is a great word to describe this place. The food is consistently great; the service is consistently great; the regulars are consistently there. (they're great too). It has a comfortable smoking/drinking patio and great prices during happy hour. The staff and owner is always (consistently) accommodating and friendly. You feel like you are part of the family here. 

Food I'd recommend: Any fish served Greek style, the Prime Rib, the burgers and definitely the fillet medallions with the gorgonzola wine sauce. All the food is good though and you gotta love the salad bar!",review,GJl1qIvyQEs501rfw0hDBg,1,4,0,584,95
tAmevVP8B7PiWxcJ0PlYVA,2012-04-07,d-V16MvLmyPG6UyHmKtTPg,3,"All I'm saying is they need to do a better job at hiring their staff. The girl that helped us out last time was on something pretty heavy. It was a school night, and we had just finished up dinner next door at Windsor. We all wanted to get something sweet, but the girl working there was so blitzed out of her mind on something. She was barely able to interact with us. Within the first 2 minutes she must have asked us 5 times how we were doing. She never once made eye contact.  I'm not exaggerating by saying she looked pretty filthy, and was really rude to boot. Maybe that's just how the poor girl is, but damn, you think they could do a better job hiring people to compliment the charm of a family oriented cutesy sweet spot. 

She turned us off so bad, that no one in the party decided to order anything.

I give it 3 stars because I've been before, and thought their stuff  was good, not great. Churn is pretty damn adorable & local, so they get extra love for that. So, for now, until something better comes along it will just have to do.",review,jt8jtEY1K6TD1FBzYa7HGw,0,0,0,1047,202
qjmCVYkwP-HDa35jwYucbQ,2009-11-26,-uo2Ijn9Uxi-cAQUS4sYEw,5,"I will continue to give this place five stars for so many reasons.  First, the menu is very creative, and offers a great variety of healthy food, with an Asian twist.  This time I had the shrimp curry, which had lots of fresh vegetables, and instead of a heavy cream curry, it was a much healthier broth curry.  We had the edamame dumplings again, which were as good as I remembered.  It was kind of cool to see Dr. Weil eating there last night.  It's good to know that he likes the place enough to dine there.",review,Bc2UjSePEGvqSdHvz2HKGA,1,1,0,510,97
tfVKzEDu8XYyP8KO1dsNvQ,2012-12-07,5PTxfrfT3QM72BBgDeb_cA,1,"I'm sorry to be what seems to be the lone one star review.  Either I got there on the worst day in their history, or everyone drank the Koolaid, or I just have different expectations and taste buds.
It seems like a great idea.  It's a build your own burger joint, $7.00 gets you a cooked to order burger with one cheese, up to 4 toppings, and 2 sauces with fries or onion rings-or some other choices.  They also claim that the beef is local, hormone free, etcetera....

I chose a rare burger with American, grilled onions, sauteed mushrooms. tomato and lettuce, with mayo and mustard on a potato bun.  I added bacon for a dollar.

First, let me point out that if you are in a hurry, DON'T GO HERE TO EAT.  I waited exactly 39 minutes for my food. This would not be a big deal if:
1.  I had been warned before they ran my credit card--what if I only had 30 minutes for lunch??
2. They had places to sit but it's tiny and full.
3.  They had magazines, a jukebox, ANYTHING to entertain you for 39 minutes.  You can't even get your drink early to sip on that.

At the 30 minute mark, I'm ready to eat cardboard with a little ketchup on it, so maybe they make you wait so everything tastes even better?
Anyway, before my burger comes up, I notice that the lady behind the counter is saying that the orders overwhelmed the kitchen.  I look in the kitchen---they have ONE GUY TRYING TO DO ALL THIS??????   He'd better be getting a share of the profits!!!!!  Now I'm jsut feeling really bad for this guy back there.

I finally get my burger!  YAY!!  I'm SO excited!  All those 4 and 5 star reviews!  I take a bite and....the patty shoots out the other side of the bun like it had been shot out of a cannon.
WTH?  I look at the patty.  It's clean as a whistle. I mean there is no mayo or mustard or cheese smeared on the patty.  I turn it over and it slides out of my fingers back into the basket.  The other side is clean too.  The freakin' burger was so greasy, it slid all over the place!  Then a greasy glop of what must have  been the mushrooms and onions slid out.  Still not seeing any cheese, mayo, or mustard anywhere.  Just oil.  Tons and tons of oil.  I open the bun,  On one side is a heavily oiled slick of lettuce glued to the bun by (I am guessing) a slice of cheese.  The other side of the bun has some mayo and mustard residue--and more oil.  I'm grossed out, but hungry.  I take a bite.  It's not rare,  It's well done and oddly, tastes very faintly of liver.  BTW, remember the bacon I paid a dollar for?  Not there.  I'm really puzzled that instead of cheese. or beef, or SOMETHING, I just taste that faint livery taste. So I take another bite.There isn't even any salt or pepper, or anything on the burger patty.  This is perhaps, the worst grade of meat available for human consumption.  I take a third bite because that second bite brought back a memory of when I worked for a meat company here in town.  Now I recognize the flavor.  I'm not saying that what I ate that day at Two Hippies was old dairy cow, but that's EXACTLY what it tasted like.

At this point, I turn to the fries.  The are shriveled and DARK and taste like they've been fried and then microwaved.

I couldn't get out of there fast enough!  Forget my danged dollar!  just get me in the car!

Exactly one hour and 20 minutes later, I had vicious diarrhea

I haven't had that trouble even with eating junk food at the fair!

No.  NO.  A thousand times NO!

Red Robin is my next burger stop.  Period",review,XpSZrY_Ym8GGx7SNEd0q9g,0,0,1,3480,663
5nahZe5bBYUbFWgEfwoNOA,2011-03-09,lgNmIQHXa_GffJ0JR7ZX3w,5,"This place is awesome and it replaced Trader Joes as my new grocery store. The produce is plentiful and fresh, they have Boars Head at the deli, and they have organic options. The meat is way more reasonably priced than AJs. It reminds me of a small Whole Foods without the ridiculous prices.",review,a_raVbErFAEx848zV-pgkQ,0,0,0,292,53
7NKBHVMIjnsO2OmcAfsC_w,2012-07-30,R_wTpXKH3zkHzrleYGtUUg,2,"My boyfriend and I were so excited to hear that there was a yogurt place going in. We were even more thrilled to hear that they stay open until 10 in the summer! We are definite night owls so we were more than ready to appreciate the later hours. Unfortunately we've driven by around 9:15 - 9:30 several times now and every time we do they already have the stools and chairs picked up and the couple times we ignored the signs and went  in anyway we've felt less than welcome. If you want to close at nine then close at nine! 

Also really frustrated with the lack of water availability. Can't believe they don't offer free cups to quench your thirst. Not worth it. Definitely not somewhere we feel like we can go to detox and chill at the end if the day like we hoped it would be.",review,c3JbRoLoYj5wi_r-yZdmdA,0,0,0,781,150
7UZQ6qGX8lP7a3jokfYVjQ,2011-03-28,ysXcFqnWNQ33d_Qh0-cClw,1,"Totally excited to try this place out, my grandparents, my mom and I (4 of us) came here for some Korean food. It wasn't too busy; just pairs of people from nearby offices coming in and out. 

Unlike other Korean restaurants, their lunch special selection is very limited. Special A  consists of a sushi roll with a soda, special B = teriyaki beef/chicken (no soda), or special C, Korean BBQ Spicy Chicken. 

As we were looking at the ""lunch special"" board, the lady behind the counter insisted that we should look at their full price menu instead. Here comes the awkward part: she then asked my mom ""are you Chinese?"" Even though she is, my mum looked at me all puzzled as in ""what does that mean?"" The lady proceeded by pointing at the ""seafood pancake"" section on the menu and saying ""I don't know why but you Chinese like this pancake a lot."" Good thing my mom didn't hear what she said.. or else... 

So we got the Spicy Chicken lunch special ($6.99), a bulgogi ($6.99), and a beef yakisoba ($7.19). The cool thing about this place is that it has a mini ""kimchi"" buffet bar, with trays of marinated tofu, potato, bean sprout, kimchi, broccoli and some other vegetables. It also has this delicious house special hot sauce. 

By the time we finished a dish of kimchi, the food came, so it didn't take long. The spicy chicken, came in a bowl about the size of an instant-noodle bowl (but slightly deeper), was tender, with rice underneath it. The chicken was definitely marinated well; however, the last couple of pieces had tendons and big chunks of fat... what a bad way to end it. The bulgogi also came in a bowl, with rice underneath. The beef was definitely not marinated fully. The color was super light and the beef was close to tasteless. The biggest disappointment, food-wise, was the beef yakisoba. The noodles, occupying most of the Styrofoam lunch box, were sweet. Then there was an ice-cream scoop of rice, topped with 3 pieces, I kid you not, THREE pieces of dog-tag-sized, super-dry meat. 

In the end, we just decided to bring the barely-touched yakisoba home for my younger brother (well, teenage boys tend to eat everything...). While my mom transfered the noodles to the plastic bowl (since the Styrofoam box was lidless), I went to ask for a plastic cover. This is the best part: the same lady, stared at me, pointed at the salad bar and said ""you can't take that home"". I thought there was a miscommunication, so I asked again for a lid for the noodles. Again, she pointed at the salad bar and said ""you are not allowed to take the kimchi home"". Wow seriously? Just b/c my grandparents are Chinese you assumed we were stashing kimchi in a bowl and trying to sneak it out? ""Look, I just want to take my noodles home, ok?"" She hesitantly gave me a lid.

""Hey, hey you. we chineness peple no steal kimchi becuz Confucius say 'no stealing kimchi'""... only if I said that to her face...

Oh, and when we got home, my brother, aka our food dumpster, took a bite of the yakisoba and never touched it again.  

Conclusion: If you want amazing Korean food and friendly customer service, please just go to Chodang. Chodang is WAYYY BETTER, hands down",review,gnirIlRf-E9uBUZhRzvPzA,1,3,1,3163,567
m_rEr3Vg1-f9Dg-Nag4FWg,2010-09-12,tAu-WjBRdeiiddLDDFOukQ,4,"I tried El Pollo Supremo based on a recommendation from my professor. I always though he was a smart man, but after eating here I know it. 

For under $5 you get chicken  that is juicy and flavorful and a plateful of tasty sides and condiments. Wrap it all up in one of the piping hot tortillas that comes with your meal and enjoy.

 Another testament to the quality of the food is the fact that on my most recent visit no fewer than three police officers stopped in for lunch. You don't get that kind of patronage unless you are everything that El Pollo Supremo is: cheap, fast, friendly, and delicious.",review,WUG7SjK9WtfU-3Y2Ua-XJg,0,0,0,604,112
pqkwR2me0LhEZulRcQpOuw,2011-03-31,C3F0kLSSEteBvx97qtUrfw,3,"Good food, but very expensive for a simple breakfast joint ($8-10 for most breakfast items). Also, the menu has very few healthy options...which isn't a problem for me, but is for my wife!  How about putting an egg white omelet on the menu?

Seems to be family owned and does have a good atmosphere. But at these prices, I wonder how long it will be around. There were lots of empty tables on a Sunday morning, which has to be the bread and butter of a place like this.",review,jYQTTrMMRTBJvrNNSPIAfg,0,0,0,469,89
8HmSt7fRFe-uH6i4yCmJQQ,2008-09-04,T3dnb2VW9IEE-aAYccG-rA,1,"I do not like this KFC ...or any really for that matter. Every time I have been here the place is filthy. I know they remolded the place and I have not been since then, so I am not sure if the conditions are the same.

The food is just not good in any way anymore. Not that it was ever great, but you could get some decent chicken and some sides and be content. What the hell have they done to the mac & cheese? It is so gross..the color is just not appealing and the taste is worse. Food at this place has been served under temperature enough times to keep me from returning.",review,JkMOQaMjlBHMqp6gj-hL3w,1,2,0,576,116
kP_NxoI4DyQ1y60i5xsTCQ,2011-11-01,kwseo734U9LSQDCEqSNN2g,1,"It's a supermarket.  I just go in buy what I need and get out.  It's convenient that there's a wells fargo in there, but there's one across the street as well.  

To the negative experience.....
My sister was speaking to my niece, but not in english.  Some caucasian lady walks by and rudely says, ""Can't you speak english?""  WTF?!?  Is this taking SB 1070 in your own hands?  It's like you're trying to make every race hate you even more.  I will run into this arrogance wherever I go.

I'm not done yet.  Keep on reading....
My niece had a dollar in her hand and was pointing at the lottery scratcher machine.  We know you have to be of a certain age to play it.  One of the employees there rushes over and in a loud voice tells me niece she can't play it.  Calm down.  Kids are just innocent and don't need this extra verbal abuse in their lives.  Don't you have something better to do like restock the shelves?  Swear... Racial profiling.",review,qis3040X__uozHkiy8eT7g,0,0,0,942,174
iDYzGVIF1TDWdjHNgNjCVw,2012-10-30,qaNZyCUJA6Yp0mvPBCknPQ,5,"Why did I wait so long to try this neighborhood hot spot!  Having a father who grew up on Los Olivos I remained a loyal customer, that is, until last evening's change in plans lured me to the colorfully lit and lively patio of Los Sombreros Authentic Mexican Cafe & Cantina.  I am not an expert on ""authentic"" Mexican cuisine nor will I pretend to know what  the flavors of San Miguel de Allende taste like; however, I am a foodie so I know good food when I eat it.  

We chose to sit outdoor and enjoy the beautiful weather while taking in another Cardinal's loss!  (Sad, I know, since they were off to a great start)....  Lucky for us it was a calm Monday night and we had the full attention of our waiter, aka the bartender.  Phil (no need to blush if you read this) did a wonderful job walking us through their many margarita selections while also conveying his personal favorites that showcased his love for whiskey!  My friend allowed Phil to make his margarita as he felt a fine margarita should be made while I allowed Phil to concoct my special margarita while following strict no sugar, no salt, heavy on the tequila preferences...and that was just to start!  Perfectly crafted margaritas in hand, check.  Now what to eat for dinner.  

My friend ordered his beloved Mole poblano ($18.95) while I couldn't decide between the Smoked chicken enchiladas with salsa verde and chipotle crema (yumm) and the Pollo a la parilla with spinach in a chipotle cream sauce -or- tinga Poblana sauce($18.95).  I opted for the Pollo a la parilla with chipotle cream preparation and, once again, my dinner friend had 'order envy'!!  That's not to say his Mole was par (or dare I say sub-par) because it wasn't - it actually has received many culinary awards being named ""Best Mole"" both locally and nationally, but because the chipotle cream sauce combined with spinach, perfectly sautéed  chicken breasts and a side of warm corn tortilla is....AMAZZZZZZING!!!!  It's also fair that I note aside from the pricier entree dishes served w two sides (as we ordered), they also offer up tacos (3 at $10.95), various quesadillas (@ $5.95) and other lesser priced authentic eats including fresh guacamole, salads and more!  

Deciding I'd save room to see if they could satisfy my sweet tooth I boxed my remaining dinner as we read through each and every dessert.  Undecided, again, and so we trusted our gastronomy guide, Phil, to choose.  He selected the Mexican Chocolate Cream Pie to finish off the evening, and we happily finished off this delectable treat leaving one bite as I always like to do!!!   

Thank you, Phil and Los Sombreros, for the memorable dining experience.  The food was outstanding, margaritas made by Phil are the best, and the patio alone is enough to draw me back for HH or even a late night dessert.  Thank you for staying in the neighborhood, Azucena Tovar, and congrats on almost turning 20 years old.",review,Id-8-NMEKxeXBR44eUdDeA,3,6,3,2918,507
tdcjXyFLMKAsvRhURNOkCg,2009-01-26,2VeokkuDaXaaIzCHCsBAYQ,4,"Brackin's is my new favorite day drinking spot.  The bar itself is located perfectly within a tucked-away area in the Old Town Scottsdale mall area.  The atmosphere is very relaxed, and when the owners swing by, they really make an effort to get to know you.  Prices are also very relaxed, with bottled beer landing right around $3 for domestics.  All in all, if you are looking for a spot to hang out with a couple drinks, maybe enjoy some live music, and do some people watching; I would definitely recommend Brackin's.",review,mQba83gB018LlGt51r80ZQ,4,4,1,521,92
dD2xiLM1_5Vg0pMvMIPZww,2012-10-30,-7qEdFzHUZqwn_g25tjReg,1,"I was really disappointed with my local Baja Fresh tonight.  The lobby, salsa bar and even drink station were very dirty and unkept.  To top that off my salad had old dark colored guacamole and limp lettuce.

I hope they read this and will do a better job at cleaning up!",review,ZC49A1K-if7KP8VJXoqELQ,0,2,1,271,51
YQz2fnfnL5eAWn1zOmKYnQ,2012-11-05,sqtAlz4qop6JeQ42SHWLxQ,1,Went there first thing thing this morning. Ordered 2 simple sandwiches. Took over 35 minutes to make. 6 workers lounging around. Completely ignored. Totally disgusted with their service. Overpriced. Food okay and felt worthless when I left,review,bTxF_dSqxvSO93nibrJJTg,1,1,1,239,37
EKzMHI1tip8rC1-ZAy64yg,2011-03-02,93OcCc6MfpuuMRIr15YFbA,4,"Loved the location at atmosphere of this place!  Had a very nice business dinner here last night.  We were able to sit outside thanks to the gorgeous weather, and I'd recommend this to anyone.  The houses inside have their charm, but al fresco dining is great!  

We had a few drinks at the bar before we started dinner - they have a fairly nice wine by the glass list, as well as a nice stocked bar.  Something for everyone!

The menu contained lots of delicious choices, and it was hard to choose.  Ended up going with Hapuku, which was a new-to-me fish from New Zealand, similar to grouper.  It was delicious - tender, flaky, and the earthy vegetables with it were a nice complement.

We had very polite service, though not well-timed.  I like when plates are cleared all at once for people, instead of taking plates at the table away when others are eating.  OR, bringing the bill before we've finished dessert.  Both of these happened here.",review,u760qQnKAwRkRhq6Fn8yzA,1,2,0,945,168
xmtKVO7C7KYVqMBe2eQq3A,2011-12-22,Us61PFnfQTMrX-xR3dd2jw,1,"We came here for dinner for me and reverse happy hour for my wife, we ordered our appetizers and after finishing them and looking over the menu for a few minutes we were ready to jump into the overpriced entrees. We were then informed that we couldn't order dinner. Maybe when they see someone coming in and telling them they are...here for dinner...they might give them a heads up that the kitchen Is closing so we can order our meals and not be told five minutes after it did close..fourth time we've given this place a and got crappy service. Bartender got a buck tip and we had to go find another restaurant for dinner, Needless to say we won't be giving them another chance. Not good Gordon B. Not good.",review,X1TKtLkA02fVqKjyptwa4A,0,1,0,708,131
lhRUPA28pRIN1MnllN-o9g,2009-09-02,In4SQU1ZVx9fU4yq67HphQ,1,"I will never know what the food tastes like because they were so so rude, I will not go back.  We came in and were given a table, menus were practically thrown at us.  And then we waited, and waited and waited.  We asked a woman working there, and she apparently did not speak English and indicated a man at the front would help us.  But he was too busy talking.  We got up and left.  No one even said a word when we left.",review,DMtlC2TpVEimIn0D07HnUA,1,3,2,422,85
xY1sPHTA2RGVFlh5tZhs9g,2010-04-06,Te0MEKdoGufnxK4DcoUwNA,4,"In a sentence: Culinary Dropout is a foodie mecca with its plush and lux furnishings, amazing location in the heart of Scottsdale but away from the duche-ery of Old Town, on point entrees that range from classic to what I call contemporary chef-y food, and its trendy lil touches like dishtowels for nanpkins and placemat menus. 

After a short afternoon of shopping, I and the other Musketeers ventured into CD in search of yummy goodness... we weren't disappointed. We scarfed down the Pretzel and cheese fondue. Sorry, I can't remember the exact cheese used, but it tasted like cheez whiz without the nasty chemical aftertaste. 

Musketeer #1 had the Shrimp Po' Boy sammy and was overwhelmingly awesome! With its fresh baguette, crispy shrimp and cole slaw topping, this po boy claimed to have died several times. The fries were good, I'm sure they are awesome with the steak. Musketeer #2 had the truffle egg scramble. She said that it was good... not bad... but not terrific. We love the truffle, and this did deliver however... it just missed something... je ne sai quai... just something. I stole a bite and concurred... the low point in a overall great meal. 

and me, Miss Musketeer #3 had the coq a vin... a MUST! If that or braised short ribs are on the menu... they MUST be ordered! That's the rule my friends. My braised chicken was good, kind of on the sweet side, but over all very good, although the chicken did have an odd texture, it seemed to me that it could have used a few more hours in the oven. I think this is a dish best served before closing when all the flavors had their chance to really marry. We arrived at the top of dinner service and so the chicken was done... but barely.

Musketeer #2 and I both NEEDED bread and butter, our cooler-than-thou waiter was happy to oblige, even though it took a VERY long time t find him to ask for it in the first place. We capped off the meal with their ""famous"" Monkey Bread, it was definatly worth going bananas over! Warm, gooey, delicious and crazy sweet with its pull-apart goodness it didn't need the ice cream it was served with, but we certainly weren't about to send it back! The three of us died over that one! 

To my yelpers I say: if you have the cash to spend (three of us cost a lil over a hundred clams), a few hours spend on dinner (we were there a while) and a NEED to reach foodie nirvana in order to keep from jumping off a cliff into the chain resturant valley... then this is the spot for you! Bring your most expensive IT bag, a pair of oversized shades, maybe a sweater (the outdoor heaters really didn't work) and your most predestroyed designer deconstructed jeans and get ready!! It's gonna be a blast!!",review,vF4B6eFdoDmyV_l7MLHMzw,2,3,3,2698,491
NCM64MnD1NCtBfJzgBIZKQ,2010-03-15,nMr9qXtf8Kb5JGQ79zBSyA,4,"I have used The Parking Spot twice now, and am a registered card carrying member...lol. I have coworkers who use one of the other economy places across the street, but they don't get covered parking and I don't remember them being offered a complimentary news paper on entry and nice cool water when leaving. I get a government discount with ID and you can usually find a coupon online. Not to mention the prompt pick up. They are behind my vehicle ready for me and my luggage even before I am out of my car. There have been times when we wait for a few more people before we go to the airport, but never more than 10 or so min. I love not having to weave my way through the airport construction or get lost or delayed trying to park at the airport. 
When getting picked up the most I have had to wait was about 20 min. And as I was about ready to call, they showed up. Don't loose your ticket. I have seen others who have and it makes it really tough. You can pretty much expect to be the drivers last drop off, unless you remember where it is or see your car as others are getting dropped off. 

The entrance is just W. of 40th St. and can only be accessed when heading W. bound on Washington due to the light rail. But the website has some good directions as well.",review,usQTOj7LQ9v0Fl98gRa3Iw,1,1,0,1267,247
N1xMSUfv1GmfHGa9a3VuJw,2009-07-06,DQbSGXSMKZKFmRmf68fiYQ,3,"We stayed at the Pointe Hilton over the July 4th weekend are were very impressed with the amazing pool facilities and poolside food service.  However, I would send caution to anyone planning to stay at this hotel: if you do not have children, this probably is not the place for you.  Screaming children swarmed every corner of this massive resort!  So if you're looking for more relaxation and less SpongeBob, I'd suggest checking out the other hotel options in Phoenix.",review,js_yEOWZfqr5b_z2QEZIQw,1,1,1,470,80
StiQ_lcCY8sX4JI-J6Mufg,2012-07-22,Nj6Q9Vnd5BJoEjpcUaemZw,4,"Fun place to get masks for all my robberies.

I joke. but really you can get good masks at Easley's.",review,rn-S3h35NiiAvKvEMDbtZg,0,0,0,100,20
3YrW77yHkp3JIyTGYCS_Nw,2012-06-23,dzAwZL5AELxjhlP0fm7foQ,1,"There was hair in the food. Not just 1 but 2 in the same Bhel Puri dish.

The whole experience was pretty bad. There is no indication of how you order your food and when you finally figure it out the food does not taste good. We checked sodas on the order sheet and when no sodas showed up we asked if we were supposed to go and find our own sodas from the front of the store and were told that that was the case.

Also the guy at the counter is down right dismissive.

Pani Puri was OK
Papdi Chaat - boring, no flavor
Bhel Puri - boring and no flavor before we found the hairs

Not worth the trip.",review,LIWGMn3Yz1LIUZXA-VzOBg,0,2,0,598,122
RtApx92iFX4n-e1VlQlkmQ,2007-10-16,w_1eaDHCD8DGXUPD1RbP5A,2,"I'm going to break this down to explain my two stars. Here we go.

THE GOOD: 
* Great Sindhi biryani - the rice is flavorful, the chicken is tasty, all in all a great dish. 
* Chicken boti tikka (boneless pieces of marinated chicken grilled in a clay oven) - also tasty, but have had better elsewhere
* Naan - Really good stuff. Crisp and soft in all the right places - exactly how it should be made. Better than 95% of other Indo-Pakistani places in the Valley.

THE BAD:
* Chintzy interior which seemed like you just warped yourself straight back to the Punjab somewhere, complete with water-stained panels on the ceiling. 99.99% of the time, this doesn't faze me at all, but something was a little off and I don't know why.
* A surly ""aunty type"" who's standing behind the register and doesn't even want to greet you unless you're apparently related to her or go to school with her kids
* Said ""aunty type"" disappears into the kitchen for 5 minutes at a time, so you stand around and wait. And wait.
* Said ""aunty type"" expresses nonverbal displeasure when you ask her for anything. Case in point: Asking her for tamarind chutney. Even though you waited for your food for 30 minutes.
* Said ""aunty type"" brings back a tiny plastic cup of goopy, thick tamarind paste. Huh?
* Said ""aunty type"" doesn't say ""thank you"", smile, or anything when you go up to pay, even though you've been nothing but friendly and appreciative. So much for engaging a potential repeat customer. She could care less about your patronage.

THE UGLY:
* Big screen TV tuned to some badly acted Indian soap opera about some ancient king of Sri Lanka who tries to get it on with his handmaidens while his brother schemes for the throne while twisting one end of his moustache, but then switched to another channel showing bad, unknown songs from 4th-tier mid-90's Bollywood movies. Although I am not kidding you...there was one video where a guy and a girl were doing their running around and singing thing....in the SWISS ALPS. And then, all of a sudden, in the middle of all that snow, a table appears full of Indian food and an umbrella advertising beer and pretzels. WTF? 

So, in the end, here's the equation:

1 Pretty Good Food - 1 Dubious Dining Room - 1 Surly Aunty Type - 1 Singing/Shrieking Girl/Guy While Eating Curry On The Matterhorn Which Makes No Sense - 1 Overly Randy King of Ancient Sri Lanka Who No One Really Needs To See = 2 Stars.

Bah.",review,htC49ZwXiKNka5cp0GKBfQ,5,5,7,2433,442
ewZlgc22xN5NNQ1H7U6Y7g,2012-06-05,JOLih1cf5UfTWWoKZHxW5Q,3,"Threw a friend's baby shower here and it went pretty smoothly. We made reservations well in advance, and it was a small party. I'm not a huge fan of their food but it's always busy so clearly other people don't have my same opinion. The three stars is for the service, they were super attentive and everything was taken care of for our party. I just don't think the cheesecake is that great, I'm sorry! But the apps aren't too bad.",review,h3TnHCqFga0VgPO390PjKA,0,2,1,431,81
kVHEdvgO-UyxfXC-2f7KuQ,2011-08-26,qA2FQ0aeKqZSnN2fKwHbcA,4,"I really like this place! Plenty of room, very organized. And is willing to help you out. Price is very acceptable @ $7.00 a day. They have ear plugs, targets and beverages to purchase at a reasonable price. If it's your first time there is a 10 min video they want you to watch. It's diffidently a great place to go, just have to watch out for dumb A$$ like myself. I tend to have a major brain freeze. But the workers there are nice enough to let me know what I did wrong in a polite way. Give me time! I promise I won't shoot anyone! I'll get better.",review,UCQNrwN4_hHHTWYa8cqe_Q,0,0,0,553,110
Ddsln32r-uA7hq_0ksaNZA,2012-01-02,egZX_g3cRLcu-Mmnp9gL3w,5,Kick @$$ The Best of the bertos & they will make anything you want_!! Carne Asada with Sausage & Ham........Wow..,review,_hCoELWb_ERmEhR_ZJdgPw,0,1,0,113,20
1NZLxU5WvB5roPFzneAlLw,2008-08-27,h_y-oqC4xEECVeB09nQ8ZQ,1,"An upscale mexican restaurant in the area seemed like the best thing to have happened to me. I planned my visit for a quieter evening, and reviewed the menu again and again. 

However, upon our arrival I thought twice immediately. The parking was iffy, and the place didn't seem to stand up to the signage. Perhaps the art was not to my liking, honestly not a piece stands out in my memory. 


We were seated immediately. 

Our waiter seemed a little off, not to mention the fact that he was insanely snobby and seemed to be moonlighting in the kitchen, where he disappeared for 10-15 minutes at a time. He did not fill our soft drinks once without being first flagged down (those of you who have experienced the close quarters will understand how ridiculous this is). 

Halfway through waiting for our food (which took 45 minutes, easily), the lamp above our table went out. We sat in the dark for a good 5 minutes before they even noticed. Which was actually a nice change of scenery from the boring beige walls. 

When the food finally arrived, we were too tired (due to having finished an entire bottle of wine) so we left. Unfortunately, we took our grub with us.
I had some sort of mixed seafood entree with chorizo and a creamy sauce. It's no coincidence you're taken aback by the combination... it didn't go down too easily. Having dropped 90 dollars on the meal, though, we felt compelled to finish as much as we could stand. 

Normally I would make sure I got the name of the dish right, but since I am recommending that you not go there, why bother?",review,sfKMl7ERKuwxIh3HLXUg-Q,3,6,3,1560,283
zOCdVUKUN3b-obT67Qjyww,2012-09-03,X4cEQgYfVUF96fheEgzSDQ,5,"This place makes me want to learn German every time i go.

I would get my Polka clothes out any day of the week.

Great food, great prices, great atmosphere.

The fall months are great to sit outside and enjoy the weather to a Brat sampler.  LOVE IT!",review,N4h_3ZR-7slX_BeaokL7kg,0,1,0,250,48
GhhpkAkGl4JE_M_Szwegeg,2011-01-21,qLs_bZnb6esDcXDVvbe68Q,4,"So much food to choose from on the menu! They have so many options (healthy eater,unhealthy eater,  vegetarian, breakfast, lunch, etc)  for every kind of diner. I tried an omlet with turkey and brie and I enjoyed it very much. The orange juice was fresh. I was expecting very large portions but they are more than perfect for a super hungry appetite. Service was very good.",review,kyDg10Hoxz9LdLniTNTIGA,0,1,0,373,66
nmj5yK9dZ2atlM9RYDCRHw,2010-10-12,qN922EcB3wEISGuU9KHl0A,2,"They get 2 stars, for the pickles. 

So I'm from Jersey and was very happy to see all the NYC/Jersey stuff in this place.  The walls were covered in things from my state so I figured they know a thing or two about real NYC pastrami.  I was very wrong!

This had to be the worst pastrami I have ever had! What's with the places in this area advertising themselves as either being a NY style deli or NY style pizza? I mean, I know we're the most awesome people in the country and our food is the best, but don't say you're like us unless you really are! Maybe if you've never had the real thing, you think this is quality? This sucks giant donkey balls and I'm sorry I ever tried it!

Really, instead of spending all that time trying to make your place look like Jersey and NYC, spend that time practicing making good food.  That, not decor, gets you good reviews!  If you're from the East coast and looking for authentic NYC food, avoid this place. They also claim their bagels are just like NY...yea, I won't be trying those!",review,-hG9sBYkGRMjWPS08GzChQ,3,6,0,1025,194
L2J3JfjXZLnX1rLhWKthqA,2008-02-05,vBnGjrTvITilgRQ6_8W16g,4,"There's not much more I can say about Rula that hasn't already been said. Except, I guess, I can tell you why I like this place. I like it for two glorious words: HAPPY + HOUR. 

Yes, those two words matters so much to me. Rula offers 1/2 off all appetizers and discounts on pints. What could be better? I say try the brie, for it comes with an unbelievable apple chutney. If you're looking to split an entree with a friend, opt for the lamb stew - served with a side of soda bread. The stew is hearty and the serving is huge. I've also had the shepherd's pie, which was pretty tasty. Way too large for one person, though. 

Also, I discovered that Rula can make ya a Raspberry or Chocolate Guinness. I don't know how either tastes, for I went with a plain (but satisfying) pint. I asked to sample the concoctions, but was told Rula doesn't let people sample liquors. Fair enough. 

If I could change one thing about this place (ok, maybe more than one thing), I'd have a larger beer selection - even sold by the bottle. I'd also make it less noisy and crowded at night. If you don't get there early enough to stake your spot, you're likely to be standing the entire time. That doesn't make for a very comfortable experience. Word to wise: take advantage of Rula's casual atmosphere and leave your ridiculously high heels at home.

It's great that Rula offers live music. I wish they offered more. Sure, the outside patio is great, but what if I'm in the mood to play darts? I guess I'll have to go to another bar for that... and for the beer I'm really craving.

WORD TO NON-MEAT EATERS:
Try their veggie burger thingy - with mushrooms, peppers and such all heaped between two soft and delicious pieces of bun. Yum. It comes served with fresh, crispy and DIVINE 'tator wedges. These ain't your normal french fries, people. I STILL have cravings for them!

Rula Bula's food deserves 5 stars!",review,APLIPfq1Rf8QyhHHk2uAyA,2,4,0,1891,348
YJoph5UiUZ3BEb49vyFAuQ,2011-07-07,mwoOdGi6RoZYnbXMxKToyg,2,"Went there for lunch.  Split a chopped salad and a deviled eggs.

Large portions.  Salad was a bit heavy on sauce, but I liked it.  Deviled eggs had some truffle oil which made them pretty good.  

Burger was gigantic.  Ordered onion rings that were just not good at all... must be frozen pre-bought, which sucks.  Burger kind of tasted oily bland.  Tried to add mustard, and it wasn't terrible, but for an upscale burger at $12 expected just a bit better.  Companion had sweet potato fries which were much better.

Service even though the place was dead was very slow.  Not unfriendly, but they need to realize people that go for a mid-week lunch usually don't have 1.5-2 hours to eat.

All in all, it wasn't a terrible experience.  I really like the ambience... love the modern look of brick and blackened steel.  

But I'd probably be more interested in coming here for beers and drinks with a couple appetizers, than a sit-down meal.  For a meal, there are just much better central Phoenix locations.",review,jvwnIG5wEjdOsqkYJgN29A,0,0,0,1004,175
x-lEn6WxwqSNrdYdgjRsyw,2009-12-22,b-HCYV8EvvyXHip5Fw9rHQ,2,"Over the last 5 years or so, I've eaten lunch at Dilly's Deli a couple dozen times. The location is excellent, as it is near my office, and the interior décor is clean, modest, and charming. The music seems to vary, but on today's trip, it appeared to be a mix of oldies and jazzy easy listening. While I've never had to wait for a table to clear, seating can be limited during lunch hours. The service is friendly and quick and the menu offerings plentiful and interesting. Vegetarians will find a handful of options here, though it is likely you can request to omit meat from any sandwich or salad. 

Carrying Boar's Head ingredients is a plus, however the way their sandwiches are assembled and the ratio of ingredients used simply doesn't work for me. Oftentimes, I find my sandwich has a bulge of deli meat in the center and much less (and sometimes none at all) toward the outer parts nearing the crust. It has been my experience that the wraps are not treated this way, though the only wrap I've tried (Mexi) lacked flavor and tasted processed. 

I've eaten one salad at Dilly's - the Greek - and, while it is tasty, I discovered a dead fly in it halfway through and haven't ordered a salad there since. 

As other reviewers have reported, the soups aren't as piping hot as I'd like, though the variety and additional ""daily soup"" is appreciated. 

The bread is deliciously soft, warm, flavorful, and large - ideal for accompanying a soup or salad. If you're accustomed to filling up on a sandwich made with normal-sized slices, I suggest ordering a half sandwich so you can sample a side of soup, salad, or dessert as well. All sandwiches are served with a pickle spear.

The cookies and brownies get 4 stars on their own.

Today I gave Dilly's another shot and ordered a new menu item, the Red Bird, on wheat. Personally, I'm not a fan. The Blazin' Buffalo, Dilly Bird, and Smokey Mountain boast far better flavor combinations, IMO. Also, my pickle spear had a hair on it.

Dilly's is a bit pricier than its nearby competition (All whole sandwiches are $6.99), though a reasonable price if shared.

Overall, this is a higher quality sandwich shop than Subway, Blimpie, and the like. Unfortunately, the fly and hair experiences combined with the bread/meat ratio issue guarantee I will not return.",review,K_gNqlirV0kppqCGnfGiOQ,0,1,0,2305,407
-Ogv7rpcgUHkFaSy3vD8Sw,2011-06-15,9cDLzeuwYnreu03PE8rKsA,5,Love this place! I think this is probably the best Chinese buffet out here! They serve quality gourmet food. And they have a full bar too. Place is clean and service is great. Would go back anytime!,review,ykTUd9nIYDkQYhpntgcTVw,0,0,0,198,37
AqbgC7Gul5Es1rRzGNLDFA,2011-06-20,fRfafaJw6pJpApH7bJepZg,1,"Went last week, and ordered a dozen variety. I didn't care for any of them, very dry, the frosting wasn't very good,even my 9 yr old daughter spit her cupcake out!",review,CYKz4de61gfOfZEB7MbaDg,0,0,1,163,31
SspuGxPX7AEIh_0KqR3RqQ,2012-01-02,wg3N8cP7-C6qQtWVPDSt4w,2,"I have lived here for about 5 months, the place is okay i guess, the ground are clean which I like, but the staff seems kinda disorganized.. they got our move in dates wrong which thank god I'm an early mover and didn't wait to the last min, then when we FINALLY moved in, we got a different apt than we were showed originally. The linen closet has a big freakin heater tank in it. Which okay whatever i guess is not that big of a deal but then I found out we pay more for our water because its not divided out between everyone else. Also EVERYTHING breaks our shower has broken twice, the closet light broke out the wall, the bathroom light fell out of the wall, the kitchen stove and the washer has all broke from the time we moved in (Last May). the only reason i give it 2 stars is because i do know there are a lot worse apartments out there but still my house is falling apart! When I go in the office i feel they always try and rush me out because i can finish my questions its really annoying. So be careful when looking at these apartments when looking for a place to live.",review,gIhEoQQLLUHbKbn2_TS1hg,1,2,2,1082,213
UCjtaUCtJPbTUouHtQURvQ,2011-03-04,kU396jnL_0P7bT9vxIjU3A,3,"I created a monster when I brought my family to Chipotle for the first time many years ago. I am constantly taking one for ""the team"" when I am dragged here by my wife and one of my sons. 

I usually get the carnitas tacos with the salsa that has the little tomatoes, onions and cilantro. I even pony up an extra $1.80 for the guacamole. I just wish there was the option of adding tomatoes to your taco without the onions and cilantro. How can you eat a taco without tomatoes and guacamole?",review,NvDR3SPVPXrDB_dbKuGoWA,0,0,1,490,94
bc-lE-wGVAsUrX-kJhtY-Q,2009-05-01,4QdAw2rjR5JHMKPmnYH_yg,4,"Shame on me for not writing a review sooner.  Dined here with three other friends during our Spring Training trip at the end of March. We had to make reservations about 2 months prior as well.  We arrived for our 6:30pm reservations and the place was packed! The bar was flowing, both dining areas were filled with people and the entry area was bustling. 

As we waited for our table, Muhammed Ali walked in with his wife and family members. That was a huge highlight. This place is rich with sports memorbillia and players often eat here after a game. Only odd thing was our waitress told us after that the Brewers Manager was also dining in the next room and that we could walk over there if wanted to. I am a super fan of baseball, but even I know the limits of someone's personal space. 

We each ordered a few appetizers, bottle of wine and some salads before our entrees. I ordered the 10 oz ribeye and it was delicous. We ordered a side of mac and cheese and it had lots of flavor.  This place is fun because of the sporting atmosphere, fans, players, coaches, etc. and it's walkable from Downtown Scottsdale. 

I'd definitely go back here again next year. For all the ladies, this place is a must visit for some great eye candy.",review,GAhcw5tBlDxuXAclqz6GVg,2,3,1,1236,228
zwToyWL4dT1clsFPK9wI2w,2010-06-04,oohcn8iuB17wCskadHA0bg,4,Eorth a trip for pasta or their salads. Both are wonderful. And if you like garlic they know what you mean when you say xtra garlic. They actually give you extra. Yummm. Of course you will probably not be kissing anyone that night.,review,kpdpcrEauxA2bhg-f05W-w,0,0,0,231,43
aRkYtXfmEKYG-eTDf_qUsw,2011-05-04,Zn_VrwXE4OcYPwd1HdWg5A,1,"Very loud, crowded and quite unpleasant. I felt very cramped and the environment was very uncomfortable.",review,oYiskdGb0XYT2NjRb-s_qg,0,1,0,104,16
XfgU_1_X8eVX8_CqofAeIQ,2011-03-12,pd0ekrEgnCwU0L1imreJpw,1,"Donuts are really good, if they have any when you get there!!!  Went in on a Tuesday morning at 1030, and they only had a total of 10 donuts. Drove out of my way to go there and still ended up at Dunkin Donuts. Very disappointed!!",review,i-eCe-byLImKmbtv41PbnQ,1,1,1,230,46
jRfdz5voj40P6WS9L54caw,2011-09-16,2gfW7UgSeSAkxTXT60Ye_w,5,"I've been meaning to try this place for months and I'm so glad that the temperature has finally dropped to less than 100 degrees so I could take advantage of the outdoor patio for lunch! 

The service was kind of slow..not sure if it was on purpose so I won't knock any stars off for that cause the food was delicious! Got the chicken, goat cheese, bacon, apple, pesto foccacia and would def recommend it. Everything tasted really fresh! A perfect lunch spot :)",review,Ygda3eaZvqGTguTJLTZp5A,0,0,0,461,84
Dka36Pw7ibbHV6xIimQAOg,2011-03-15,6wz6dfsRPfQ1EZl2_Gz8Sw,4,"Fun Saturday night music venue with good food & beer for only a few $. The music is fun and tunes everyone knows. The 1$ carne asada tacos are straightforward; meat, cilantro, onion, grilled jalepeño - delicious! Saw some lucious burgers being served. Will have to try one next time.  Will definitely be back!

As with any outside venue, as a non-smoking asthmatic I appreciate adherence to the 50ft from door rule. I'm sure other non-poluters would appreciate as well. As seems to be the norm, smokers only care about smoking. I can appreciate that its an addiction, but think of others occasionally please.",review,3ch-JeRygCmrXf4mwZ9JTg,0,0,0,608,104
ezh7DWNch2eNHTUyAnV7lg,2012-09-23,iKrrAL_IIdM4rsxJexg_iA,3,"I really want to gives this Sprout's location 4 stars but over the past few months when I get a deli sandwich the bread has bean stale 1 out of 3 times I'm there so I can't do it. If this Sprout's can consistently not give me stale bread I'd be happy.

On to the rest of the store....
Sprout's is a great farmer's market with a great selection of produce as well as great meats, seafood and cheeses.",review,ysg-bL8JKUcnJ1ks5RB2pQ,0,0,0,399,79
TqHTtjPANCBKGsjGBjDoQQ,2011-03-04,QKsk92azo-ckaIO292AY7A,1,"WOW!  I have never been to a place with service this horrible.  I may have caught them on a bad night, but I'm not giving them a second chance to find out!

I came in with a group of 4.  We stood up front for 5-10 minutes before waving someone down to be seated.  That was a mistake..

As we're waiting for a server to take our drink order, we noticed that EVERY single table had empty cups waiting to be refilled, dirty plates that needed bussing, and people with impatient faces.  There was only 1-2 dedicated servers, and they completely ignored us.

We stuck around just to see how long it would take before someone took our drink order, it was like being in the Twilight Zone.  After 30 minutes and flagging down 3 employees, we just walked out laughing, no one had even apologized for the wait, I'm not sure they even saw us leave!  It was the strangest restaurant experience of my life.

What a joke...

**EDIT**  To their credit, right after I posted this review, I received a message explaining that the Director of Operations would like to amend the situation, even going so far as to include their cell number.  I admit that I feel strange posting such a negative statement amid all the 4 and 5 star reviews, I'm assuming I caught them on a really bad night.  I'll edit this if I ever return to the restaurant, but the fact that someone actually reached out to try to rectify things says something",review,oijTMVRAYB6DrSkhLlaHjA,0,2,0,1408,259
pwpl-rxwNRQdgqFz_-qMPg,2009-08-10,Q1XN0L0P5evdBYZZNRUFCw,5,"Awesome, awesome, awesome....everything was fantastic. The innovative drink menu, the pizza was out of this world and the bartender was very personable. A++ I would definitely recommend this place to everyone. Ban't wait to return!",review,wW5YgcJHKebkjKCMo5mSOg,1,0,0,231,35
NBwPgX7L2D-EZedgo3A-pw,2010-08-20,yeMNAZKxXf4T2MgBMYAH4Q,2,"Things I liked: The homemade chips (mmm), the red salsa, the tender chicken pieces in my enchiladas and the service.

Things that just didn't work for me- The green sauce was so blah I couldn't eat it without dousing it in the red to get a little flavor. The beans and rice were disappointing as well. Perhaps it is my lack of familiarity with New Mexican cuisine, but I was not impressed.",review,wC1CPV5bf--bDLtlhNSPLg,0,0,0,389,72
d3MxUXS1b6U2P_gGuCO1-A,2009-12-11,lz_z74dUlIYPBbDXoMsGdQ,3,"Finding this quaint location wasn't to hard... i like that there is a parking lot right north of the place... as well as street parking :) 

you walk in the place and wow... its a completely different atmosphere... low lighting but in a calming way rather than creepy... 

they have a DJ.. the music makes the setting but to be honest it was a little odd for my taste,,, 

Our waitress was very nice and helpful... automatically served us cucumber water... (which tastes amazing!!) and then asked for our drink orders ... a good waitress can seriously turn everything upside down or completely make your visit ya know... its a pet peeve of mine.. customer service... 

every table had a pink candle lit... pink lights hung above the chefs area... it was just so relaxing! the mirrors on the wall around this cool looking splatter painting... i was diggin it... 

everything on their menu is served as appetizers... which kinda sucks.. they are all at least 6-12 bucks at least ... from what i saw.. and the waitress said that they recommend for people to get at least 2-3 a piece.... wow, on top of drinks.. its kinda pricey to me.. good thing we shared everything... 

the lemongrass chicken (cant remember the full title) was amazing!! so good... the gyozo (dumplings) were alright.. a little too minty for my taste... we had this other thing where they bring you the hot stone and you cook your own meat... it was alright but the stone only stayed hot enough to cook the meat med rare... i don't like my meat to moo at me... so its was alright... but i prefer it well done... 

the beef wrapped in grape leaves.. well i was soo excited to try them.. but was sadly disappointed... they were so fiery hot (spicy) that i almost had tears in my eyes... never did it say on the menu .. SPICY... after a server came over and saw us gasping for water.. he filled us up and said, oh yea those are pretty spicy... wow good thing i had my TUMS lol 

over all 
The atmosphere was amazing..... 
the staff was fabulous... 
the food... eh... 
the menu is crap... if your gonna serve spicy food you should say its spicy! isn't that some sort of health hazard?! 
and its kinda on the pricey side... 

i think i would go back again... But i don't think i would opt to... 
there are alot more dishes i would like to try... maybe a different location would be better?",review,uTc1puvwUpFYryEHo4DNaA,4,5,2,2351,429
X5QTGpPfqXFtmtizsGAksw,2008-11-17,E2_iMgob9t9_vg8FazTJJg,4,"My new favorite Mexican place in Tempe. Love their tacos. Their menu only lists them individually, but feel free to mix and match. I usually go with one camarone and one pescado. The shrimp are small, but there are lots of 'em. And the chunks of fried fish are bigger than the taco itself. Portions are generous - I'd have to skip breakfast to be able to finish more than two. Service is friendly and efficient - easy to get in and out during your lunch hour. Also a great spot for happy hour.",review,zHH2Iz49wCZYYDLBTv0YOg,6,9,4,493,94
ItMihRR-t810HgctGofF3g,2011-06-18,BK4FpIlwDx2mAhk9qsK3sQ,2,"Bland and lackluster food that is not worth the price or the wait to get it.  We had lunch at Nourish a few months ago and while we weren't overly impressed, as they do serve healthy food that is in line with our whole foods, plant-based eating habits, we decided to give them another shot and went for brunch a few weekends ago.  I ordered the egg sandwich, which is described as an air-fried egg, avocado, and tomato on a gluten free bagel with a side of sweet potato hash.  As I have never found gluten free bread products to be very mouth-watering, I asked to substitute multi-grain bread in place of the bagel, as the bread had previously been the best part of the lunch sandwich that I'd had.  The server informed me that they were out of bread (how does a restaurant run out of bread when half of their menu items are sandwiches? very poor planning by management) and that the only other item available was a wheat bun, which I opted for.  My husband ordered the veggie quiche, which is described as zucchini, asparagus, caramelized onion, parmesan, and a quinoa crust. 

After an incredibly long wait (the restaurant was less than 1/3 full), our food finally arrived.  My egg sandwich was by far the most flavorless breakfast item I have ever consumed.  The air-fried egg had sounded appealing as it would be healthy and not greasy, which was the case, however I didn't realize that this also meant there would be absolutely no seasoning on it or flavor to it at all.  The sweet potato hash was downright disgusting and I only consumed a cube or two of the mushy, flavorless heap that was on my plate.  As bad as my meal was, my husband's veggie quiche definitely won the award for worst breakfast item ever tasted.  The ""quinoa crust"" which we were looking forward to as we love quinoa dishes, was actually undercooked quinoa mixed throughout the entire quiche with no visible crust present, which gave the whole thing a granular texture equivalent to fine gravel having been poured into the dish.  The vegetables almost appeared to be ground up as there was just an overall green appearance to the egg portion with no discernible pieces of the veggies described on the menu actually present.  The dish in general had a strange taste and the off-putting texture from the quinoa was more than I could handle even in just the one bite that I tasted.  I honestly don't know how my husband even managed to choke down the portion of the quiche that he did.

We also each had two bloody marys while we were there and while each took an incredibly long time to get, the first one was flavorful and seemed to be made ""extra spicy"" as we requested, however, the second one was flavorless and tasted like watered down tomato juice.  While Nourish has a nice patio and offers a view of the lush foliage present in the complex, these elements are not enough to bring us back after we left with our tastebuds reeling in horror over the flavors, or lack thereof, of our brunch.",review,2qnz2y_Z1nDo2HqqfxJxSA,0,0,0,2972,534
Zx8_4zKdDBSO3qGrkukBIA,2011-02-11,zfcpSVD1b2i2BMVa6eabUw,4,"This place isn't the best looking, but it's pretty tasty! I find myself craving the strange mix of foods they serve here.
I order the Emerald chicken burrito and the Jerk Chicken quesadillas.
The best part is if you've never been there before, they give you tons of samples and tell you all about the foods you can order. 
I wish they had more locations :)",review,5jO2RMO-MYZDWTIYzr3dSA,0,0,0,356,66
RqmE46axGgrS9lrbge0CKA,2011-11-28,iOABod6-D0_5jcy0U1-7KQ,1,"I am leaving this store angry and can't resist writing a review! 

The staff is incredibly useless....if you can actually find someone to help you. The store is huge with very little signs to guide you. Therefore I always wander aimlessly looking for the one simple thing I stopped in for (even though I tell myself I will never go back) with no one to help me. 

Today they were out of an item I bought last week and need more of to finish my project. I asked the only 100 year old lady I could find to check the back and she told me they have nothing in back and to ask customer service. The lady at customer service was actually a reasonable age and when I asked her to call the Indian Bend store she handed me their number and said ""well you can call them"". I stormed out soooo mad and this time I promise to never go back. Hobby Lobby or Michaels is worth the drive!!!",review,HgngoaGyf2wr9OC4Gc-TNw,0,0,0,873,170
2E5iuTckRcbtJm2pC1tIlQ,2011-10-03,8MiqqY2vjEmcBgA3btVnUA,3,"After reading Lindsey's review, I had to think twice about my original review of this place. Yes, I had been back and gave it another shot.

Yes, perhaps, I was a bit douchy in my prior review. 

This place is definitely a great spot if you need a quick lunch, and you are on the go. Its a fairly comfortable place to eat, and it's better for you than a Baconator (although, that does sound delicious right about now).

They tend to water down their Sriracha, but it might be more of a heat thing rather than a cost cutting thing. Sriracha can be a bit spicy for some.

The spicy chicken bowl is the way to go. Try it. Don't listen to my old review. I was probably having a bad day at work.",review,8JC-Yb3UDUv2FUl5ym1nVg,2,2,2,690,135
bmtANWh8OrAB-QflXwI0xA,2010-01-30,2AGvtkiTpTy1yOVCA1gc-w,2,"Are you serious? $4.50 for domestic beers during the usual ""happy hour"" time? That includes Old Style (we were there for the Cub game)!! At grocery stores you can get a 6-pack of Old Style for $4.50! And charging $5.50 for a Corona?! Cra-zy!

""World Famous Sliders""? These were the worst sliders ever, I think Jack and the Box sliders are better. Almost $10 for six southwestern sliders with a patty the size of a half dollar that got lost in the bun, one jalapeno, a small square of cheese, and salsa to make the bun soggy. I know they have a prime location being right outside of the ballpark and all, but does that really give them the right to charge whatever they want? They are going to make money regardless, they don't have to be greedy about it!",review,AirVzN1BVQBmq5zY0YMNYQ,0,2,0,754,140
9mx6uFh_lSj6SOSW4fMWWg,2009-12-04,oumDKass1inZmpqJhFAgiA,4,"Nice bowling alley.  I liked it alot and the staff was very helpful when we could not figure stuff out!  The flatscreens with the score were nice and the animation of Pros were a nice upgrade. We came when their was a deal which was nice.  Thursday- 5 buck cover and free shoes,dollar games, popcorn, beer, and hot dogs all night.... all I gotta say it\s that I did my damage!  The set up for finding a v\ball was far nicer than any other alley I have been to!  Very out of thew way and easy to find what you need!
Very well lit alley with a fun atmosphere!",review,TqkBwRmoEgECElxeY0OgKA,2,2,0,557,109
9dn3AMdwvD2KXnTr6AJY1g,2012-01-18,yzVPHvePW7Pe51Sn_mg6mg,5,"There are many places in the valley and its surrounding cities to eat Mexican food; however, there is one and only La Canasta.

In the last two years the boyfriend and I have eaten at this restaurant location quite often. For the money, you get exactly what you pay for: a decent meal and generous portions.

The chips and salsa are ever-flowing and the salsa is some of the best I've tasted.

The wait staff are generally pleasant, attentive and very accommodating. Plus they frequently recall what you had during your previous visits. I recommend you try the Machaca dinner or my boyfriend's favorite dish, the number 5 lunch special.

There are multiple locations in the valley, but this one beats them all hands down.",review,QB49hhSLpPMaZ_rqBjP8uQ,0,0,0,721,125
97Z7j4vH0kfzL10AONi4uA,2010-04-05,ESIuov-MzGqSkucA8l7d4g,5,"Still in love with this place and how much care they really have for all of their clients. 

I hit another, I want a piercing moods and swung in on a lunch break last week, determined to get this piercing I thought would be perfect on me. 

As usual Jo was absolutely amazing. He brought me back and we discussed what I wanted and when he looked at how my ear was shaped he said that I may want to try something like this (then drawing dots where they would go). He took into consideration my piercing past and said it's subtleness and the petite jewelry would suit me well.

And as always, I came out super impressed and ready to show off my piercings. They still look amazing a week later. I'm still in love, and they are perfectly healthy. Job well done. But I'm not surprised.",review,7zDqr2I0-xpw9HF5Ha54cA,1,1,0,780,148
L-uPZxooP_ziXCtRrWi8Pw,2010-01-30,DOlLKwtj96-DKuhFoMFDow,5,"Wow! I was in town on a week long business trip and the one thing I look forward to most when I travel are the meals. Cafe Monarch was a highlight of my trip. As soon as I walked through the door I felt cozy and right at home. Chef Chris asked me what I preferred out of a few selections and I went with the lamb chops and spinach.  Usually I'm pretty picky about lamb and always inquire about prep but I left myself in his hands.  Chef Chris served me a perfectly cooked thyme rubbed lamb with a wonderful citrus sauce.  Spinach was prepared with garlic and a hint of mint which complemented the lamb perfectly.  Simple, fresh, delicious...

Just remember to bring cash",review,gxyAXBHgDi428kx6_P3o1Q,0,1,0,670,126
VQtMFcgkRz7MCIo9sPDaeg,2012-10-04,62RkOn0aW7EG5TGFb1rK4g,2,"I went here a couple weeks ago and got the sesame chicken.  I was disappointed when I saw that it wasn't chunks of chicken, but a boneless piece of chicken that was breaded, fried, and then sliced into strips.  The sauce wasn't that good anyway.  I won't be back.",review,gdNJzMx9duSZCBdiU1QKFg,0,0,0,263,49
KPoTixdjoJxSqRSEApSAGg,2011-10-22,HqEufBNvAJbt-BAul4TYTQ,3,"Enjoyed dinner on the patio - I had the Pad Cha Seafood dish rated ""Thai hot"" - the so-called hottest dish on the menu.  The person I was with ordered the ginger fish - mediocre at best, although it looked great with a variety of vegetables and pineapple.  I felt the dishes looked better than they actually tasted.  The seafood (mussels, calamari, salmon, shrimp) in my dish was very fresh but it wasn't Thai hot at all.  The ambiance of their patio was enjoyable and the Thai iced tea was very tasty although a little too sweet towards the end.  Overall, I will probably give this restaurant another try in the future but I wasn't very impressed with the taste of the food.",review,bomxdD965gZr9j4iuUIqjw,0,0,0,675,123
DcrM4hwDcU2G6vuh2cnaYQ,2010-12-24,cw56ezAwEhMzQBtI2fdxLQ,1,Poor service-small portions-pricey,review,6E-Nf7ctLC8N95KxFschoA,0,0,0,34,3
7lbvsGKzhjuX3oJtaXJvOg,2012-08-13,Nr-6xqBN9XqBJXnCToYYKA,1,"I brought my sweet sister in law shopping at this Forever 21 location.  She had a bag full of goodies (several hundreds of dollars worth) from H&M.  She stopped at Forever 21 and  sat her bag on the ground right beside her while she tried on a pair of shoes.  Her H&M bag was stolen during that brief moment that the bag was not in her arms.....and while this certainly was not the responsibility of Forever 21....we were so disappointed in the way the Forever 21 staff reacted. They did not call security, or the police, or even offer any condolences.  They just shrugged their shoulders.  My sister in law did love some of the fashions at Forever 21....but the store was such a mess.  There were clothes all over the floor under each and every rack.  There were way too few staff members working, and many who were working were ""socializing"" with one another instead of helping customers or maintaining the store inventory in a decent fashion. The only employees that were on task were:  1 at the checkout, and 1 at the fitting rooms - there was a band of 5 girls dressing one mannequin while the store was amidst in chaos (including someone stealing bags from other customers)..... So - if you choose to shop at this store - hold on to your bags :)",review,2UPPp-p0Yk7l56o75ZCIBg,0,0,17,1251,228
-bd26a1QEEpqUZjBmtBUiQ,2010-05-03,14kJj0ogLI1C0tQ1bakdQA,3,"I reeeeaaalllyyyyy wish that I could give this a 4, but I can't do that in good conscience.  The food was great, but the service was downright abysmal.

In a fit of random adventurousness, I thought it would be fun to try a new kind of food for me.  I'm typically a weenie and afraid of anything ""weird"" so this is a big deal for me.  We drove out here on Friday night and at around 6 or so the restaurant was about half full.  We stood at the door for entirely too long while we waited to be seated.  When we were at our table, we waited entirely too long to get menus.  When we knew what we wanted, we waited entirely too long to place our order.  You get the idea.  Thankfully the food came out fairly quickly.  

I ordered the vegetarian plate that had collard greens, some kind of cabbage/carrot/potato thing, red lentils, and some bean/carrot/onion thing.  As with all dishes, it was served with the injera, a weird sourdough crepe thing.  I was a little weirded out that the bread thing was served cold, but I got used to it quickly enough.  Everything on my plate was yummy, but if I were to rank it, my favorite would be the lentils, followed by the collard greens, then the potato, then the carrot/bean thing.  

Eating here was a fun experience for sure, and not having any silverware definitely made for some creative feeding procedures.  I would probably come back here if the mood for Ethiopian food struck me again, but I would really hope that the service would be better.  Since everyone else mentions great service, I am going to assume we came at an ""off"" time.",review,W_QXYA7A0IhMrvbckz7eVg,0,0,0,1580,290
cN6aBxe2mQvrQlzk26LyRQ,2010-07-19,TVUUO1gxwBiATfntwXhmXA,3,"Service - 5 stars (which is so rare). Food 2.5 stars. 
My husband and I are a little picky when it comes to steaks (we eat Morton's and Mastro's) but we wanted to try a new steakplace while visiting Phoenix and Durant's had great reviews. 
When you get to the restaurant, you walk through the kitchen (pretty cool to see everything) then you're greeted by the host. We came for a pretty early dinner and literally every single person - host, kitchen staff, waiter/waitresses greeted us. The decor is pretty cool - kind of burlesque-ish, all walls are a deep red, there are huge vases of roses everywhere.
Our waiter Fred was awesome!! Very friendly and professional.  I had their vegetable beef soup (good but salty) and my husband had house salad. I ordered the trout with lemon caper sauce which was very bland. My husband had rib-eye and it was also bland which was surprising. Their dessert - trio creme brulee - was the best part of the meal! So from this meal we decided if we want steak, we're sticking with our usual Morton's.",review,hws92rePVainOwONgFG2Hw,0,1,0,1034,186
TfTlOE6h9E9o34dEkw9L_w,2008-01-06,tjqfVRjQ9kE1p_JykZXlqA,3,"I'm somewhere in between three and four stars. And, I know there are Yelp ""Talk"" events taking place right this very second as I sit to type my review, and it is for this reason I appreciate what anonymity I have so I won't be egged as I walk out my door in the morning. And, it is possible that I expected something earth shattering within the vicinity of so much greatness (read: Pizzeria Bianco)

First of all - I had to approach the bar for service, refills and a check. Granted there was one guy running the place at 3:30 in the afternoon, but my friends and I were three of five people at the entire property. They weren't busy. 

We sat out on the patio and watched all the folks across the walkway start to congregate outside Pizzeria Bianco in the rain. It was an unbelievable an hour and a half prior to opening, they have at least two seatings of Guests waiting in the rain - I swear there's got to be something addictive in that crust. I love Bianco, I do, but I am also (sometimes) very logical. Show up at 5 p.m., go find a great patio table at the Rose and Crown, or Bar Bianco and have some wine for a couple of hours prior to dinner - don't stand in the rain for an hour and a half!

But, I digress...we're discussing the Rose and the Crown. Okay. Cute, compartmentalized rooms, yes. Homey feel, yes. Good selection of beer, yes. Good wine, no. Well made cocktails, yes. Menu, eh, okay. Service, eh, poor to okay.  Patio seats, rocking good! The trees changing colors, yellow leaves everywhere, perfect. People watching, phenomenal. Fish and Chips, pretty good. The friends I shared the experience with, too good to be true!",review,CJkY0WOCNfCuv0HAbB2cjw,2,1,1,1641,304
ihMUU9D2mcgrp7fi8lmqJg,2011-10-18,Wj-W5pTJkjJ8udx7y4zZeA,5,Love chickafila :) they're pretty pricey for fast food though,review,tpOgdsqWcrlFyQSrRIua-g,0,0,0,61,10
UxvOXcoCRFRAVhRB0D9imw,2008-05-26,LqqxEGLPbpwd2Hr0fRF9fw,5,"Taylor's has such a refreshing cafe menu. I've been for breakfast far more often than lunch. I hope to try dinner soon b/c I think they feature live jazz on Wednesday nights. 

I've never ever had a bad meal. In fact, I always have a hard time deciding. Some highlights in my opinion are the huevos rancheros, eggs Benedict (with a choice of meat), waffles & the Mexican omelet. 

I never liked Bloody Marys until I had one at Taylor's! I tried a friend's once and have been hooked ever since! But if you want a less intoxicating beverage, try the iced chai latte. Careful, its so good you'll be ordering another before you know it! 

Bon Appetite!",review,4IxLt4QvCsJEdaNvH9QApw,2,2,2,648,118
d_8bMNQd0mesbEUeq1U2kQ,2011-06-19,6hfJkOJ9WvNWiydtWKWw6Q,3,I have been by this spot many times and I needed a place to eat lunch so I stopped in... I entered the restaurant and was seated right away. But then I sat there for a good 10 minutes and watched the workers walk around  then I got to see the owners little kid decide she was going to sit with the consumers in the booth a head of me... Then the kid started crying and it just does not need to happen I was kind of shocked please leave your kids at home if they are not working at the restaurant.  I ended up getting up and asking the staff if I could just get the lunch buffet. I got a bit of everything to try I enjoyed the rice and the chicken dishes... The fish dishes on the other hand not so good the fish puffs were cold and not good and the one fish dish super fishy tasteing. The bread was really good that came with the meal... So all in all I would say I will not be going back anytime soon nothing to write home about.,review,LXWAXIeYFIdgd2JVPF-9qA,0,2,1,930,191
PxeX1M8WtyPxX1MuuGIh-g,2012-03-31,dB62OZ5qf6S4X-Zu9FcUqA,1,"My part Jewish friend has been raving about this deli so come payday we went to check it out. Ive been in Phoenix a little over a month and have been getting sick from the food here...diarrhea lots, shit my pants once... anyway, i like to eat in divey non-american cuisine. This place aint seedy enough for me, I suppose.

I did not get ill from the food here

However....

 $12.95 for a sandwich, fries, and a dollop of soggy coleslaw ???

I kept hearing from my friend, his mom and the waitress that the sandys are HUGE.
nope.

Thought we might split one.
nope.

My sandwich was flavorless..err..thats a lie.. it tasted like stale bread.

$29.98 for 2 sandwiches and 2 sodas (its an effin sandwich!!!). I only had $40 (only ?)

Left the waitress $5.

Gave my friend the other $5 to put toward a plane ticket to New York where he might experience Kosher (and a bit of his heritage) on a more realistic scale.

..the fries were good tho.",review,PZc3S5ql5-VzEZm9TuyCpg,0,0,3,937,173
C_eWAEOvkHZ_IZYGwjtpmg,2011-04-25,QfdoE-XqEeCsttJH8g0ugQ,1,"I love Saddle Ranch for its casual night time festivities (including watching people ride the mechanical bull hehehe), but I cannot ignore the fact that the food was disgusting!

When I think of my meal this past Friday night, I think of two words: dry and cold. The spinach artichoke dip was just okay - a bit on the dry side and not very cheesy. The onion rings were just okay was well as the batter reminded me of the chicken nuggets at McDonald's, maybe even worse. The BBQ burger (turkey patty) was dry and tasteless as was the bacon. Really? It must take true talent to cook bacon tasteless. There are a few things that the menu has going for itself - a few very unique and fun desserts and drinks that I have yet to see elsewhere. I am fond of the giant pile of cotton candy and, though I'm not much of a beer drinker, the beer tower looks pretty badass.

For me, I came and will continue to come for the fun atmosphere, but I will definitely be staying away from the grub. Adios, cowboy.",review,yhGfcKunPjcy-v-1ppr6oQ,0,2,0,995,189
mWjlJ0Mvde4nBvM9nXlU-w,2007-07-26,nDhRLnmtlSoVVUA3y8dw7g,2,"a little greasy for my skin but the presentation is organic and fun! 
glitter, rubber ducks, bath fizzies and tons of soap make for a great one stop shop when you're shopping for those girlfriends you have who like everything. 
the style is unique making it a fabulous place to take a peek in but just not for me.",review,qaAmAU9T_t84UDGiBI98sw,1,2,0,313,59
c0zhbiffge6fGl_Nzgxbqw,2008-08-20,Qt0QQvOCLO35QSMS_wCNVg,5,"I found some great t-shirts for friends here, including one from a local PHX artist with a grinning skull.  

If you're a hipster or looking to buy gifts for one, then this is the place to go. 

Plus, the clerk was using a Mac (not that I would expect anything different, but bonus verisimilitude points for fitting in with your surroundings Mr. Clerk).",review,8eNEP7Yj7JwfOQPwgh4Prw,2,2,1,353,63
0Llpzg85OhJF2CqJPU08Ew,2012-11-26,_Jb-l7CZH6qcDUjzk_CEdg,4,"Cevapi and Burek oh my!! Plus I got to hang with my fabulous friend Amra! Score! We wanted something extra good to eat after finishing our Mud Factor race on Saturday and lord knows I have been craving some Cevapi so off we went to Euro Bakery. It was already bookmarked as a place I wanted to try so this was a win, win in my book. 

Everything is made fresh to order and once you walk in, you can smell the fresh baked bread that they have made throughout the day. There is also a mini grocery store for you to buy items as well.  My Cevapi (little beef sausages with fresh bread, onions and a  sour cream like dip) came out piping hot and piled high. My friends Burek was huge (hmm not sure hot to explain so you will have to look that one up) and we both dived in like it was the last meals we would ever have.

Will I come back? Hmm heck yes, but alas this treat can only be saved for when I burn off and absurd amount of calories so that I can indulge and not feel guilty at all.  Hmm Cevapi and Burek = one VERY happy woman!",review,4E_nPWw89FLFHdNsEgMH-g,0,0,0,1031,208
XMQQXhJWOGihXETq2HqNJA,2011-05-29,62BFRSsUUCxsUBTHQy_ALg,1,"Do not go to this car wash. I dropped my kids off at choir and thought I'd run in for a quick car wash. Oh no! They locked my keys in the car. I couldn't get On-Star to unlock my Suburban because it was under a huge canopy and couldn't get a signal. Instead of calling a locksmith, the car washers tried and tried to get in through the window. Thankfully my husband was able to leave work early, go retrieve the kids from choir practice, and then come rescue me at the car wash with a spare set of keys. I was trapped there over an hour!  The manager then had the audacity to get mad at me because I was upset at their incompetence. They didn't even comp the car wash!  If you go here, don't pay for your car wash until your car is done!",review,NPoOEAPspruMOik-9sKQtQ,0,0,1,737,148
7KCLeDNdFDkdoA6MUavxwQ,2011-02-02,6bahziDJPUU-3pK1Tda7dg,2,This place is so so.  Ok food.  Ok atmosphere.  Just a decent restaurant in Buckeye.,review,5c4p-A1sLBlpS1cPaMpdBg,0,1,0,84,15
1NZLxU5WvB5roPFzneAlLw,2010-07-21,xuhlhYUPLBOHMFiYxEPtEw,5,I love love Barrio Cafe. The food is amazing and it is very cute and artsy.,review,dFayEgcd7FUN-DFdHRYE0Q,0,2,0,75,16
hECOlng2SZ97IbUcabRH2Q,2010-05-16,zepTOiPctPASewAQmV4X-w,4,"The cookies and breakfast pastries are to die for.  Just for those two items they deserve four stars.  Everything else, however, is just OK.  The rest of their foods are good but not great.  If you've ever been to Wildflower, I think their food is better there but dang, I can go to Paradise and just pig-out on their cookies!",review,dn9DSDp9CYCRffmL1voq6g,0,0,0,326,60
DIYHTgM-YGKWOWLzQ4XVhA,2010-07-19,_qWfA3Be9Ybjnxc6nTGRsQ,5,I have passed this place for 20 years and had always heard good things. Well one night when we were kidless we went. It was pricier that we thought but we forgot the price once the meals arrived. We were both very impressed. Warm homemade bread. Awesome salads. I tried the escolar (it's a fish that a friend of mine loved but I had never tried it) and it absolutely melted in my mouth. My husband enjoyed his sausage and peppers. We will definitely go back!,review,KLekdmo4FdNnP0huUhzZNw,0,0,0,458,86
53YGfwmbW73JhFiemNeyzQ,2012-08-20,aK5VfiAMMweu6h2Gy0PH7w,5,awesome and delicious place! good for groups!,review,yHKOttTv1sSVKMsdGmQjpA,0,0,0,45,7
7QSYBp2-AOdyUJXEaLnbgA,2011-04-16,RcDdftzr2gEFhr6KqR0_SA,2,"Food was pretty good but my biggest issue was with the service. We made a reservation and still had to wait an hour. Isn't the whole point of a reservation...so you don't have to wait an hour? One of the three hostess, tried to help at the end of the wait but by then all we waited was to eat/drink. All in all, I enjoyed my chicken and bbq ribs but would not go back.",review,-2S6keboidRPly-h5lBfkA,0,1,0,368,75
gUt-pPUpOVVhaCFC8-E4yQ,2010-03-27,50DlJdkf0jtG-CQLDx8jGQ,2,"My friends and I got a 10-person karaoke room and ordered food while we sang. The room is SMALL --in other K places I've been to, that would have been a room for 5 people. With 10 people in there, we turned into a sweaty airless mess very quickly. Secondly, their song choices are not good. They're behind about 2 years. Had we known, we would not have gone there. The food was mediocre; I've had better sushi. A room rental comes with a complimentary sushi platter, which was one roll (no idea what it was, even though i ate a piece); some edamame; two ribs. I ate the edamame; they weren't cooked through because they were hard and had that slightly spicy raw taste. 

We went on a Friday and it was packed to the gills with Scottsdale d-bags. At least the servers were very sweet, even though they messed up drink orders once and the bill once.",review,2ARM6NFVciTzV21r7p8jiw,0,1,0,847,159
cPmbPQepAatet3QMUZaSeg,2009-05-25,zxjv7d1rAZO4vyHxPDExBQ,3,"Food wise, this is my favorite Lenny's location. They make the perfect jalapeno cheese burger. The fries are really good too.

The location kind of sucks. Its  surrounded by a greyhound station, a liquor store and some kind of AA hall. Need I say more?",review,2FiNCj5rM3nF0qgaWf86Gg,2,2,1,252,45
UIGFrEcoDsw05I1UOrxdOA,2010-06-12,64oFbcXXvvr18fPZi9rREg,2,I believe this place is over-hyped.  the menu is overpriced.  the portions are small.  the meat is low quality.  slow service.  sterile decor.,review,bkRfY8jHdFxf7k8vLX4buA,0,1,0,142,23
bO-WvOxfPzNbwSD87KuiBQ,2012-10-14,GTL4WBj1peHUgHaBUgrsgA,5,"Tucked on the western edge of the Foothill Acres neighborhood in North Phoenix or what I would call ""The Slope"", Try Me Bicycle Shop has been in business for nearly 40 years and has been collecting the odd part for every type of bike over that time. 

The showroom is filled with cruisers and comfort bikes, new and used. No high end bikes here but they do have an inventory of old and hard-to-find parts, good service and free air that makes this place.",review,gN03qFYysM5DbgjuV6N0QQ,2,2,1,454,84
NDKkce5Au-o_OhIt5f2ZBg,2008-09-28,mbWqhyCAB9kb9VS837WPMA,2,"Jewish girls in Chinese dresses serving Japanese food. If that isn't a recipe for confusion, I don't know what is.

Too bad, really. Because when they first opened up, they had a real Japanese chef who had a respectable career and was trying to make actual Japanese cuisine. He naturally didn't last long in this 1980s pseudo-asian theme park environment. Remember when the owner used to intermittently drop the screens down and fire up the THX system and play movie trailers from last year? The chefs couldn't even see their hands. Now that's setting your priorities!

Happy hour and late night patio is this place's saving grace (for others, not for me). But it's so far from Japanese food/sushi as to make them guilty of false advertising. See my Stingray review for a similar take on the food experience. If you FAIL rice, you FAIL sushi.",review,5kJYTUtFUJT24dWNs6eW8w,5,5,6,842,146
FS7aGG1AOLbrVIGXTuA5EA,2012-10-24,YU9-0d4OeOEZuqFYs1xvPw,2,"Beatiful setting and good service. However, that doesn't make up for the $14 burger which was average at best and all three of ours were over cooked.",review,PimB4yUetjP2ylJGMpK21g,0,0,0,149,27
FqzgT9Y-Yu7jiWdHnGW-kQ,2010-04-01,HrKXwRLwt40uOlB42Z2KIA,3,"I can say that I used to love the place. Not so much any longer. 

Went over there this past Sunday at 7pm. Crowded, but still room to sit 6 of us. Here are a few simple notes to sum up the evening.

Waitress was on something. She was walking, but out of it. Forgot our order twice, and both times could not remember even taking them. Very bizarre. 
Girl next table fell over and out of her chair. No one really even seemed to notice, maybe that happens often here now. 
Place looks tired, worn out, especially the fabric on the chairs and booths outside. If you squint, you can see the old Vig, when it seemed spotless, and shiny. Now a bit tattered, along with the staff. 

If you are over 28, then I would have to say you might feel old in here. Reminds me of a spring break crowd being filmed by an MTV crew in Cabo. Very young, very drunk.",review,PV5Lv_xl3DDAcAchFJCbXQ,0,0,0,844,165
NmYTwkqyaCtEg3wifBkxkw,2011-06-29,CTMPP1y-BMZ70UHGj-DAfw,1,"As I promised myself, I'd go back again to try it again. Yyyeeaahhhh...sooooo....the food is still not good. I got the mongolian beef and it's like ""wha? really? is this IRL?"" 

I'm a chinese food kind of a fan, this restaurant, I'm not a fan of.",review,FgauKBp6w-_8hOY1CRYMoA,0,1,0,246,46
hCtyvahPsEOUb38LKxEQNQ,2011-08-14,HyjTny7cPNMsyBn5Mi4vrA,2,"The ""chicken burger"" with jerk sauce was gross. It was dried out with terrible flavor. The only saving grace was that it was small, which says enough right there. As another reviewed said, it was a ground chicken patty when I was expecting a grilled chicken breast after going to places like Johnny Rockets where I believe they have a similarly named section of the menu that refers to chicken breast sandwiches. I realize I have myself to blame on that misunderstanding, but it was still a terrible sandwich.",review,-L0i4tIcOIbAq_gPvykkLA,0,1,0,509,89
ZWbvjFC_qE21JUpGlAU0Cw,2011-09-08,HeojLizkqjubh7JCduMipg,5,"I never write these things. But I have to say that you will not be disappointed with Paletas Betty. Especially with the weather right now, it is a delicious and healthy treat, made with seasonal ingredients. I highly recommend the limón amarillo when in season. Delicious frozen lemondade/lemon drop on a stick, tossed in a sugar rub. It is for certain served in heaven. That is all.

P.S. check out the hours, yo. You know what's up.",review,vuxnLRJLT7EjjwIwycDAoA,2,2,1,434,77
XNSito__Fne14TXU0vz1Qw,2010-03-09,BE6IHqolebzmGA4dbKvoyQ,5,"So, my husband and I went to to Bombero's for happy hour. Neither of us consider ourselves wine afficianados, but we know what we like. I told the server, Tim, that I wanted a heavy red, and he delivered. It was a wonderful malbec that had deep fruity flavor and a nice hint of vanilla. It went very well with the chocolate dessert that my husband and I shared. 
In the reviews, I see that many people complain about the bread and the bruscetta. I have to say that it was wonderful to have a bread with bruschetta  that did not destroy my gums after eating it. The bread was flavorful, soft and didn't feel like it just came out of a toaster oven. The toppings were very tasty, especially the Tapenade,  the Chimmichurri and the Brie with fig. 
Overall, I thoroughly enjoyed the ambiance, the food and not having to valet the car on Central Avenue.",review,asDONZzs6AdiY2asqk8Awg,0,1,0,848,157
yQONzVpX-DEpGSuKMIov6A,2010-04-12,R-7HmdOlIBrouioPaRiP_g,4,The food here was really good. I ordered the sesamie chicken and the sauce was very good. The service was marginal at best but it didn't annoy me. I'd go back,review,19zI6jBRV9JzKQ19M6tDiA,0,0,0,158,31
-cKWUXE-16M1R15UOt6sqQ,2010-06-10,d_IcD1Ho5uZaV6e0A02nNQ,1,"I used to love Banana Republic.  I stopped by at lunch to buy a few outfits, I wasted quite a bit of time in this store...to an frazzeling degree.  The choppy layout of the new store is annoying.  The clothing line changed drastically so you look like you just came from an overpriced (and cold) beach.  I was looking to dress sharp and professional, not wrinkled and hap-hazzard.  I wanted short sleeves, not flimsy spagetti straps, long sleeved blouses and SWEATERS (hello..its JUNE...and ARIZONA.)  Banana Republic's new format and collection is a huge FAIL.",review,XmpqbfSu9X7mjwJGUXTrAQ,0,0,0,561,94
G_2CWsU7GYwhNqptrLXUBg,2010-09-12,9yrSYobZ9OlKCDNRtzTs1Q,4,"It's really easy to write reviews about places like D'licious Dishes.  This was my second visit since Petite Fromage sadly closed.  This time, I was with my mother and wife.  We each ordered a sandwich and a side salad for about $7.00 per person.  Everything was really very good.  I honestly think I would have been satisfied with only half of the cuban sandwich that I ordered, but it was so good, I had to finish it right then and there.  My wife and I are moving into a house in the Medlock Historic District, directly behind D'licious Dishes, and we have decided to make this our standing Saturday lunch spot.  I was too full to indulge in their beautiful selection of sweets, but I will be sure to dive into that area on my next visit.",review,2eVF68QkqhjPBFYI_4ErLA,1,1,0,741,137
1_EtLOR6MvjabkGFmNbQRg,2012-09-26,ya-lhmeLlwHjx5dezJaMyg,5,"I was craving some sweets today and told my husband about this place. Apparently, one needs to make an appointment but my husband made one right away when he called. We got a Baileys cupcake, a chocolate cupcake, and a carrot cupcake all of them were DELICIOUS! Seriously most gluten free pastries are horrible but these were great. We will definitely be going there frequently.",review,rnqv2DT-yo0HRIn6VOZ5Gg,0,0,0,378,65
9VZ_imQjvgtpt3k6W6AQ_A,2010-09-15,s0dRHCNMgMjDdlvG6XZ66Q,1,"So i thought with all the controversy surrounding this place, I would support the first amendment with my wallet. Unfortunately our experience here was subpar to say the least. We came in on a 3pm on Saturday and there was only one other couple inside. We were literally outnumbered by the people working there. I say this because somehow, despite this fact, the service was HORRENDOUS. I mean we got our order out fine, but our waitress dissappeared after that. At one point I had to almost get refills for us myself. The sushi itself was so overpriced for what it was. The Philadelphia roll was decent, but the California roll was really bad. When it came to paying, I put my credit card in the sleeve and waited for awhile. Despite there being no one else in the restaurant at this point except one other table, the waitress didn't return. If it wasn't for the cash I had on me I'd be waisting away there at this moment because she had no intention of returning and I have no intention of ingesting there food ever again!",review,yQgnaOeVmIXU0ZLS81SPkQ,0,0,0,1024,187
gsNv5QNfuFnD8eMhejSmGg,2011-11-14,TgehaXzkJHxD4isfJ_-lcQ,2,"The kids and I LOVE Starbucks but this one leaves a lot to be desired.. We have been here a hand full of time and each time I keep asking myself why do I go back to this one? 

The service there is almost rude. They seem as if they are annoyed to be busy. They never seem to be happy to service you. Drinks take forever to make, even though they aren't as busy as other ones are. We won't even go into the fact that my order has been messed up the last 2 times.

The main issue I have is the fact that 3 out of 5 times when sitting and relaxing with a snack, someone has to sweep the floor near me. Really? While I am sitting there?

There are much better Starbucks and I think I am going to try some others locally.


12/06 - The kids and I went in today for our ""snack"" wanted to say things were better today. I am not going to change my rating until after my next visit ;)",review,F66ALXcvZJcpGMbJ90zS8g,0,0,0,875,181
yOVydU0J5-hKODrKGhH4yg,2012-01-10,V_fuMPwTXi2bUxND--zReA,4,"I'm giving 4 stars because I just love to find this many artifacts of the basket and clay varieties when I visit a museum. It really amazes me, the craftmanship of our ancient peoples! This small museum is not part of the Science Museum circuit, so I wasn't able to use my discount or member card, but for $6 I felt it was worth the trip to check it out. Some exhibits in the kids' room have been duplicated and enhanced in the main museum hall, which was fun to compare. The outdoor area is actually a preserved portion of a reservation belonging to the Hohokum Indians and there are examples of the water distribution canals and housing styles from 300 years ago along the Salt River, AZ. Great, informative afternoon!",review,onCVo3jNuKsSk8HcpDE1sQ,0,0,0,720,131
DLOr9MYltjcu8X5kwDJgnQ,2012-03-18,KYs9AFn1CKKYTadbKXbNjQ,4,"I used to work near here and we got take out a lot. 

My favorites: spinach enchiladas, green corn tamale, chicken mini chimis ( they come with a green chile cream cheese dip, OMG). 

I loved their tex mex spin, not authentic Mexican, mind you, but tasty. 

I can't speak to the service, I rarely went in to pick up, even... I'm one of those crafty people who can get others to do that, lol. 

I liked it though.",review,BuwjlU6D4kcs1aGo7wSM4Q,0,1,0,412,79
RqbSeoeqXTwts5pfhw7nJg,2009-04-24,gjtWdiEMMfoOTCfdd3hPmA,4,"Man, if these guys were trying to replicate a gringo bar in Mexico down to every last detail, then they have it absolutely nailed. Sorry to ruin the mystery of the name. The building itself is a spectacle-- a brightly colored fusion of indoors and outdoors with a few different bars, games like the beanbag toss and televised sporting events in every direction, music blaring, a room dedicated to Elvis, and more Chuck Norris jokes than you can count plastered across the walls along with a bevy of posters advertising drink specials. A line of blue footprints painted across the concrete floor leads to the men's room, dollar signs to the ATM... genius stuff, really. It wouldn't have been at all out of place were they to have tried selling surfing monkey statues or trotting out a donkey painted like a zebra for an extra special photo opportunity.

Rumor had it that Dos Gringos had a killer Sunday brunch buffet and Bloody Mary bar, so we showed up at 10:30 AM to find... that they hadn't opened yet. A place that offers brunch but has the balls to wait until after 11 is okay in my book. Ten bucks gets you all-you-can-eat eggs, bacon, chile verde, beans, and a bunch of other stuff to tickle your fancy. There's nothing like sitting out in the sun, feeding a hangover and resuscitating last night's buzz before the clock strikes noon, and it sure beats sitting in traffic when that monstrosity of a church up the street unleashes some Old Testament fury on Alma School Road. Dos Gringos probably gets spring break wild on Friday night, but on Sunday morning, this place was just as tranquil as the doctor ordered.",review,dYtkphUrU7S2_bjif6k2uA,2,3,3,1620,287
uKSX1n1RoAzGq4bV8GPHVg,2010-10-14,3kE6UBKKUvWTpMjQYsMfjw,3,Sometimes the downside of Yelp is that you read so many great reviews for a new restaurant and you garner these very high expectations. That's what happened with St. Francis anyways. Our bartender was not friendly at all. The dessert was very good however! Hopefully next time the service will be better - sometimes you just catch people on an off night.,review,0LuN0DGTCkzpjAD3NyNN8w,0,2,0,354,62
ApUCpJ9aa6yVgsde16gYrg,2011-02-17,PPXsoCqGb3h0w-ujzD6oEA,3,"They have high definition pictures of their menu items proudly displayed on the walls, and I like that.

Regarding the Chicken Pad Thai. The chicken and tofu were cooked perfectly, but the noodles were a bit chewy.

Spring rolls were great. The pic on the menu shows them served in halves, but they arrived at our table whole.

My date had their Thai noodle bowl, and Id suggest skipping on the beef balls.  Also, its very bland if you order with no spice.

The owner recommended that we vacation in Thailand.  He also offered to install new granite flooring in out home.  Travel agent, mason, restaurateur.  He does it all.",review,pIm17SVRo8IdhGoBD4qbnA,0,0,1,624,110
muCl5p-9ut1sY0aKeUeRhw,2011-01-24,tExQf_95iNJIGsAgNf3qIQ,3,"I love Cheuvronts and have been going there regularly for years. Why only three stars then? Over the past year and a half the service has gone downhill. I find that the servers are impersonal and rigid, and sometimes a little pompous. After three or four bad experiences in a row I just don't go there anymore. They do have great cheese plates and a fantastic happy hour...just don't catch them when they have a special event going on.",review,e9d9EQqOd2-NlX8WFx0aEg,0,1,0,435,79
nMHhuYan8e3cONo3PornJA,2010-11-01,hMTocjR3ek1Ati1pl2oKLQ,3,"* 5 stars for uniqueness - This place has very interesting food and flavors that aren't common around here.

* 5 stars for the staff - Everybody was very fast and friendly.

* 5 stars for coolness of the location and the establishment - I mean it is pretty cool that this place is in a nicely redone 100-year-old house in a cool part of downtown Phoenix.  Parking is a pain though.

However.....

Besides feeling hip, cool, urban and trendy; I also felt hungry and ripped off after leaving.  Sure, I could sit there for hours sipping saki and trying every one of their tapas and probably be ok hunger-wise but  I would NOT be ok with the $100+ tab per person that it would surely be.  For me this is more of a fun/interesting place to go before you go out to dinner.",review,rLtl8ZkDX5vH5nAx9C3q5Q,1,1,0,766,144
4QtD359vkU7Jq8vP0uQEww,2012-07-10,xA66YOFvpeYye85ErIgCEw,2,"I've never had Thai food before so I suppose I have nothing to compare it to, but this restaurant didn't serve very tasty food. Maybe it was just what I ordered. I don't know. Plus it had a funny smell. It wasn't terrible but I'm not going back.",review,O0yM2ayRr6R5aYizdb6xxA,0,0,0,245,48
OSL98Keoc2FSNx4a3ge5Uw,2008-01-01,BpKazDy9V-ITVR5vJfqqog,4,"I'm not sure how I've missed trying this place, after over a decade of living in the Valley, partly as an ASU student in need of a good hang-over recovery joint. I can't believe I relied exclusively on the IHOP on Apache Blvd, all those years in Tempe. Dammit!

It was packed on the New Year's Day morning I came here with a friend. The service was a bit slow but on par with my expectations for a jam-packed popular breakfast joint on New Year's Day. I ordered a calorie-laden Cajun skillet with scrambled eggs. I'm knocking off a star because the chicken pieces were too dry for my taste. But the rest of the skillet was very good. The service was friendly and professional. Wildcats beware, lots of ASU students within.",review,17PPxx8RxjOUD_nQZ1aHEw,3,2,0,722,132
_CG5zJAoNN6gszjhSyUcww,2012-06-17,E3816qsDqj9yCAPEpx5fOg,5,"So yummy in my tummy. My sister and I went here for dinner and the food was as always-- very yummy. We had the marinated BBQ pork and the seafood hot pot at hot. We finished half the of the plates because they give you a lot. It would be better of the price wasn't as pricey. But overall, awesome service and yummy food! We will be back!!

They first serve you lil condiment plates from seaweed to kimchi (spicy marinated cabbage that has been fermentated). When they serve you your food, they will ask if you want egg in the soup-- of course!!! They crack it in front of you in the sizzling hot soup...drools. Serving you some extra rice for the soup and pork. We had to pack to go boxes because it was a lot of food. 

Today, we went again for Father's Day and our family agreed this was so yummy. We had the BBQ pork again with Dumpling Tofu soup (""Yum-O"" Rachael Ray) and Bibimbap with rice! The Bibimbap was okay but everything was excellent. Our family of five finished nearly everything. :D so GOOOOOD! Going to come back soon! 

Check this place out!",review,HnqzojvN3AyZHjslUlxiJQ,0,2,0,1058,199
ZG4oIFBRlXyaF5F9L3dzxg,2012-10-10,yMiNSE7ymTrQBpdKNYG-Jg,1,"PIECE OF **** manager wouldn't put air conditioning on yesterday. It was 90.
They just lost alot of business.",review,-xGJ4pQ_0tSkNAUCsuq4SQ,1,2,0,109,19
dpbY5XypBdeFmo8DsZ-DNQ,2010-10-06,AMAWmuGqhvfEX-JT8o46tA,5,"Southwest blows its competitors so far out of the water I actually feel bad for the other airlines.  
1. Of the countless times I've flown with them, my flight has been delayed only twice and both times less than one hour.
2. NO BAG FEES.  
3. Nine times out of ten the lowest price.
4. Killer customer service, laced with sarcasm, veiled cynicism, and high efficiency.  I love it.
5. They never give me an inquisitive look when I order a cocktail on the super early morning flights.  Thank you for not judging me, SW Flight Attendants.",review,0CRk-70pIHwk16iKGVCpxw,6,9,10,536,97
KCpBGuUFnOKEAS8gLAhyaA,2010-08-19,3vCkW5w6WrRms9Lon8jzHg,2,"This gas station is like the bermuda triangle of gas stations!
I came here w/ a friend on a first friday, she was DD'ing and i was her passenger ""and i ride and i ride i ride through the city's backside.."" until we eventually reached E and desperatly needed petrol. Like a suspicious siren this little green long necked demon sang to us, luring us in w/ his dino siren song. As we pulled in a car was broken down near the entrance and several dudes were milling around the engine, hood propped open, pondering their next move. I grimaced at their misfortune. We filled up, i strolled inside to pay for my friend Kathy's gas and get some munchies. I walk back out to her car and pump her gas, we chat and make jokes. All the while i notice Kathy is so sketched out, ( a case of white girl from the burbs out of her comfort zone late at night down town).
Gas pumped check. We climb back in, she turns the key in the ignition, and dead silence. A mere clicking and then nothing. SSSHHHIIIIIIITTTT.
she starts panicking, i can only help but laugh at our misfortune. Two cars in the same gas station broken down.
Our situation only seemed more dire as time passed, and each car that came to Sinclair refused to help us, or just shirked us off w/ some lame excuse.
It was only until two young mexican teenagers came to our rescue that we were able to move. the other car had managed to start up, and the boys asked the men in spanish if they could give us a jump, reluctantly they agreed. The Mexican men swung their beater over towards Kathy's engine and we hooked up the cables and...LIFE!
we said our thank yous and shook hands, and then brought the teens back to their homes, much to the protest of my scared white girl associate. 
Had it not been for those wonderful people we'd have been stranded at the Bermuda Sinclair possibly till day break.",review,pv82zTlB5Txsu2Pusu__FA,0,2,1,1845,347
EYRqt6hDb2Y9gl0si0NdXA,2011-02-09,-lEGHZa8ak_c-kYCvN-30A,3,"If you have to travel to Phoenix (Yay!) then chances are you have to travel through Sky Harbor (Boo!). There's also a decent chance you'll consider traveling on Southwest (Boo!) but as airlines (Boo!) in Sky Harbor (Boo!) go, you can do worse than Southwest.

I'm not a huge fan of Southwest, although I'll give credit where credit is due, and that bags fly free thing is genius. Combine one of my least favorite carriers with what is probably my least favorite airport and you've got a recipe for disaster, but somehow it works out in Southwest's benefit. The gates are just as hard to reach for SWest as other carriers, and you're not banished to the edge of the universe for check-in or for baggage claim. They've got a decent presence here, so you may actually find a human who can help should you have a problem.

Yes, they may leave you stranded on the runway for a while in 100 degree plus weather (check) or force you to dash across the airport with late arriving flights (check) but every once in a while it's a painless operation.",review,mEMun-MSV-Rke3oB8qD_Cw,2,5,2,1040,189
m5i2s4k994c8QumJPRNjGw,2007-11-29,SYK_LgV8wDoezdu9acfz2w,1,"Ok, so I have to share my morning experience. But first I must start off by saying this: I'm no moron. Honest. 

So, this morning I stopped for gas. My tank was getting dangerously low and there was no way I'd make it to work. That's okay, for I allotted time this morning for re-filling my tank. From my casa, I turned East on Indian School, vaguely remembering there's a Quick Trip nearby. Perfect. I had stopped there before. 

But it wasn't a Quick Trip I saw at the corner of Central and Indian School. Not wanting to risk running out of gas, I opted to stop here, at this ampm station. 

I pulled up to the closest gas tank, got out of my car, took off my gas cap and reached for the gas nozzle. Only then I discovered there was no pay-at-the-pump option. The short notice on the pump said to select my grade and start filling. ""Wow,"" I thought, ""It's so odd for a station to trust people - especially in this area - to not drive off without paying."" 

So, I followed the instructions, but nothing happened. I kept hitting the grade button. It kept beeping back at me. Still nothing. To top it off (no pun intended), the nozzle was wrapped in this huge rubber tube thing that compressed when I applied pressure to the handle. I had never seen anything like it. 

Thinking my particular pump was fuct up, I pulled my car up to the next one. That's when I saw it - this strange machine, like an Amtrack ticket dispenser. I approached with curiously. That's when I realized. You swipe your card at this central machine (or deposit cash, if that's your preference) and then go back to your pump. Ah-ha. This is how this station works. So, I did just that. I punched in my gas pump number (4) and went back to my car to re-fill the tank. Already annoyed at this point, I figured I'd pump enough gas to get me through the next couple of days. 

Only, it wasn't pumping. The long rubber thingy was hindering my ability to hook the nozzle up to my gas tank. UGH. So, that's when I flexed my muscles and applied enough pressure to squeeze out $12 worth of gas. Then I re-hooked the nozzle on its perch and walked back to the strange machine for my receipt - it told me to do so when I swiped my card. Only, no receipt came out. I punched the keypad with defiance and walked off. 

Stupid ampm station. Since when does any gas station benefit from being different? I'm so used to pay-at-the-pump; you just swipe your card, select your grade, pump your gas, grab your receipt and go. Quick Trip doesn't torment me like this. There is no rubber nozzle thingy in my way. Grr. Screw this. I'm never going back there again. 


(Disclaimer: Said writer of review graduated high school with a 3.98 G.P.A  and attended a well accredited college of her choice, where you went on to graduate with honors, having made the Dean's and President's Honor roll more than once. Said writer of review also has street smarts and is able to saddle and ride a horse, do unimaginable cool things with a twisty tie and throw some mean Muay Thai elbows.)",review,APLIPfq1Rf8QyhHHk2uAyA,0,1,3,3026,563
iDYzGVIF1TDWdjHNgNjCVw,2008-03-10,epmHGGJQ_GmdrM1hY6_rJA,3,"what better way to end a perfect Spring training baseball day than with a marg, Mexican food and your girlfriends...
the local in the group said this place would be crowded on a Sat night, so we weren't surprised with the wait time, but if a place is used to being crowded....they should have a better wait plan. if the bar is full (which it was for a bit), there is not much space to hang and wait, once we got to our table, our waitress spaced....got us water and then never came back. i liked the menu, as it spiced up some of the normal Mexican fare...like the shrimp chilaquiles with chipotle cream sauce that was great! the guac is good, but deceiving as it comes out in this huge mound served in a pestle...in actuality, there is a lot of lettuce on bottom then cup of guac. and my house margarita was more tangy mixer than tequila, kinda ick.

i think this place has potential and i might try it again if i could do it on a weeknight, but for now it just gets my average.",review,4GJWpmNh6RIe0AW4wj8PEg,3,3,0,979,189
_FXql6eVhbM923RdCi94SA,2012-01-03,GZ7jHYxZh0zC9wooSyhKfw,5,"Been here twice now and wish I could say more. The food is delicious, the set up is really relaxing and service is great. A great place to take an out of town guest. Happy hour menu has these amazing tofu tacos that I highly recommend. My boyfriend had the Pork tacos which he said were also delish. Definitely check this place out!!",review,3x1MykIUtUJjIUk-pji2WQ,0,1,0,333,63
sbjb1qNUcqQomJvcgPuJCg,2011-07-09,UQIF-LcaZvaichyXhasrgw,3,"Update:  Unfortunately... the last two times we've come back, the food was just ok.  Definitely not $140.00 great.   We even went for their three plate combo for $40.00 / person, and the cupcake it came with, I only took 1 bite.  I didn't even see the chocolate explosion on the menu... very disappointing.  It would be good, if it was cheaper - but at $140.00, you really want to be wowed...  and that hasn't happened.",review,zSQps4R-_w8YkjDtgIsfiw,0,0,0,419,75
